the	1036
of	1012
and	1011
to	1008
a	996
in	993
for	977
is	967
on	957
by	953
that	953
this	951
with	950
i	949
you	948
it	945
not	942
or	941
are	938
be	938
at	936
from	936
as	935
all	931
your	931
have	919
more	919
new	919
an	918
was	917
we	914
will	913
home	911
about	909
can	909
us	909
if	905
my	903
page	903
has	902
free	901
search	901
but	900
one	900
our	900
other	899
do	898
information	897
no	897
time	896
they	895
he	893
site	893
may	892
up	892
what	891
which	891
their	889
news	888
out	887
use	886
any	885
there	885
see	883
his	882
only	882
so	882
contact	881
here	881
when	881
business	880
who	880
also	879
help	879
now	879
web	879
c	878
get	878
online	878
pm	878
view	878
e	877
am	876
been	876
first	876
how	876
were	876
would	876
me	875
s	875
services	875
some	874
click	873
these	873
its	872
like	872
service	872
x	871
find	870
price	870
than	870
back	869
date	869
top	869
had	868
people	868
just	867
list	867
name	867
over	866
state	866
day	865
email	865
into	865
year	865
health	864
n	864
two	864
world	864
next	863
re	863
b	862
go	862
last	862
most	862
music	862
products	862
used	862
work	862
buy	861
data	861
make	861
them	861
product	860
should	860
system	860
add	859
city	859
her	859
post	859
t	859
available	858
number	858
please	858
policy	858
such	858
after	857
best	857
copyright	857
message	857
software	857
support	857
then	857
d	856
good	856
jan	856
video	856
well	856
where	856
info	855
rights	855
books	854
high	854
public	854
school	854
each	853
links	853
m	853
order	853
review	853
she	853
through	853
years	853
book	852
items	852
privacy	852
very	852
company	851
group	851
r	851
read	851
sex	851
de	850
does	850
many	850
need	850
said	850
set	850
under	850
user	850
full	849
games	849
general	849
january	849
know	849
life	849
mail	849
map	849
program	849
research	849
reviews	849
university	849
way	849
could	848
days	848
great	848
management	848
p	848
part	848
united	848
center	847
ebay	847
f	847
hotel	847
international	847
item	847
must	847
real	847
comments	846
development	846
made	846
report	846
store	846
travel	846
details	845
line	845
member	845
off	845
before	844
did	844
hotels	844
right	844
send	844
terms	844
type	844
because	843
education	843
local	843
national	843
office	843
results	843
those	843
using	843
address	842
car	842
community	842
design	842
internet	842
posted	842
states	842
take	842
within	842
area	841
between	841
dvd	841
family	841
forum	841
phone	841
reserved	841
shipping	841
subject	841
want	841
based	840
code	840
l	840
long	840
w	840
being	839
black	839
check	839
even	839
index	839
o	839
prices	839
show	839
special	839
website	839
file	838
link	838
much	838
open	838
sign	838
south	838
technology	838
today	838
women	838
case	837
found	837
own	837
pages	837
project	837
same	837
section	837
sports	837
uk	837
version	837
american	836
both	836
county	836
g	836
game	836
house	836
members	836
photo	836
power	836
related	836
security	836
care	835
computer	835
down	835
network	835
systems	835
three	835
total	835
while	835
access	834
big	834
current	834
download	834
end	834
following	834
h	834
him	834
media	834
north	834
per	834
place	834
posts	834
resources	834
think	834
without	834
art	833
board	833
control	833
directory	833
guide	833
history	833
including	833
law	833
personal	833
pictures	833
shop	833
since	833
size	833
water	833
change	832
children	832
government	832
location	832
rate	832
rating	832
small	832
text	832
white	832
account	831
digital	831
during	831
level	831
profile	831
return	831
shopping	831
sites	831
students	831
times	831
usa	831
v	831
call	830
department	830
events	830
form	830
hours	830
image	830
john	830
love	830
main	830
old	830
previous	830
description	829
insurance	829
k	829
non	829
title	829
y	829
another	828
cd	828
class	828
content	828
country	828
every	828
listing	828
money	828
property	828
quality	828
shall	828
still	828
why	828
customer	827
little	827
low	827
private	827
reply	827
save	827
tools	827
visit	827
article	826
card	826
college	826
compare	826
december	826
food	826
include	826
j	826
jobs	826
man	826
movies	826
provide	826
source	826
value	826
york	826
around	825
author	825
canada	825
course	825
credit	825
different	825
job	825
learn	825
press	825
print	825
process	825
room	825
sale	825
stock	825
teen	825
too	825
training	825
u	825
advanced	824
categories	824
english	824
join	824
look	824
men	824
point	824
sales	824
science	824
west	824
box	823
conditions	823
estate	823
left	823
select	823
team	823
windows	823
category	822
gallery	822
gay	822
large	822
live	822
note	822
photos	822
register	822
table	822
thread	822
week	822
action	821
air	821
features	821
however	821
human	821
industry	821
june	821
library	821
market	821
model	821
november	821
october	821
plan	821
really	821
series	821
start	821
accessories	820
better	820
cost	820
forums	820
hot	820
la	820
march	820
movie	820
provided	820
questions	820
required	820
say	820
second	820
september	820
tv	820
yes	820
come	819
dec	819
friend	819
going	819
july	819
medical	819
pc	819
server	819
test	819
yahoo	819
again	818
application	818
april	818
articles	818
cart	818
feedback	818
issues	818
looking	818
play	818
san	818
staff	818
study	818
against	817
comment	817
complete	817
financial	817
never	817
person	817
standard	817
street	817
tax	817
things	817
topic	817
users	817
working	817
below	816
blog	816
equipment	816
got	816
less	816
let	816
login	816
mobile	816
party	816
payment	816
student	816
above	815
act	815
give	815
legal	815
memory	815
offers	815
park	815
performance	815
problem	815
programs	815
recent	815
red	815
side	815
stores	815
august	814
body	814
create	814
experience	814
key	814
language	814
options	814
q	814
quote	814
rates	814
sell	814
social	814
story	814
america	813
east	813
few	813
field	813
important	813
paper	813
single	813
young	813
activities	812
additional	812
age	812
ca	812
changes	812
club	812
example	812
gift	812
girls	812
ii	812
latest	812
night	812
password	812
question	812
road	812
something	812
z	812
always	811
browse	811
building	811
court	811
february	811
four	811
hard	811
issue	811
oct	811
pay	811
poker	811
range	811
result	811
seller	811
status	811
texas	811
al	810
analysis	810
audio	810
blue	810
china	810
easy	810
event	810
fax	810
files	810
given	810
groups	810
light	810
nov	810
offer	810
release	810
request	810
war	810
write	810
areas	809
future	809
major	809
making	809
might	809
month	809
needs	809
picture	809
possible	809
professional	809
star	809
yet	809
become	808
california	808
cards	808
child	808
committee	808
enter	808
garden	808
hand	808
id	808
interest	808
keep	808
london	808
meeting	808
porn	808
problems	808
rss	808
schools	808
share	808
similar	808
space	808
sun	808
washington	808
added	807
baby	807
companies	807
delivery	807
energy	807
learning	807
listed	807
million	807
net	807
popular	807
reference	807
run	807
term	807
central	806
co	806
computers	806
film	806
god	806
images	806
journal	806
notice	806
president	806
put	806
reports	806
stories	806
try	806
welcome	806
agreement	805
archive	805
australia	805
away	805
cell	805
color	805
council	805
discussion	805
entertainment	805
format	805
head	805
includes	805
least	805
log	805
months	805
once	805
original	805
others	805
radio	805
safety	805
self	805
society	805
track	805
until	805
able	804
association	804
cars	804
david	804
edition	804
faq	804
friends	804
further	804
having	804
marketing	804
messages	804
provides	804
sure	804
tell	804
trade	804
updated	804
already	803
arts	803
ask	803
called	803
close	803
collection	803
common	803
display	803
drive	803
feb	803
fun	803
gold	803
green	803
limited	803
living	803
lot	803
means	803
powered	803
sep	803
several	803
short	803
solutions	803
specific	803
studies	803
beach	802
daily	802
database	802
director	802
due	802
electronics	802
et	802
five	802
natural	802
official	802
past	802
period	802
planning	802
says	802
upon	802
whether	802
average	801
calendar	801
conference	801
direct	801
district	801
done	801
environment	801
france	801
island	801
land	801
mar	801
microsoft	801
pro	801
record	801
records	801
region	801
st	801
technical	801
weather	801
window	801
applications	800
aug	800
costs	800
downloads	800
early	800
either	800
ever	800
front	800
miles	800
parts	800
present	800
resource	800
sound	800
statement	800
style	800
update	800
url	800
adult	799
ago	799
apr	799
bill	799
centre	799
cheap	799
document	799
federal	799
final	799
hosting	799
material	799
nude	799
requirements	799
rules	799
talk	799
thing	799
tickets	799
via	799
word	799
works	799
written	799
auto	798
bad	798
cover	798
else	798
europe	798
finance	798
gifts	798
individual	798
kids	798
mark	798
minutes	798
plus	798
reading	798
rock	798
third	798
tips	798
topics	798
true	798
usually	798
economic	797
edit	797
en	797
fact	797
far	797
fast	797
function	797
getting	797
global	797
lyrics	797
meet	797
often	797
percent	797
player	797
projects	797
submit	797
subscribe	797
tech	797
together	797
unit	797
videos	797
advertising	796
amount	796
bank	796
commercial	796
deals	796
everything	796
feel	796
germany	796
heart	796
included	796
james	796
jul	796
linux	796
production	796
risk	796
thanks	796
though	796
town	796
various	796
watch	796
weight	796
words	796
archives	795
camera	795
choose	795
clear	795
construction	795
currently	795
error	795
girl	795
golf	795
jun	795
knowledge	795
magazine	795
newsletter	795
points	795
receive	795
received	795
registered	795
toys	795
treatment	795
beauty	794
cases	794
chapter	794
domain	794
half	794
india	794
known	794
listings	794
loan	794
makes	794
manager	794
methods	794
michael	794
models	794
policies	794
position	794
protection	794
sort	794
step	794
taken	794
wide	794
annual	793
basic	793
church	793
corporate	793
customers	793
engineering	793
florida	793
friday	793
google	793
lake	793
later	793
license	793
method	793
none	793
paul	793
published	793
purchase	793
quick	793
shows	793
simple	793
sony	793
whole	793
wireless	793
active	792
along	792
among	792
brand	792
chat	792
countries	792
created	792
death	792
designed	792
discount	792
effects	792
enough	792
face	792
figure	792
fire	792
hardware	792
higher	792
holiday	792
html	792
loss	792
materials	792
practice	792
response	792
speed	792
writing	792
advertise	791
africa	791
availability	791
base	791
bit	791
doing	791
entry	791
environmental	791
french	791
increase	791
japan	791
kingdom	791
loans	791
nature	791
near	791
oh	791
oil	791
orders	791
political	791
remember	791
shoes	791
standards	791
stay	791
storage	791
stuff	791
summary	791
thought	791
yellow	791
activity	790
ad	790
agency	790
although	790
bay	790
cash	790
commission	790
copy	790
drug	790
employment	790
european	790
force	790
growth	790
income	790
king	790
mean	790
monday	790
notes	790
overall	790
pics	790
river	790
turn	790
western	790
administration	789
album	789
bar	789
build	789
contents	789
dog	789
double	789
engine	789
exchange	789
institute	789
lines	789
package	789
plans	789
players	789
port	789
regional	789
screen	789
seen	789
soon	789
sponsored	789
started	789
stop	789
supplies	789
types	789
views	789
across	788
anything	788
apply	788
asked	788
believe	788
benefits	788
condition	788
continue	788
effect	788
effective	788
electronic	788
eur	788
held	788
mind	788
needed	788
ny	788
organization	788
printer	788
season	788
selection	788
someone	788
sunday	788
addition	787
anyone	787
came	787
casino	787
corporation	787
cross	787
hope	787
inside	787
lost	787
mature	787
menu	787
mortgage	787
pdf	787
rather	787
role	787
silver	787
solution	787
tour	787
volume	787
weeks	787
wish	787
according	786
certain	786
clothing	786
com	786
dc	786
executive	786
fine	786
homepage	786
hour	786
jewelry	786
lower	786
mon	786
names	786
necessary	786
nothing	786
particular	786
robert	786
running	786
supply	786
union	786
usr	786
advice	785
bid	785
british	785
bush	785
cable	785
career	785
decision	785
facilities	785
gas	785
huge	785
islands	785
kind	785
leave	785
middle	785
military	785
move	785
opportunities	785
pre	785
rental	785
sat	785
sellers	785
six	785
skills	785
taking	785
teens	785
woman	785
zip	785
actually	784
appropriate	784
band	784
capital	784
christmas	784
client	784
coming	784
culture	784
division	784
england	784
flash	784
follow	784
investment	784
length	784
lesbian	784
logo	784
machine	784
nice	784
object	784
ok	784
returns	784
sample	784
saturday	784
score	784
sent	784
shown	784
statistics	784
tuesday	784
values	784
airport	783
allow	783
artist	783
channel	783
choice	783
consumer	783
contract	783
courses	783
degree	783
foreign	783
fri	783
fund	783
furniture	783
george	783
hi	783
ideas	783
lead	783
letter	783
levels	783
mode	783
ms	783
outside	783
phones	783
registration	783
starting	783
structure	783
summer	783
thursday	783
wednesday	783
went	783
almost	782
asian	782
button	782
cause	782
cnet	782
custom	782
distribution	782
editor	782
fall	782
featured	782
female	782
focus	782
homes	782
hp	782
idea	782
industrial	782
inn	782
late	782
located	782
los	782
ltd	782
male	782
matter	782
multiple	782
potential	782
releases	782
responsible	782
rooms	782
song	782
super	782
took	782
virginia	782
wed	782
answer	781
approach	781
associated	781
bed	781
brown	781
browser	781
cameras	781
cancer	781
comes	781
communication	781
communications	781
deal	781
documents	781
eg	781
everyone	781
feature	781
foundation	781
friendly	781
hill	781
inc	781
independent	781
ip	781
maps	781
medicine	781
numbers	781
operating	781
physical	781
police	781
primary	781
purpose	781
reason	781
schedule	781
spring	781
thomas	781
tool	781
voice	781
win	781
animal	780
chicago	780
developed	780
feed	780
forms	780
glass	780
happy	780
hold	780
mexico	780
pa	780
population	780
prior	780
ratings	780
ready	780
safe	780
smith	780
sources	780
sport	780
survey	780
telephone	780
thank	780
tue	780
unique	780
wanted	780
anti	779
ass	779
blood	779
built	779
christian	779
connection	779
cut	779
earth	779
evidence	779
favorite	779
hall	779
impact	779
improve	779
introduction	779
kitchen	779
larger	779
master	779
navigation	779
networks	779
nokia	779
operations	779
option	779
parents	779
paypal	779
probably	779
publications	779
publisher	779
recently	779
regular	779
rentals	779
round	779
sea	779
secure	779
simply	779
station	779
strong	779
therefore	779
thu	779
transfer	779
understand	779
valley	779
worldwide	779
accommodation	778
anal	778
award	778
basis	778
carolina	778
cities	778
classic	778
command	778
disease	778
distance	778
excellent	778
express	778
ground	778
hair	778
hospital	778
italy	778
kit	778
opportunity	778
overview	778
owners	778
paid	778
perfect	778
properties	778
ship	778
tel	778
tree	778
tx	778
wedding	778
william	778
amazon	777
assessment	777
beautiful	777
boy	777
budget	777
el	777
ensure	777
especially	777
existing	777
extra	777
flowers	777
forward	777
guides	777
horse	777
ie	777
interface	777
involved	777
lists	777
locations	777
ma	777
maximum	777
operation	777
partners	777
patients	777
peter	777
pussy	777
quite	777
rated	777
restaurants	777
selected	777
significant	777
stars	777
success	777
technologies	777
thus	777
vote	777
wall	777
warning	777
wine	777
agent	776
animals	776
authority	776
bin	776
bring	776
catalog	776
considered	776
directly	776
est	776
feet	776
gmt	776
housing	776
iii	776
input	776
joined	776
mac	776
manufacturer	776
max	776
modern	776
mother	776
owner	776
programme	776
providing	776
retail	776
rule	776
searches	776
senior	776
son	776
strategy	776
takes	776
told	776
traffic	776
trying	776
useful	776
valid	776
ways	776
xml	776
abstract	775
asia	775
canadian	775
charge	775
chinese	775
cool	775
develop	775
door	775
educational	775
enterprise	775
entire	775
fitness	775
fl	775
football	775
funds	775
grand	775
greater	775
instead	775
ireland	775
leading	775
likely	775
mb	775
md	775
metal	775
mr	775
normal	775
opinion	775
output	775
positive	775
sexy	775
ships	775
teaching	775
testing	775
trial	775
units	775
uses	775
wrote	775
academic	774
ads	774
alternative	774
artists	774
assistance	774
century	774
completed	774
components	774
contains	774
employees	774
expected	774
fees	774
graphics	774
guest	774
il	774
indian	774
java	774
mary	774
multi	774
pass	774
photography	774
prev	774
processing	774
publication	774
relations	774
republic	774
resolution	774
responsibility	774
ring	774
seems	774
session	774
skin	774
trust	774
vacation	774
van	774
allows	773
behind	773
boys	773
buying	773
consider	773
dating	773
deep	773
default	773
filter	773
floor	773
german	773
grade	773
hit	773
int	773
iraq	773
longer	773
mailing	773
match	773
morning	773
mountain	773
northern	773
organizations	773
otherwise	773
outdoor	773
pacific	773
panel	773
plant	773
pop	773
proposed	773
protein	773
reported	773
require	773
rest	773
transportation	773
vehicle	773
ability	772
approved	772
authors	772
background	772
boards	772
born	772
character	772
detailed	772
disclaimer	772
except	772
eye	772
faculty	772
fish	772
goods	772
internal	772
japanese	772
maintenance	772
maybe	772
membership	772
mini	772
mission	772
mm	772
modified	772
pack	772
parties	772
partner	772
politics	772
pool	772
race	772
recommended	772
released	772
richard	772
sense	772
stage	772
string	772
target	772
unless	772
usb	772
answers	771
awards	771
battery	771
boston	771
brands	771
break	771
core	771
dance	771
debt	771
defined	771
device	771
ed	771
established	771
etc	771
fee	771
functions	771
incest	771
interested	771
itself	771
keywords	771
las	771
medium	771
moving	771
msn	771
papers	771
phentermine	771
php	771
places	771
playing	771
pressure	771
pretty	771
purposes	771
rape	771
reader	771
rent	771
sets	771
southern	771
spain	771
studio	771
submitted	771
television	771
throughout	771
trademarks	771
virtual	771
winter	771
wood	771
yourself	771
youth	771
agents	770
aid	770
apple	770
block	770
dark	770
enjoy	770
external	770
host	770
increased	770
instructions	770
isbn	770
le	770
manual	770
martin	770
min	770
minimum	770
offered	770
programming	770
regarding	770
remote	770
remove	770
subjects	770
surface	770
teachers	770
theory	770
variety	770
visual	770
associates	769
az	769
beginning	769
businesses	769
capacity	769
civil	769
classes	769
desktop	769
driver	769
electric	769
fair	769
fat	769
father	769
finally	769
fixed	769
fully	769
gets	769
hands	769
instruments	769
jersey	769
officer	769
ohio	769
paris	769
quotes	769
repair	769
requires	769
saw	769
sector	769
songs	769
steel	769
un	769
understanding	769
updates	769
wrong	769
agree	768
benefit	768
beyond	768
campus	768
careers	768
coast	768
creative	768
dead	768
devices	768
eyes	768
farm	768
fiction	768
fucking	768
funding	768
georgia	768
grant	768
hear	768
lord	768
mi	768
mike	768
peace	768
poor	768
procedures	768
progress	768
pst	768
relationship	768
respect	768
restaurant	768
showing	768
sometimes	768
specified	768
sub	768
teacher	768
tom	768
traditional	768
trip	768
unknown	768
watches	768
workers	768
worth	768
xxx	768
accepted	767
agencies	767
blogs	767
cat	767
columbia	767
complex	767
die	767
dr	767
evaluation	767
families	767
fan	767
flat	767
flow	767
former	767
galleries	767
goes	767
hits	767
implementation	767
interesting	767
jack	767
led	767
literature	767
michigan	767
museum	767
parent	767
presented	767
references	767
respective	767
scale	767
setting	767
spanish	767
stand	767
ten	767
th	767
themselves	767
transport	767
wife	767
zone	767
african	766
angeles	766
australian	766
begin	766
bottom	766
changed	766
chief	766
clean	766
colorado	766
critical	766
definition	766
detail	766
economy	766
employee	766
frame	766
francisco	766
gives	766
guidelines	766
guy	766
heard	766
helpful	766
highest	766
individuals	766
kb	766
largest	766
laws	766
magazines	766
monthly	766
musical	766
networking	766
packages	766
path	766
pet	766
relevant	766
royal	766
russian	766
secretary	766
switch	766
titles	766
advance	765
allowed	765
applied	765
army	765
attention	765
auction	765
basket	765
bible	765
charles	765
chris	765
connect	765
correct	765
cup	765
demand	765
described	765
dev	765
diet	765
difference	765
elements	765
firm	765
gear	765
illinois	765
installation	765
justice	765
lee	765
lots	765
na	765
nation	765
older	765
os	765
piece	765
pp	765
regulations	765
selling	765
seven	765
sheet	765
skip	765
species	765
square	765
suite	765
vegas	765
vol	765
weekly	765
accept	764
actions	764
ball	764
calls	764
cells	764
certificate	764
chance	764
clients	764
couple	764
coverage	764
directions	764
discuss	764
documentation	764
dvds	764
ending	764
facility	764
fashion	764
forest	764
giving	764
jump	764
listen	764
looks	764
minister	764
module	764
monitor	764
motion	764
pricing	764
random	764
resort	764
trading	764
vision	764
visitors	764
whose	764
accounts	763
actual	763
amateur	763
announcements	763
appear	763
automotive	763
bob	763
clinical	763
commerce	763
communities	763
currency	763
determine	763
developing	763
difficult	763
emergency	763
ex	763
fit	763
goal	763
highly	763
historical	763
leather	763
lives	763
lowest	763
markets	763
met	763
milf	763
naked	763
pain	763
palm	763
patient	763
perhaps	763
persons	763
publishing	763
ringtones	763
satellite	763
sciences	763
scientific	763
situation	763
sold	763
stone	763
successful	763
temperature	763
tests	763
village	763
wind	763
architecture	762
au	762
balance	762
buyer	762
closed	762
coffee	762
cultural	762
cum	762
easily	762
edge	762
factors	762
fi	762
ford	762
functional	762
graduate	762
holidays	762
ice	762
initial	762
label	762
llc	762
monitoring	762
nc	762
oral	762
particularly	762
pink	762
poster	762
replies	762
root	762
scott	762
settings	762
shot	762
steve	762
thinking	762
www	762
xbox	762
zealand	762
accounting	761
apparel	761
bag	761
breast	761
bus	761
canon	761
chair	761
cold	761
context	761
continued	761
count	761
crime	761
dictionary	761
effort	761
fantasy	761
fields	761
fishing	761
foot	761
generally	761
hardcore	761
install	761
league	761
letters	761
manufacturing	761
mass	761
minute	761
motor	761
optional	761
phase	761
po	761
professor	761
provider	761
recommend	761
sec	761
sections	761
shirt	761
techniques	761
va	761
waste	761
brought	760
bug	760
chemical	760
claim	760
component	760
diamond	760
doctor	760
dollars	760
driving	760
enable	760
exercise	760
generation	760
guarantee	760
heat	760
himself	760
ibm	760
israel	760
johnson	760
kansas	760
leader	760
measures	760
mid	760
miss	760
nor	760
patch	760
permission	760
processes	760
quickly	760
rd	760
reduce	760
religion	760
santa	760
sc	760
se	760
soft	760
surgery	760
task	760
websites	760
wild	760
alone	759
apartments	759
argument	759
arizona	759
attorney	759
auctions	759
characters	759
classifieds	759
competition	759
congress	759
creating	759
di	759
drugs	759
eastern	759
factor	759
flight	759
freedom	759
fresh	759
fuck	759
fuel	759
growing	759
hearing	759
interests	759
italian	759
jim	759
joint	759
jones	759
keyword	759
km	759
meetings	759
paperback	759
pick	759
pocket	759
premium	759
produced	759
providers	759
rose	759
saint	759
seconds	759
servers	759
stream	759
supported	759
thousands	759
upgrade	759
username	759
wait	759
walk	759
ac	758
admin	758
administrative	758
affiliate	758
began	758
bondage	758
configuration	758
covered	758
creek	758
dates	758
defense	758
del	758
designated	758
efforts	758
entries	758
errors	758
essential	758
ft	758
ga	758
generated	758
guys	758
heavy	758
immediately	758
informed	758
integrated	758
joe	758
labor	758
limit	758
load	758
louis	758
machines	758
myself	758
nursing	758
platform	758
practices	758
prime	758
quantity	758
recovery	758
reporting	758
samsung	758
serious	758
shops	758
signed	758
sorted	758
steps	758
tags	758
therapy	758
thoughts	758
tours	758
upper	758
urban	758
worked	758
acceptance	757
affairs	757
ar	757
became	757
campaign	757
cds	757
challenge	757
claims	757
cock	757
compliance	757
comprehensive	757
drop	757
examples	757
expert	757
finding	757
goals	757
guitar	757
hire	757
im	757
improvement	757
intended	757
ipod	757
languages	757
marine	757
merchant	757
mo	757
motorola	757
orange	757
pennsylvania	757
porno	757
presentation	757
prevent	757
protect	757
rich	757
sa	757
saying	757
seem	757
solid	757
spirit	757
strategies	757
theme	757
touch	757
towards	757
universal	757
vehicles	757
vs	757
abuse	756
affiliates	756
avoid	756
birth	756
branch	756
breakfast	756
certified	756
chain	756
charges	756
column	756
computing	756
corner	756
define	756
election	756
element	756
facts	756
faith	756
gave	756
interactive	756
kong	756
latin	756
leadership	756
magic	756
manage	756
mount	756
multimedia	756
ones	756
oregon	756
plants	756
procedure	756
quarter	756
racing	756
rank	756
reasons	756
religious	756
requests	756
separate	756
serve	756
smart	756
suggest	756
tables	756
talking	756
tits	756
virus	756
xp	756
approximately	755
attack	755
automatically	755
avenue	755
bridge	755
camp	755
centers	755
comparison	755
counter	755
cvs	755
damage	755
des	755
developer	755
died	755
dollar	755
domestic	755
eu	755
extended	755
failure	755
fill	755
films	755
follows	755
gamma	755
houston	755
identify	755
inch	755
lab	755
mental	755
minnesota	755
missing	755
moment	755
moved	755
movement	755
native	755
ontario	755
opening	755
placed	755
plastic	755
printing	755
produce	755
reach	755
recipes	755
recommendations	755
reserve	755
sequence	755
sitemap	755
snow	755
sorry	755
truth	755
viewed	755
weekend	755
williams	755
adventure	754
advertisement	754
approval	754
assistant	754
ave	754
baseball	754
cc	754
chart	754
clubs	754
cm	754
codes	754
compared	754
completely	754
contacts	754
determined	754
dj	754
draft	754
equal	754
expect	754
extension	754
forces	754
fort	754
funny	754
golden	754
gone	754
headlines	754
institutions	754
jackson	754
jesus	754
kinds	754
lcd	754
leaders	754
lighting	754
matching	754
offering	754
owned	754
parking	754
played	754
posters	754
profit	754
readers	754
russia	754
seattle	754
senate	754
shirts	754
statements	754
teams	754
variable	754
wa	754
wholesale	754
wi	754
workshop	754
yesterday	754
applicable	753
assembly	753
basketball	753
boat	753
brain	753
brother	753
classical	753
criminal	753
ct	753
dedicated	753
delete	753
direction	753
disc	753
dream	753
earlier	753
electrical	753
ends	753
evening	753
gene	753
harry	753
hentai	753
icon	753
indiana	753
issued	753
laser	753
manufacturers	753
mouse	753
named	753
nuclear	753
objects	753
pattern	753
portable	753
powerful	753
returned	753
sexual	753
signal	753
sponsor	753
taxes	753
theatre	753
tried	753
turned	753
warranty	753
wisconsin	753
adults	752
advantage	752
aids	752
appears	752
atom	752
carry	752
cast	752
clips	752
covers	752
da	752
decided	752
designs	752
em	752
falls	752
false	752
felt	752
flag	752
flower	752
graphic	752
hawaii	752
hello	752
hr	752
identified	752
iv	752
maintain	752
newsletters	752
nj	752
obtained	752
opinions	752
passed	752
payments	752
personnel	752
pic	752
priority	752
professionals	752
promote	752
rw	752
savings	752
soul	752
stated	752
stats	752
supplied	752
tourism	752
alert	751
anonymous	751
associate	751
atlanta	751
behavior	751
binding	751
brief	751
changing	751
clearly	751
credits	751
criteria	751
dakota	751
dave	751
desk	751
diego	751
dining	751
disk	751
du	751
duty	751
eight	751
ended	751
enlarge	751
estimated	751
fix	751
framework	751
frequently	751
handle	751
hong	751
installed	751
integration	751
interview	751
iron	751
massachusetts	751
measure	751
miscellaneous	751
mix	751
ne	751
prepared	751
pubmed	751
queen	751
ray	751
revenue	751
script	751
served	751
straight	751
sweet	751
tag	751
truck	751
vhs	751
vice	751
void	751
votes	751
wants	751
winning	751
alaska	750
anime	750
battle	750
bear	750
billion	750
blow	750
bought	750
broken	750
checkout	750
clip	750
con	750
concept	750
dallas	750
decisions	750
depth	750
destination	750
discussions	750
dry	750
eligible	750
exactly	750
experts	750
explore	750
faster	750
feeds	750
festival	750
flights	750
followed	750
forgot	750
frank	750
gain	750
gaming	750
handling	750
industries	750
intelligence	750
iowa	750
knew	750
laboratory	750
lack	750
laptop	750
logged	750
looked	750
maryland	750
nations	750
nearly	750
ocean	750
origin	750
protocol	750
query	750
reality	750
residential	750
route	750
scotland	750
signs	750
spa	750
speak	750
specifications	750
train	750
tripadvisor	750
ups	750
vintage	750
whatever	750
zoom	750
acid	749
apartment	749
banks	749
bc	749
bytes	749
cent	749
compatible	749
consulting	749
designer	749
economics	749
editorial	749
equity	749
es	749
expression	749
failed	749
fight	749
filed	749
forced	749
fr	749
gb	749
height	749
judge	749
korea	749
managed	749
marriage	749
netherlands	749
nt	749
null	749
obtain	749
offices	749
participants	749
partnership	749
pr	749
principles	749
provisions	749
recreation	749
remain	749
replacement	749
roll	749
rural	749
shared	749
sounds	749
spam	749
speaker	749
speech	749
strategic	749
suggestions	749
tape	749
wire	749
zero	749
aa	748
andrew	748
assets	748
assist	748
austin	748
bags	748
banking	748
bath	748
beta	748
birthday	748
brian	748
calling	748
comics	748
conduct	748
contained	748
doc	748
drivers	748
estimates	748
fail	748
favorites	748
figures	748
font	748
gratis	748
healthy	748
houses	748
injury	748
jazz	748
joseph	748
kelly	748
lawyer	748
leads	748
legislation	748
lingerie	748
married	748
matters	748
miami	748
ministry	748
missouri	748
mt	748
negative	748
officials	748
parameters	748
perform	748
philadelphia	748
portal	748
postal	748
profiles	748
proposal	748
protected	748
secret	748
serving	748
sharing	748
shemale	748
slightly	748
springs	748
theater	748
toronto	748
toward	748
translation	748
var	748
waiting	748
won	748
academy	747
accuracy	747
addresses	747
administrator	747
agriculture	747
amounts	747
bars	747
bird	747
brazil	747
breaking	747
chairman	747
cleaning	747
combined	747
contain	747
controls	747
creation	747
crystal	747
cycle	747
daniel	747
davis	747
dell	747
departments	747
displayed	747
drink	747
dual	747
dynamic	747
eat	747
extreme	747
famous	747
fans	747
finish	747
forecast	747
frequency	747
gender	747
helps	747
hunter	747
introduced	747
lady	747
mg	747
minor	747
mom	747
noted	747
oklahoma	747
oz	747
performed	747
permanent	747
pharmacy	747
physics	747
rare	747
reduced	747
relationships	747
removed	747
representative	747
residents	747
reviewed	747
rise	747
row	747
samples	747
scene	747
singles	747
sleep	747
speakers	747
spent	747
static	747
tennessee	747
ultimate	747
usd	747
violence	747
wales	747
wear	747
writer	747
agreed	746
aim	746
ann	746
announced	746
automatic	746
bids	746
cape	746
collectibles	746
colour	746
concerns	746
constitutes	746
delivered	746
exclusive	746
guess	746
healthcare	746
henry	746
import	746
infrastructure	746
instant	746
intel	746
junior	746
ladies	746
les	746
math	746
meaning	746
mentioned	746
mine	746
nutrition	746
officers	746
originally	746
philosophy	746
portfolio	746
posting	746
practical	746
presence	746
prevention	746
recording	746
reduction	746
referred	746
regions	746
regulation	746
rings	746
seat	746
secondary	746
ski	746
soccer	746
supports	746
ticket	746
tip	746
toll	746
utilities	746
vendor	746
whom	746
wonderful	746
ahead	745
amendment	745
aspects	745
austria	745
ch	745
christ	745
cisco	745
colors	745
combination	745
comfort	745
connected	745
containing	745
convention	745
dan	745
daughter	745
degrees	745
delta	745
despite	745
devel	745
directors	745
distributed	745
dogs	745
enterprises	745
fear	745
fly	745
guaranteed	745
inches	745
increasing	745
libraries	745
maintained	745
majority	745
manner	745
matrix	745
moon	745
participation	745
phoenix	745
preview	745
principal	745
proper	745
rs	745
scheme	745
sd	745
seeking	745
shares	745
singapore	745
standing	745
strength	745
turkey	745
utility	745
viewing	745
voyeur	745
wars	745
achieve	744
adobe	744
alabama	744
alpha	744
appeal	744
arms	744
avg	744
batteries	744
bbc	744
beat	744
becomes	744
bonus	744
bookmark	744
buildings	744
certification	744
contemporary	744
cruise	744
dealer	744
disney	744
dress	744
drives	744
hey	744
household	744
improved	744
kept	744
nearby	744
ordering	744
positions	744
previously	744
rom	744
sky	744
smoking	744
specials	744
subscription	744
tea	744
trees	744
utah	744
adding	743
amazing	743
americans	743
babes	743
carried	743
caused	743
certainly	743
circuit	743
clock	743
clothes	743
easier	743
eric	743
exposure	743
factory	743
faqs	743
frames	743
gambling	743
grow	743
happen	743
hide	743
hip	743
indeed	743
interior	743
kentucky	743
layer	743
liability	743
luxury	743
miller	743
mostly	743
newspaper	743
nine	743
optical	743
outdoors	743
panasonic	743
permalink	743
printed	743
printers	743
prints	743
promotion	743
provision	743
refer	743
relative	743
removal	743
revised	743
signature	743
slow	743
spend	743
spot	743
src	743
taylor	743
toy	743
trackback	743
trademark	743
viagra	743
bass	742
bedroom	742
broadband	742
bureau	742
conservation	742
conversion	742
copies	742
diff	742
dna	742
don	742
dot	742
dsl	742
empty	742
feeling	742
hidden	742
hiv	742
hole	742
ideal	742
identity	742
importance	742
influence	742
instance	742
licensed	742
maine	742
onto	742
orlando	742
pair	742
pda	742
permit	742
pets	742
planet	742
prescription	742
proof	742
rain	742
ratio	742
reasonable	742
recipe	742
recorded	742
relief	742
represent	742
revision	742
ride	742
seeing	742
serial	742
specifically	742
specs	742
sql	742
suites	742
tennis	742
tim	742
victoria	742
webmaster	742
zum	742
acc	741
advisor	741
ap	741
aware	741
boxes	741
cap	741
certificates	741
charts	741
concerned	741
continuing	741
cream	741
dinner	741
discover	741
encyclopedia	741
euro	741
evil	741
evolution	741
finished	741
firms	741
fourth	741
generic	741
gps	741
greatest	741
hills	741
ink	741
irish	741
javascript	741
lawyers	741
louisiana	741
marketplace	741
mn	741
nd	741
nm	741
objectives	741
op	741
operator	741
parks	741
patterns	741
pieces	741
remains	741
runs	741
sexo	741
shape	741
ss	741
stations	741
stress	741
structures	741
suggested	741
sydney	741
trends	741
usage	741
wilson	741
yeah	741
accordance	740
accurate	740
alcohol	740
angel	740
annotation	740
array	740
attempt	740
bell	740
ben	740
census	740
climate	740
compact	740
competitive	740
dick	740
differences	740
discussed	740
elizabeth	740
engines	740
establish	740
exist	740
explain	740
expressed	740
extent	740
forget	740
gnu	740
greek	740
happened	740
instruction	740
interracial	740
jeff	740
keeping	740
kill	740
lane	740
lesbians	740
lights	740
managing	740
matches	740
mixed	740
newest	740
noise	740
paragraph	740
peak	740
pin	740
playstation	740
poetry	740
preparation	740
raw	740
receiving	740
reservations	740
salt	740
sharp	740
sister	740
smaller	740
stephen	740
suppliers	740
tn	740
tracking	740
transit	740
walking	740
wheel	740
width	740
affect	739
affected	739
ages	739
agricultural	739
aircraft	739
aol	739
assigned	739
audience	739
backup	739
bike	739
ce	739
citizens	739
coach	739
collections	739
compensation	739
concern	739
conducted	739
conflict	739
connecticut	739
cook	739
dealers	739
describe	739
directed	739
employer	739
expand	739
experienced	739
export	739
hat	739
helping	739
heritage	739
holding	739
immediate	739
institution	739
investigation	739
jordan	739
kevin	739
knows	739
lib	739
managers	739
mathematics	739
mississippi	739
modules	739
occur	739
participate	739
percentage	739
perl	739
personals	739
plate	739
plug	739
raised	739
requested	739
searching	739
specialist	739
sporting	739
spread	739
supporting	739
sweden	739
totally	739
trouble	739
versions	739
virgin	739
ab	738
advisory	738
agenda	738
albums	738
anderson	738
anyway	738
anywhere	738
appliances	738
arm	738
atlantic	738
blonde	738
cam	738
characteristics	738
cheats	738
chemistry	738
circle	738
circumstances	738
concerning	738
continues	738
contracts	738
cooking	738
curriculum	738
der	738
developers	738
diseases	738
edward	738
elementary	738
entered	738
equivalent	738
exit	738
expenses	738
experiences	738
extremely	738
favourite	738
fox	738
grants	738
guests	738
hosted	738
identification	738
indicate	738
investor	738
iran	738
keys	738
kits	738
launch	738
leaving	738
logic	738
lose	738
matt	738
neighborhood	738
nevada	738
organic	738
plain	738
prince	738
proceedings	738
psychology	738
ram	738
respond	738
responses	738
seek	738
sizes	738
soil	738
speaking	738
sponsors	738
template	738
thailand	738
tony	738
tracks	738
transmission	738
unlimited	738
utc	738
variables	738
verzeichnis	738
wet	738
wildlife	738
acts	737
ancient	737
appendix	737
authorities	737
belgium	737
biology	737
blues	737
bluetooth	737
bond	737
booking	737
border	737
buddy	737
cables	737
celebrity	737
channels	737
checking	737
chocolate	737
controlled	737
costa	737
cotton	737
crafts	737
dean	737
debate	737
dental	737
denver	737
enforcement	737
ericsson	737
filled	737
fiscal	737
glossary	737
guidance	737
hampshire	737
hardcover	737
highway	737
holy	737
killed	737
mesh	737
notify	737
observed	737
poll	737
portion	737
printable	737
pub	737
representatives	737
requirement	737
scope	737
setup	737
styles	737
supplier	737
symbol	737
trail	737
unix	737
wave	737
adopted	736
alerts	736
alliance	736
arkansas	736
assume	736
attached	736
attractions	736
authorized	736
bears	736
begins	736
biography	736
britain	736
carrier	736
causes	736
classified	736
comedy	736
commitment	736
concepts	736
concert	736
confidence	736
confirm	736
constant	736
crazy	736
deliver	736
disabled	736
discovery	736
draw	736
edited	736
efficiency	736
efficient	736
explorer	736
financing	736
fm	736
fruit	736
gun	736
hell	736
historic	736
hop	736
husband	736
interviews	736
jean	736
jewish	736
learned	736
leisure	736
lens	736
lessons	736
linear	736
linked	736
meter	736
mouth	736
mysql	736
nh	736
notebook	736
opened	736
portland	736
pregnancy	736
pure	736
qualified	736
reflect	736
reform	736
relating	736
retirement	736
scores	736
sp	736
specialty	736
starts	736
tm	736
transactions	736
treated	736
upcoming	736
visa	736
weblog	736
wonder	736
adapter	735
allen	735
babe	735
becoming	735
blowjob	735
bound	735
challenges	735
checks	735
clearance	735
colleges	735
connections	735
consistent	735
contribute	735
converter	735
crew	735
democratic	735
dimensions	735
editors	735
enabled	735
engineer	735
enhance	735
exact	735
formal	735
genre	735
hockey	735
howard	735
indicated	735
inventory	735
laptops	735
leaves	735
legs	735
lewis	735
lifestyle	735
lock	735
mens	735
micro	735
mile	735
montana	735
neither	735
node	735
objective	735
offline	735
organisation	735
parameter	735
pdt	735
processor	735
reached	735
rear	735
relation	735
replace	735
safari	735
sam	735
securities	735
showed	735
slide	735
stick	735
storm	735
suck	735
sugar	735
switzerland	735
tested	735
volunteer	735
warm	735
adam	734
affordable	734
bowl	734
brothers	734
bulletin	734
cambridge	734
cancel	734
candidate	734
committed	734
consumers	734
continuous	734
contractor	734
contributions	734
czech	734
db	734
delay	734
disability	734
dish	734
dolls	734
encourage	734
epinions	734
episode	734
estimate	734
examination	734
execution	734
extensive	734
ia	734
idaho	734
increases	734
indicates	734
initiative	734
inspection	734
kid	734
limits	734
manchester	734
modify	734
navy	734
novel	734
outlet	734
oxford	734
paint	734
painting	734
pan	734
ph	734
pilot	734
plays	734
potter	734
presents	734
pt	734
recognition	734
ref	734
regulatory	734
resulting	734
submission	734
supreme	734
tank	734
territory	734
threads	734
transaction	734
truly	734
ultra	734
universe	734
weapons	734
winner	734
antonio	733
behalf	733
boobs	733
broad	733
buyers	733
caribbean	733
catalogue	733
charged	733
chosen	733
clark	733
consideration	733
databases	733
demo	733
discounts	733
ds	733
ea	733
eating	733
foods	733
gourmet	733
gray	733
greece	733
guard	733
ha	733
hate	733
jennifer	733
journals	733
kernel	733
labour	733
lg	733
liquid	733
lodge	733
loop	733
messenger	733
mirror	733
nebraska	733
nights	733
outstanding	733
patent	733
perspective	733
planned	733
properly	733
psp	733
publishers	733
reservation	733
rice	733
salary	733
sarah	733
sessions	733
slot	733
sterling	733
stocks	733
swiss	733
taiwan	733
terminal	733
tournament	733
und	733
watching	733
absolutely	732
arab	732
audit	732
avatar	732
bands	732
boot	732
calculator	732
chamber	732
chicken	732
clicking	732
collected	732
consent	732
contest	732
decide	732
depending	732
dildo	732
downtown	732
drama	732
empire	732
expansion	732
featuring	732
ff	732
findings	732
gary	732
guinea	732
helped	732
hundreds	732
illegal	732
implement	732
iso	732
keyboard	732
lincoln	732
lunch	732
milk	732
millions	732
misc	732
muscle	732
newly	732
nfl	732
nw	732
orleans	732
performing	732
polls	732
premier	732
prepare	732
purchased	732
push	732
raise	732
remaining	732
resume	732
rome	732
saving	732
scheduled	732
significantly	732
suitable	732
sum	732
tomorrow	732
tower	732
twenty	732
typical	732
vary	732
visiting	732
yours	732
alan	731
attacks	731
attend	731
awareness	731
beer	731
biggest	731
catch	731
catholic	731
classroom	731
const	731
constitution	731
consultation	731
contribution	731
dear	731
democracy	731
doors	731
doubt	731
earn	731
finder	731
formula	731
governor	731
holdem	731
jane	731
jason	731
jose	731
kim	731
measurement	731
merchandise	731
northwest	731
oak	731
packaging	731
pakistan	731
periods	731
province	731
ps	731
reliable	731
resistance	731
resorts	731
seemed	731
sending	731
shell	731
shower	731
sir	731
solar	731
spyware	731
sufficient	731
swimming	731
symptoms	731
tasks	731
temporary	731
tonight	731
unable	731
vancouver	731
vat	731
wallpaper	731
alumni	730
asking	730
baltimore	730
bargain	730
biological	730
bits	730
blocks	730
bodies	730
br	730
bruce	730
candidates	730
cellular	730
charlotte	730
chip	730
classification	730
cutting	730
diabetes	730
dont	730
drawing	730
egypt	730
fighting	730
flexible	730
focused	730
forth	730
gateway	730
happens	730
heaven	730
hollywood	730
hunting	730
insert	730
instrument	730
ky	730
lo	730
marks	730
memorial	730
ml	730
normally	730
norway	730
ordered	730
photographs	730
physician	730
powers	730
preferences	730
pregnant	730
res	730
romance	730
shift	730
simon	730
sit	730
spiritual	730
split	730
spy	730
suit	730
themes	730
transition	730
twice	730
twin	730
vermont	730
visitor	730
wikipedia	730
wow	730
writers	730
allowing	729
birds	729
bright	729
carbon	729
cartoon	729
char	729
choices	729
comfortable	729
consolidation	729
crisis	729
cs	729
denmark	729
displays	729
earnings	729
echo	729
effectively	729
employed	729
experimental	729
favourites	729
formed	729
granted	729
grid	729
header	729
indexed	729
intellectual	729
interaction	729
listening	729
loved	729
magnetic	729
mapping	729
massive	729
moore	729
mystery	729
numerous	729
outlook	729
patrick	729
paying	729
piano	729
pittsburgh	729
plasma	729
poverty	729
preferred	729
puerto	729
que	729
registry	729
relatively	729
represents	729
revolution	729
satisfaction	729
saved	729
sheets	729
shots	729
spending	729
superior	729
treat	729
voip	729
accessibility	728
acquisition	728
applicant	728
banner	728
barbara	728
bidding	728
blogger	728
boots	728
charter	728
cleveland	728
completion	728
concrete	728
consultants	728
cooperation	728
counties	728
css	728
delaware	728
dependent	728
depends	728
deposit	728
directories	728
diversity	728
dreams	728
dutch	728
editing	728
fig	728
folder	728
formats	728
hairy	728
holds	728
implemented	728
investments	728
journey	728
kg	728
landscape	728
latina	728
licensing	728
mechanical	728
nasa	728
notification	728
occurred	728
poland	728
ports	728
pull	728
pulse	728
rapid	728
recognized	728
reverse	728
risks	728
router	728
seminar	728
sensitive	728
sexcam	728
sf	728
si	728
specify	728
stands	728
tab	728
teach	728
templates	728
textbooks	728
universities	728
upload	728
ut	728
wheels	728
womens	728
accessible	727
accessory	727
accident	727
afternoon	727
airline	727
alexander	727
anne	727
anniversary	727
antique	727
arrangements	727
beastiality	727
bio	727
birmingham	727
broadcast	727
calculate	727
castle	727
committees	727
conferences	727
consultant	727
consumption	727
contractors	727
controller	727
converted	727
courts	727
detroit	727
exists	727
flashing	727
gardens	727
improvements	727
labels	727
legislative	727
lp	727
malaysia	727
mc	727
metro	727
milfhunter	727
missed	727
molecular	727
narrow	727
nick	727
notices	727
ownership	727
pearl	727
penis	727
plot	727
possibly	727
pump	727
putting	727
qty	727
regard	727
representation	727
researchers	727
resident	727
sitting	727
smooth	727
specification	727
strike	727
strip	727
subscriptions	727
surveys	727
technique	727
threat	727
toshiba	727
trailer	727
typically	727
uniprotkb	727
unsubscribe	727
upskirt	727
vietnam	727
voting	727
willing	727
acting	726
ag	726
aged	726
amended	726
antiques	726
asset	726
attorneys	726
bathroom	726
beds	726
bills	726
blank	726
blowjobs	726
bold	726
breasts	726
bulk	726
cinema	726
definitions	726
deluxe	726
density	726
doctors	726
drinking	726
duration	726
elections	726
employers	726
enhanced	726
entitled	726
exam	726
exception	726
fabric	726
generate	726
grey	726
heads	726
honda	726
hospitals	726
humor	726
hundred	726
indonesia	726
innovation	726
lesson	726
lived	726
logos	726
mention	726
milfs	726
monitors	726
newspapers	726
opera	726
operate	726
operators	726
parallel	726
pcs	726
philippines	726
pursuant	726
reaction	726
residence	726
ryan	726
scan	726
sci	726
severe	726
stable	726
stainless	726
statistical	726
stored	726
strange	726
successfully	726
sustainable	726
vi	726
von	726
adams	725
adoption	725
agreements	725
alex	725
ba	725
bang	725
berlin	725
bone	725
bottle	725
buffalo	725
camping	725
capabilities	725
capture	725
caught	725
closing	725
conclusion	725
considering	725
contrast	725
cr	725
cute	725
desire	725
domains	725
driven	725
edt	725
ee	725
eventually	725
expensive	725
expertise	725
explained	725
flying	725
grace	725
improving	725
ing	725
innovative	725
jewellery	725
ks	725
legend	725
marked	725
marshall	725
massage	725
meant	725
measured	725
meat	725
mechanism	725
medline	725
meets	725
monster	725
organisations	725
organized	725
para	725
peer	725
pg	725
plane	725
pmid	725
pounds	725
primarily	725
programmes	725
python	725
recommendation	725
recruitment	725
rubber	725
seed	725
siemens	725
sin	725
susan	725
tampa	725
thousand	725
tight	725
villa	725
visits	725
welfare	725
abc	724
airlines	724
animation	724
appointed	724
belt	724
brings	724
bugs	724
busy	724
cache	724
captain	724
collaboration	724
collectables	724
columns	724
commit	724
cookies	724
corresponding	724
cruises	724
dealing	724
descriptions	724
detection	724
determination	724
disorders	724
dragon	724
duties	724
engineers	724
entity	724
er	724
erotic	724
ethics	724
fantastic	724
forever	724
formation	724
ftp	724
gap	724
gate	724
governments	724
hamilton	724
hd	724
heating	724
holder	724
imagine	724
inner	724
jacket	724
jay	724
lawrence	724
lease	724
leg	724
liberal	724
livecam	724
matthew	724
med	724
moderator	724
neck	724
operational	724
oracle	724
portugal	724
proposals	724
purchasing	724
rail	724
roman	724
scripts	724
settlement	724
sides	724
stereo	724
sw	724
taste	724
tiny	724
tone	724
trips	724
tube	724
turns	724
tutorial	724
tutorials	724
valuable	724
wing	724
achieved	723
alarm	723
analyst	723
angle	723
anthony	723
appeared	723
approaches	723
argentina	723
attachment	723
aviation	723
bestiality	723
betting	723
biz	723
blackjack	723
commands	723
commissioner	723
console	723
convert	723
dangerous	723
derived	723
designers	723
disaster	723
era	723
excess	723
exciting	723
finland	723
franklin	723
garage	723
gcc	723
giant	723
highlights	723
hobbies	723
imaging	723
injuries	723
instructor	723
jr	723
liberty	723
loading	723
melbourne	723
mining	723
morgan	723
nintendo	723
ongoing	723
pleasure	723
possibility	723
productions	723
proud	723
reliability	723
respectively	723
ringtone	723
rob	723
scientists	723
seats	723
shipped	723
stamps	723
telecommunications	723
thongs	723
unfortunately	723
usual	723
vinyl	723
voltage	723
volunteers	723
worst	723
wyoming	723
algorithm	722
andy	722
apache	722
apart	722
appearance	722
applies	722
appointment	722
asp	722
blind	722
cafe	722
cake	722
calculated	722
carefully	722
casinos	722
cheese	722
coins	722
columbus	722
comic	722
crack	722
craft	722
crown	722
cumshot	722
desktops	722
diagnosis	722
dial	722
eagle	722
fellow	722
fetish	722
filters	722
gang	722
gross	722
hilton	722
honor	722
hurricane	722
incorporated	722
investors	722
jet	722
ken	722
lounge	722
luck	722
mad	722
maker	722
mortgages	722
notebooks	722
nurse	722
nv	722
oriented	722
pants	722
par	722
picks	722
postage	722
prayer	722
principle	722
producer	722
productivity	722
quiet	722
represented	722
responsibilities	722
semester	722
semi	722
smoke	722
strongly	722
underground	722
vacations	722
valentine	722
workshops	722
absolute	721
actor	721
addressed	721
admission	721
alive	721
allocated	721
anytime	721
bankruptcy	721
breaks	721
capable	721
carrying	721
christopher	721
citizen	721
classics	721
concentration	721
consists	721
corrections	721
cpu	721
debian	721
deck	721
describes	721
dirty	721
disabilities	721
discovered	721
donate	721
douglas	721
editions	721
elected	721
epson	721
ethnic	721
exp	721
familiar	721
fifth	721
finds	721
genetic	721
guardian	721
horror	721
horses	721
ill	721
initiatives	721
interpretation	721
investing	721
involving	721
jon	721
joy	721
lay	721
layout	721
lbs	721
lecture	721
lies	721
lol	721
madison	721
mainly	721
mp	721
municipal	721
nr	721
occurs	721
optimization	721
parliament	721
pen	721
pipe	721
prize	721
prohibited	721
proteins	721
prove	721
ran	721
restrictions	721
sand	721
seal	721
shoe	721
simulation	721
situations	721
soldiers	721
sr	721
structural	721
su	721
substance	721
substances	721
taught	721
temple	721
terrorism	721
till	721
vertical	721
victory	721
wayne	721
wings	721
worker	721
apparently	720
attribute	720
bet	720
bringing	720
buffer	720
busty	720
cabinet	720
cats	720
chairs	720
checked	720
collect	720
commentary	720
composition	720
coordinator	720
def	720
definitely	720
desert	720
destinations	720
developments	720
dose	720
ethernet	720
evaluate	720
everyday	720
exhibit	720
exhibition	720
existence	720
greg	720
handbook	720
harris	720
immigration	720
inquiry	720
larry	720
lets	720
li	720
limousines	720
mercury	720
modem	720
mountains	720
moves	720
mph	720
mutual	720
nationwide	720
navigate	720
nba	720
necessarily	720
nl	720
obviously	720
oldest	720
participating	720
pipeline	720
popularity	720
postposted	720
prefer	720
prison	720
promise	720
purple	720
rhode	720
ridge	720
shaved	720
sick	720
sierra	720
skill	720
steven	720
streets	720
summit	720
surrounding	720
syntax	720
thin	720
throw	720
tiffany	720
toyota	720
trend	720
tropical	720
turning	720
vector	720
victims	720
visible	720
waters	720
worse	720
ya	720
alberta	719
arcade	719
arrival	719
aspect	719
awarded	719
awesome	719
bb	719
bedrooms	719
boats	719
bonds	719
burning	719
cartridge	719
championship	719
cialis	719
cincinnati	719
clinton	719
commons	719
confirmed	719
counts	719
coupons	719
covering	719
depression	719
electricity	719
emphasis	719
epa	719
escape	719
explanation	719
fiber	719
filing	719
folk	719
foster	719
fraud	719
fundamental	719
glance	719
graph	719
impossible	719
judgment	719
masters	719
memorabilia	719
mexican	719
modeling	719
nz	719
obvious	719
okay	719
org	719
passing	719
permitted	719
platinum	719
pottery	719
priced	719
progressive	719
receiver	719
richmond	719
roger	719
ron	719
russell	719
sacramento	719
scottish	719
somewhat	719
spaces	719
spectrum	719
subsection	719
substantial	719
talks	719
tells	719
testimonials	719
tissue	719
tr	719
trials	719
workplace	719
adequate	718
arrived	718
assumes	718
av	718
buttons	718
cartoons	718
clinic	718
closer	718
cocks	718
combat	718
crash	718
creates	718
dad	718
desired	718
digest	718
disclosure	718
dublin	718
dust	718
eligibility	718
entering	718
entirely	718
establishment	718
expense	718
extend	718
faces	718
fell	718
firefox	718
funded	718
grades	718
grove	718
healing	718
heights	718
hence	718
hist	718
infection	718
inter	718
involvement	718
korean	718
lift	718
lisa	718
lodging	718
losses	718
mall	718
mayor	718
memories	718
motorcycle	718
murder	718
nelson	718
observations	718
packet	718
pat	718
placement	718
pour	718
presentations	718
princess	718
radar	718
reducing	718
reg	718
replaced	718
rescue	718
riding	718
roads	718
rolling	718
sean	718
senator	718
shadow	718
spray	718
studios	718
subsequent	718
te	718
thompson	718
tion	718
tourist	718
undergraduate	718
vbulletin	718
venture	718
wallpapers	718
wiki	718
winners	718
yard	718
yield	718
abroad	717
absence	717
adds	717
arthur	717
assignment	717
associations	717
atmosphere	717
baker	717
beast	717
bmw	717
butt	717
chemicals	717
citysearch	717
closely	717
cluster	717
conservative	717
counsel	717
couples	717
demonstrate	717
diary	717
dodge	717
donations	717
drawn	717
ear	717
ebony	717
effectiveness	717
elsewhere	717
everybody	717
experiment	717
farmers	717
federation	717
flags	717
gordon	717
guestbook	717
ian	717
invited	717
jokes	717
kent	717
kings	717
kiss	717
lakes	717
lamp	717
launched	717
mod	717
mpeg	717
nashville	717
nearest	717
nsw	717
occupation	717
operated	717
overseas	717
partial	717
pci	717
phil	717
pizza	717
pollution	717
purchases	717
queries	717
ra	717
radiation	717
ranking	717
rc	717
rico	717
roof	717
rush	717
seriously	717
serves	717
shock	717
shooting	717
shoppers	717
stopped	717
suggests	717
surprise	717
targets	717
tie	717
ukraine	717
vendors	717
visited	717
walker	717
walls	717
ward	717
whereas	717
woods	717
yards	717
yoga	717
acceptable	716
anna	716
applying	716
attributes	716
boss	716
brass	716
ceo	716
champion	716
chile	716
cloudy	716
configure	716
copper	716
counseling	716
cst	716
dancing	716
dicke	716
ec	716
excellence	716
expectations	716
ghost	716
glad	716
globe	716
http	716
ignore	716
independence	716
institutional	716
keith	716
kerry	716
knowing	716
linda	716
maria	716
measurements	716
medication	716
metabolism	716
milwaukee	716
mit	716
nobody	716
ordinary	716
palace	716
personally	716
plenty	716
pride	716
rack	716
receipt	716
recognize	716
rep	716
reporter	716
rm	716
ross	716
satisfied	716
sentence	716
shareware	716
simpson	716
solo	716
somewhere	716
southwest	716
stability	716
sublime	716
supposed	716
tall	716
throat	716
trusted	716
twiki	716
uniform	716
vacuum	716
verify	716
violation	716
warehouse	716
wealth	716
wins	716
acres	715
acrobat	715
adventures	715
aluminum	715
amsterdam	715
api	715
arena	715
arguments	715
athletic	715
attendance	715
behaviour	715
booty	715
builder	715
campbell	715
cf	715
charity	715
chips	715
coastal	715
config	715
drum	715
ease	715
edinburgh	715
enables	715
enemy	715
essays	715
excel	715
fairly	715
flood	715
forgotten	715
foto	715
glasses	715
harbor	715
hungary	715
insight	715
intelligent	715
iraqi	715
jessica	715
jonathan	715
lan	715
latter	715
lifetime	715
lucky	715
merchants	715
modes	715
nec	715
nova	715
obligation	715
opens	715
orgy	715
outcomes	715
pdas	715
penalty	715
philips	715
pioneer	715
plates	715
plaza	715
publish	715
puzzle	715
quest	715
realize	715
regardless	715
repeat	715
republican	715
restricted	715
rising	715
screening	715
secrets	715
segment	715
shit	715
sms	715
sri	715
stupid	715
survival	715
syndrome	715
telling	715
terry	715
thermal	715
thick	715
thumbnail	715
toe	715
trailers	715
trans	715
traveler	715
urw	715
venue	715
vista	715
vital	715
vt	715
wake	715
wells	715
whenever	715
wishlist	715
writes	715
afghanistan	714
angels	714
announcement	714
appreciate	714
armed	714
balls	714
believed	714
boost	714
broker	714
bulgaria	714
candy	714
casual	714
centres	714
charger	714
chronic	714
clause	714
complaint	714
cooling	714
cp	714
customize	714
dd	714
deputy	714
divorce	714
donald	714
emissions	714
expanded	714
experiments	714
exposed	714
extras	714
folks	714
founded	714
fred	714
gm	714
governance	714
grown	714
gulf	714
hunt	714
icons	714
indicators	714
indoor	714
jerry	714
lands	714
laura	714
loaded	714
lovely	714
mechanisms	714
mill	714
nikon	714
outcome	714
partly	714
physicians	714
pills	714
pine	714
polish	714
pupils	714
regularly	714
ri	714
rick	714
rt	714
scenes	714
scholarship	714
sealed	714
sensor	714
shopper	714
smile	714
spanking	714
stewart	714
supplements	714
tabs	714
telecom	714
tend	714
thai	714
tiger	714
tokyo	714
tradition	714
troops	714
trucks	714
xx	714
ah	713
ak	713
amp	713
aud	713
billy	713
bread	713
bukkake	713
burn	713
camcorder	713
capability	713
catering	713
chest	713
churches	713
clay	713
complaints	713
contributed	713
conversation	713
craig	713
crm	713
cumshots	713
damages	713
decrease	713
defence	713
den	713
diverse	713
dynamics	713
emerging	713
facing	713
fe	713
finger	713
franchise	713
gonna	713
herself	713
implementing	713
incident	713
ingredients	713
johnny	713
keeps	713
labs	713
laid	713
lie	713
locate	713
maintaining	713
minority	713
moral	713
motors	713
nancy	713
ourselves	713
passion	713
patches	713
pension	713
pl	713
pound	713
precision	713
producing	713
promotions	713
recorder	713
refund	713
rehabilitation	713
reproduction	713
reserves	713
revenues	713
rf	713
roberts	713
roses	713
sb	713
shorts	713
sight	713
sm	713
sole	713
solve	713
td	713
tobacco	713
tones	713
tough	713
towns	713
trained	713
tranny	713
usc	713
weak	713
wooden	713
worship	713
albert	712
amd	712
appearing	712
babies	712
bi	712
bigger	712
billing	712
blvd	712
bs	712
carter	712
chevrolet	712
combine	712
compiled	712
consequences	712
correctly	712
cuba	712
cyprus	712
danger	712
diesel	712
discrimination	712
districts	712
divided	712
emails	712
emotional	712
environments	712
eve	712
exceed	712
fault	712
functionality	712
generator	712
genuine	712
geographic	712
geography	712
glory	712
hearts	712
hrs	712
hybrid	712
implications	712
insider	712
integrity	712
intermediate	712
introduce	712
ja	712
karen	712
kate	712
leaf	712
legacy	712
makers	712
marc	712
ns	712
odds	712
overnight	712
pad	712
paradise	712
phrase	712
platforms	712
pleased	712
preliminary	712
processed	712
promotional	712
raising	712
reads	712
reception	712
revealed	712
rod	712
roles	712
romantic	712
saudi	712
seminars	712
silk	712
sons	712
specialists	712
trembl	712
versus	712
vitamin	712
widely	712
wise	712
worry	712
wv	712
achievement	711
admissions	711
alternate	711
authentication	711
automated	711
bandwidth	711
barry	711
baskets	711
bristol	711
cached	711
cal	711
caps	711
chapters	711
charlie	711
cherry	711
childhood	711
communicate	711
compaq	711
comply	711
continental	711
convenient	711
correction	711
cuts	711
dennis	711
deutsch	711
devil	711
dimension	711
earrings	711
egg	711
enjoyed	711
equation	711
examine	711
fits	711
florist	711
fluid	711
francis	711
funeral	711
graham	711
grass	711
grounds	711
hurt	711
illustrated	711
img	711
infant	711
involves	711
jimmy	711
kenya	711
kick	711
limitations	711
literary	711
machinery	711
manga	711
margaret	711
marie	711
mars	711
meal	711
mhz	711
nipples	711
noticed	711
nutten	711
orientation	711
passenger	711
pee	711
pill	711
portions	711
pot	711
probability	711
profits	711
promoting	711
proven	711
quarterly	711
quebec	711
regards	711
reviewer	711
rpm	711
rugby	711
sad	711
samuel	711
schedules	711
sectors	711
showtimes	711
signals	711
silent	711
sized	711
slip	711
slowly	711
socket	711
studied	711
supplement	711
suspension	711
ta	711
theft	711
tvs	711
unlike	711
warren	711
webcam	711
wolf	711
wright	711
acquired	710
advantages	710
ae	710
aims	710
alternatives	710
analog	710
answered	710
appeals	710
assess	710
athletics	710
attempts	710
automation	710
believes	710
boundary	710
broadway	710
cartridges	710
choosing	710
cl	710
collins	710
conditioning	710
cooper	710
corp	710
dated	710
deadline	710
declaration	710
destruction	710
determining	710
displaying	710
earned	710
elite	710
encouraged	710
entrance	710
equipped	710
extensions	710
facial	710
flexibility	710
gadgets	710
gi	710
glasgow	710
gnome	710
gospel	710
gt	710
ho	710
holders	710
humans	710
ieee	710
illness	710
impacts	710
induced	710
islamic	710
jam	710
jurisdiction	710
kennedy	710
knight	710
lat	710
lebanon	710
linking	710
ll	710
loose	710
losing	710
loves	710
meta	710
mint	710
noble	710
nyc	710
offset	710
packard	710
parker	710
partnerships	710
payday	710
pending	710
personalized	710
philip	710
poems	710
powder	710
preparing	710
recipient	710
rev	710
robot	710
roots	710
secured	710
seeker	710
sh	710
shoot	710
shore	710
slots	710
soap	710
southeast	710
spin	710
stages	710
stones	710
sur	710
swedish	710
swing	710
symbols	710
talent	710
teenage	710
triple	710
unusual	710
vincent	710
wash	710
winds	710
wisdom	710
witness	710
adjustment	709
advertisers	709
ai	709
animated	709
applicants	709
arc	709
atlas	709
attended	709
attitude	709
axis	709
bachelor	709
basically	709
basics	709
besides	709
binary	709
camcorders	709
carl	709
carpet	709
coalition	709
coat	709
collective	709
collector	709
container	709
convenience	709
conventional	709
dawn	709
defendant	709
deleted	709
difficulty	709
disorder	709
dropped	709
duke	709
engaged	709
enrollment	709
falling	709
feels	709
firewall	709
genes	709
genetics	709
guns	709
habitat	709
herein	709
hero	709
horny	709
hosts	709
hs	709
increasingly	709
integer	709
interfaces	709
judicial	709
lenses	709
median	709
migration	709
mitchell	709
moments	709
montreal	709
mounted	709
mrs	709
observation	709
occupational	709
opposition	709
ot	709
pace	709
pi	709
producers	709
punk	709
ralph	709
representing	709
restoration	709
returning	709
rica	709
rio	709
rocks	709
routine	709
rv	709
scanner	709
sought	709
strings	709
struct	709
titans	709
toolbar	709
torture	709
treatments	709
wage	709
walter	709
warner	709
wearing	709
yr	709
actors	708
aging	708
alice	708
amendments	708
antenna	708
app	708
assumed	708
assurance	708
attraction	708
ban	708
belief	708
bestsellers	708
bidder	708
bikini	708
brochure	708
brokers	708
clerk	708
compilation	708
confirmation	708
corps	708
customized	708
dealtime	708
decor	708
departure	708
diameter	708
diving	708
doll	708
embedded	708
eminem	708
evans	708
fails	708
fed	708
fisting	708
happening	708
harvard	708
herald	708
holland	708
ic	708
inkjet	708
interactions	708
intervention	708
intro	708
invite	708
involve	708
ion	708
jeans	708
killing	708
latinas	708
liable	708
literacy	708
liver	708
lookup	708
memphis	708
mercedes	708
metropolitan	708
mice	708
mills	708
minneapolis	708
moderate	708
modification	708
morris	708
nike	708
opposite	708
ottawa	708
outline	708
peripherals	708
peru	708
petition	708
picked	708
pissing	708
plugin	708
podcast	708
rapidly	708
recall	708
receives	708
reed	708
refine	708
roy	708
seasons	708
shoulder	708
singer	708
supervisor	708
suppose	708
temp	708
terror	708
texts	708
thirty	708
tit	708
tramadol	708
understood	708
vast	708
verification	708
wizard	708
younger	708
zus	708
aaron	707
adjustable	707
allocation	707
alphabetical	707
amy	707
arrive	707
aside	707
attractive	707
beam	707
blogging	707
camps	707
careful	707
coal	707
commonly	707
consult	707
cry	707
cycling	707
declared	707
demands	707
demonstrated	707
dialogue	707
discipline	707
dispatched	707
disposal	707
ent	707
essay	707
ext	707
favor	707
florists	707
fonts	707
framed	707
gardening	707
ge	707
gr	707
greatly	707
handheld	707
identifying	707
inform	707
installing	707
jefferson	707
licence	707
lottery	707
mask	707
messaging	707
michelle	707
midnight	707
minimal	707
mood	707
moreover	707
mx	707
ncaa	707
ng	707
obligations	707
occasion	707
odd	707
orchestra	707
outsourcing	707
packs	707
pe	707
pentium	707
phd	707
photographer	707
polyphonic	707
quiz	707
recordings	707
refers	707
romania	707
shut	707
sigma	707
sleeping	707
sunset	707
switches	707
thou	707
tops	707
trace	707
tracked	707
ts	707
turkish	707
veterans	707
victim	707
voluntary	707
wrap	707
xhtml	707
additions	706
administrators	706
aka	706
announce	706
arrangement	706
arrow	706
attachments	706
beef	706
bibliography	706
blade	706
cad	706
calendars	706
canyon	706
cleaner	706
compatibility	706
conclusions	706
constructed	706
cookie	706
cooperative	706
cricket	706
crowd	706
customs	706
decline	706
dir	706
durham	706
dv	706
engagement	706
entities	706
feeding	706
furthermore	706
goto	706
hats	706
headquarters	706
holes	706
hook	706
inspired	706
intent	706
jacksonville	706
largely	706
lion	706
meals	706
measuring	706
merely	706
meters	706
murray	706
muslim	706
neil	706
netscape	706
olympic	706
oxygen	706
passes	706
permits	706
personality	706
pleasant	706
pointer	706
quantum	706
rainbow	706
rankings	706
refinance	706
remained	706
requiring	706
robin	706
robinson	706
rough	706
roulette	706
sampling	706
sharon	706
sleeve	706
spoke	706
strap	706
stretch	706
stroke	706
suddenly	706
surf	706
tcp	706
tee	706
township	706
transfers	706
transformation	706
tt	706
weddings	706
weird	706
xl	706
zoo	706
ace	705
acute	705
adopt	705
adverse	705
albany	705
bookstore	705
britney	705
carol	705
cited	705
climbing	705
cloud	705
commonwealth	705
cord	705
crop	705
deaths	705
decade	705
denied	705
discharge	705
dispute	705
donation	705
drinks	705
ef	705
eng	705
everywhere	705
excerpt	705
explains	705
facilitate	705
feelings	705
flickr	705
fotos	705
founder	705
freeware	705
fucked	705
fy	705
gamecube	705
ghz	705
gloves	705
halloween	705
hazardous	705
hewlett	705
honest	705
hub	705
incredible	705
islam	705
israeli	705
jamaica	705
katrina	705
knife	705
liked	705
lite	705
manhattan	705
medicare	705
nodes	705
organizational	705
outer	705
parenting	705
perfume	705
pharmaceutical	705
portuguese	705
priorities	705
proceed	705
realized	705
restore	705
rivers	705
rr	705
seeds	705
shelf	705
sing	705
skiing	705
skype	705
steam	705
stood	705
subscriber	705
tales	705
targeted	705
thumbs	705
timing	705
tired	705
titten	705
tons	705
tu	705
twelve	705
val	705
valve	705
voices	705
workforce	705
accommodations	704
acoustic	704
af	704
afraid	704
amber	704
arabia	704
archived	704
arising	704
athens	704
automobile	704
bracelet	704
bt	704
camel	704
cassette	704
causing	704
chase	704
chi	704
coding	704
colombia	704
confidential	704
corporations	704
courtesy	704
creator	704
criticism	704
curve	704
damn	704
decades	704
democrats	704
detected	704
diagnostic	704
distributor	704
downloaded	704
eggs	704
ep	704
extract	704
fame	704
gathering	704
gbp	704
hang	704
hb	704
headset	704
hiking	704
hood	704
housewares	704
indianapolis	704
indicator	704
initially	704
injection	704
ins	704
isp	704
jelsoft	704
jp	704
jpg	704
judges	704
juice	704
juvenile	704
lamps	704
lb	704
logical	704
mathematical	704
methodology	704
mistake	704
museums	704
nissan	704
northeast	704
norton	704
oakland	704
paintings	704
panama	704
passage	704
payable	704
photograph	704
photoshop	704
pierre	704
pointed	704
populations	704
projection	704
protective	704
qualifications	704
railway	704
recycling	704
remarks	704
reputation	704
resistant	704
retired	704
rfc	704
sauce	704
seo	704
sl	704
slideshow	704
somebody	704
specialized	704
stack	704
statutory	704
sue	704
suicide	704
tracker	704
transferred	704
trunk	704
underlying	704
variation	704
walked	704
waves	704
wrestling	704
yorkshire	704
adjusted	703
announces	703
artificial	703
artwork	703
astronomy	703
beads	703
bearing	703
bedding	703
berkeley	703
bikes	703
bishop	703
brad	703
broadcasting	703
builders	703
canvas	703
carriers	703
cemetery	703
claimed	703
coaching	703
combo	703
compression	703
connector	703
constitutional	703
contests	703
coordination	703
corn	703
cosmetic	703
costume	703
counters	703
coupon	703
croatia	703
cultures	703
dildos	703
drew	703
ecommerce	703
edwards	703
eliminate	703
encoding	703
equally	703
establishing	703
ethical	703
examined	703
exploration	703
farmer	703
fewer	703
fisher	703
floral	703
flows	703
flu	703
fortune	703
fusion	703
gangbang	703
gates	703
gp	703
grew	703
heading	703
heroes	703
horizontal	703
informational	703
instantly	703
ir	703
joining	703
killer	703
lanka	703
litigation	703
locked	703
lycos	703
mineral	703
mins	703
mlb	703
mobility	703
neutral	703
norfolk	703
nurses	703
oem	703
opt	703
painted	703
parish	703
perfectly	703
planner	703
portrait	703
preference	703
prospective	703
proxy	703
pulled	703
puts	703
rap	703
rat	703
resulted	703
ruby	703
schemes	703
screens	703
seasonal	703
sequences	703
shaped	703
slave	703
spears	703
spectacular	703
ssl	703
stadium	703
steering	703
stem	703
struggle	703
submissions	703
suffering	703
sunglasses	703
tagged	703
tc	703
terrorist	703
threshold	703
ties	703
tin	703
translate	703
trek	703
tune	703
ultimately	703
venezuela	703
voted	703
zdnet	703
activation	702
affiliated	702
alien	702
anybody	702
anymore	702
barcelona	702
bargains	702
basin	702
branches	702
broke	702
browsing	702
bunch	702
byte	702
cb	702
ceiling	702
charm	702
cod	702
complexity	702
considerable	702
constantly	702
constraints	702
cottage	702
crimes	702
crossing	702
cv	702
delhi	702
diamonds	702
difficulties	702
dimensional	702
discs	702
documentary	702
dos	702
drunk	702
ensuring	702
espn	702
fleet	702
frequent	702
gen	702
guilty	702
haven	702
hispanic	702
holdings	702
hospitality	702
inclusive	702
jews	702
juan	702
jury	702
latex	702
lawn	702
legislature	702
locator	702
melissa	702
mitsubishi	702
moscow	702
mozilla	702
msg	702
naturally	702
nepal	702
nigeria	702
nose	702
nylon	702
oclc	702
palestinian	702
pantyhose	702
pixels	702
plc	702
potentially	702
presidential	702
processors	702
procurement	702
ranch	702
resolve	702
resolved	702
rocky	702
selecting	702
seniors	702
soup	702
subscribers	702
tablet	702
tail	702
territories	702
thesis	702
thru	702
toner	702
trim	702
underwear	702
untitled	702
violent	702
worlds	702
zimbabwe	702
aaa	701
afford	701
amenities	701
architectural	701
assignments	701
authentic	701
authorization	701
bp	701
breath	701
brilliant	701
brooklyn	701
bull	701
candle	701
cents	701
civic	701
cole	701
colored	701
comparative	701
deemed	701
depend	701
differ	701
distinct	701
docs	701
doug	701
elegant	701
evaluated	701
exercises	701
expenditure	701
fc	701
formerly	701
fw	701
gains	701
gel	701
genealogy	701
grain	701
grill	701
gs	701
hanging	701
herbal	701
highlight	701
hopefully	701
households	701
inclusion	701
liverpool	701
louisville	701
loving	701
lung	701
lynn	701
macintosh	701
manuals	701
marriott	701
mart	701
monica	701
montgomery	701
movements	701
nhl	701
omega	701
opposed	701
optimal	701
panties	701
projector	701
protocols	701
psychological	701
quit	701
ranging	701
redeem	701
referral	701
regime	701
renewal	701
repairs	701
retailer	701
reuters	701
rogers	701
routing	701
saver	701
scoring	701
seeks	701
sees	701
singing	701
sisters	701
situated	701
spoken	701
stanley	701
starring	701
stayed	701
std	701
strictly	701
substitute	701
sucking	701
surprised	701
surveillance	701
tale	701
termination	701
theoretical	701
thereof	701
ti	701
todd	701
totals	701
turner	701
verified	701
vid	701
virtually	701
vitamins	701
wanna	701
watched	701
wishes	701
adapters	700
aimed	700
algorithms	700
analyses	700
approx	700
arabic	700
arch	700
asin	700
assault	700
atomic	700
bbw	700
bomb	700
bowling	700
bronze	700
brush	700
celebrities	700
chains	700
cheat	700
coin	700
collaborative	700
commander	700
connecting	700
connectivity	700
correspondence	700
critics	700
cure	700
danish	700
deer	700
deviant	700
drawings	700
engage	700
essentials	700
excluding	700
expansys	700
expenditures	700
faced	700
fake	700
farms	700
fda	700
filename	700
florence	700
fs	700
gauge	700
hacker	700
harm	700
hdtv	700
headed	700
honey	700
imports	700
intensive	700
interval	700
invest	700
investigate	700
junction	700
justin	700
kingston	700
kodak	700
logistics	700
lovers	700
macro	700
madonna	700
madrid	700
margin	700
mat	700
mirrors	700
monkey	700
murphy	700
ni	700
nn	700
noon	700
norman	700
oo	700
oven	700
pal	700
panels	700
phillips	700
produces	700
proportion	700
protecting	700
quoted	700
rachel	700
repeated	700
reset	700
salon	700
sandy	700
scenario	700
screenshots	700
sender	700
separation	700
significance	700
similarly	700
sixth	700
skirt	700
soldier	700
solely	700
solving	700
spare	700
spotlight	700
spots	700
suggestion	700
supervision	700
suspect	700
switching	700
symposium	700
ted	700
testimony	700
thats	700
thinks	700
thy	700
tongue	700
transmitted	700
tri	700
tricks	700
turbo	700
um	700
voters	700
weekends	700
ye	700
adjacent	699
alt	699
attending	699
autos	699
benjamin	699
blend	699
boundaries	699
bow	699
burden	699
butter	699
cams	699
cargo	699
cbs	699
celebration	699
chef	699
citation	699
cloth	699
colleagues	699
comp	699
crucial	699
damaged	699
deployment	699
depot	699
destroy	699
directive	699
dl	699
dozen	699
emission	699
exotic	699
filtering	699
finest	699
fx	699
governing	699
grocery	699
gym	699
harrison	699
imperial	699
isle	699
janet	699
joel	699
julie	699
kde	699
kenneth	699
laugh	699
likes	699
lotus	699
ls	699
luggage	699
luke	699
luxembourg	699
mandatory	699
maple	699
mate	699
occasionally	699
offensive	699
offshore	699
olympus	699
penn	699
pepper	699
perry	699
pete	699
pie	699
piss	699
pitch	699
premises	699
proc	699
proved	699
puzzles	699
races	699
reaching	699
realty	699
receptor	699
recruiting	699
retailers	699
salem	699
salmon	699
separated	699
signup	699
slim	699
spec	699
spouse	699
stamp	699
starter	699
studying	699
stylish	699
surgical	699
syndication	699
tan	699
tapes	699
teeth	699
threats	699
tuition	699
upgrades	699
vb	699
viewer	699
weapon	699
yo	699
zones	699
advocacy	698
annually	698
anxiety	698
apparent	698
arranged	698
assessments	698
atm	698
attach	698
autumn	698
balanced	698
beijing	698
bingo	698
biotechnology	698
blair	698
boob	698
brooks	698
burns	698
calculation	698
catherine	698
cedar	698
ceramic	698
chuck	698
cms	698
composite	698
considerations	698
consolidated	698
cox	698
dale	698
debug	698
delayed	698
delivers	698
designing	698
diagram	698
ebook	698
ebooks	698
ejaculation	698
eq	698
equations	698
essentially	698
exceptional	698
excited	698
exclude	698
explicit	698
fingering	698
fingers	698
fold	698
footwear	698
helen	698
hon	698
hopes	698
instructional	698
jackets	698
je	698
lang	698
leeds	698
licenses	698
lopez	698
lt	698
mario	698
mason	698
midi	698
minds	698
mounting	698
musicians	698
necklace	698
newton	698
occasions	698
oils	698
outreach	698
packed	698
pays	698
peeing	698
peoples	698
permissions	698
phpbb	698
pos	698
precious	698
prescribed	698
probe	698
prompt	698
pumps	698
qualify	698
queensland	698
raleigh	698
ranked	698
recover	698
reproduced	698
respondents	698
routes	698
scanners	698
sept	698
sg	698
slut	698
spatial	698
stud	698
sunny	698
talked	698
theaters	698
threaded	698
tied	698
timely	698
toilet	698
traveling	698
unavailable	698
unto	698
upskirts	698
uv	698
vic	698
victor	698
villas	698
whilst	698
xanax	698
abortion	697
addiction	697
addressing	697
advised	697
angry	697
antivirus	697
approve	697
assisted	697
bangladesh	697
baseline	697
beatles	697
belong	697
bend	697
blast	697
botswana	697
brake	697
brazilian	697
brunswick	697
cab	697
calcium	697
calgary	697
candles	697
chose	697
chrome	697
clone	697
compete	697
composed	697
compound	697
concluded	697
congo	697
constitute	697
cyber	697
delays	697
demonstration	697
desperate	697
dialog	697
dicks	697
discounted	697
divine	697
ecology	697
enhancement	697
escort	697
exterior	697
fa	697
glen	697
governmental	697
graduation	697
greeting	697
harvest	697
honolulu	697
hudson	697
iceland	697
identical	697
indians	697
intensity	697
interim	697
isolated	697
ist	697
lambda	697
lips	697
locally	697
lover	697
manufactured	697
mega	697
membrane	697
moms	697
morocco	697
mothers	697
nascar	697
nav	697
newcastle	697
newport	697
norwegian	697
oasis	697
olive	697
oliver	697
pairs	697
performances	697
petroleum	697
phys	697
pickup	697
pole	697
prague	697
preservation	697
previews	697
ranges	697
refused	697
relay	697
removing	697
retention	697
sacred	697
sailing	697
scored	697
sensitivity	697
shield	697
silicon	697
societies	697
spider	697
springfield	697
streaming	697
syndicate	697
synthesis	697
tears	697
technological	697
tommy	697
trails	697
undefined	697
unemployment	697
utils	697
variations	697
velocity	697
venues	697
verizon	697
wellness	697
adjust	696
advances	696
advertiser	696
arrested	696
assessed	696
barnes	696
bizrate	696
ceremony	696
chad	696
chapel	696
cnn	696
collecting	696
cu	696
daddy	696
dam	696
darkness	696
das	696
destroyed	696
dns	696
dominican	696
downloadable	696
drag	696
dying	696
electron	696
enabling	696
encryption	696
exchanges	696
expanding	696
exports	696
ferry	696
filling	696
focuses	696
friendship	696
frozen	696
gained	696
gamespot	696
heather	696
hebrew	696
homework	696
icq	696
implied	696
imposed	696
investigations	696
joke	696
josh	696
laboratories	696
laundry	696
layers	696
lc	696
lemon	696
lil	696
loads	696
malta	696
manufacture	696
medications	696
motel	696
nail	696
nuts	696
observer	696
occupied	696
omaha	696
organ	696
packing	696
participant	696
passport	696
physiology	696
placing	696
pond	696
possession	696
profession	696
provincial	696
pty	696
rabbit	696
rally	696
recreational	696
rejected	696
rely	696
respondent	696
ripe	696
rochester	696
rolls	696
royalty	696
satisfy	696
scales	696
scholarships	696
scsi	696
seating	696
separately	696
shelter	696
silence	696
solaris	696
solomon	696
somehow	696
sophisticated	696
soundtrack	696
soviet	696
sox	696
span	696
stanford	696
statute	696
stockings	696
stops	696
strain	696
stronger	696
stuck	696
sunshine	696
sys	696
thomson	696
thumbnails	696
tire	696
toxic	696
trainer	696
treasury	696
treaty	696
unions	696
vegetables	696
vienna	696
vocal	696
volumes	696
warrant	696
wondering	696
wordpress	696
ws	696
yamaha	696
absent	695
accessed	695
accidents	695
accordingly	695
accountability	695
accredited	695
ali	695
appliance	695
architect	695
ash	695
asks	695
bahamas	695
bean	695
bench	695
bobby	695
borders	695
butts	695
celebrate	695
cgi	695
challenging	695
cheapest	695
christianity	695
christians	695
christina	695
clouds	695
competitions	695
composer	695
compressed	695
concentrations	695
congressional	695
contributors	695
coral	695
cosmetics	695
cups	695
discretion	695
dt	695
easter	695
ecuador	695
estonia	695
executed	695
foam	695
generating	695
guided	695
hampton	695
harder	695
hardly	695
hoping	695
impressive	695
inns	695
integral	695
jeremy	695
jo	695
jvc	695
katie	695
landing	695
lectures	695
logging	695
microwave	695
mixture	695
modifications	695
monroe	695
mortality	695
namibia	695
negotiations	695
np	695
nursery	695
pads	695
paste	695
perspectives	695
photographic	695
pixel	695
poem	695
powell	695
prairie	695
praise	695
preserve	695
radius	695
railroad	695
realistic	695
relax	695
relocation	695
repository	695
reunion	695
rider	695
salad	695
salvador	695
scheduling	695
sells	695
sheep	695
showcase	695
signing	695
spirits	695
staying	695
streams	695
stuart	695
sword	695
synopsis	695
tanzania	695
temperatures	695
tender	695
tft	695
theories	695
therapeutic	695
travesti	695
tub	695
univ	695
unsigned	695
venice	695
veteran	695
vibrator	695
vibrators	695
violations	695
vulnerability	695
wines	695
zoophilia	695
accused	694
achieving	694
acids	694
acquire	694
additionally	694
admit	694
admitted	694
airports	694
analyze	694
anchor	694
ashley	694
bases	694
beaches	694
beaver	694
bee	694
begun	694
beliefs	694
bias	694
bride	694
brunette	694
bubble	694
cambodia	694
campaigns	694
cfr	694
chaos	694
cheaper	694
cholesterol	694
chronicles	694
ci	694
colin	694
colours	694
companion	694
compiler	694
concerts	694
confused	694
conjunction	694
contrary	694
copyrights	694
corruption	694
dairy	694
decorative	694
defines	694
differential	694
distribute	694
divisions	694
dramatic	694
eagles	694
enlargement	694
equality	694
essex	694
exceptions	694
execute	694
fancy	694
fellowship	694
fisheries	694
float	694
focusing	694
folders	694
forests	694
gathered	694
gc	694
genres	694
imported	694
incentives	694
indigenous	694
instances	694
invalid	694
kijiji	694
lauren	694
leasing	694
lithuania	694
loud	694
macromedia	694
males	694
martial	694
mastercard	694
mem	694
millennium	694
nano	694
notified	694
obtaining	694
packets	694
parade	694
patents	694
paths	694
por	694
rats	694
reactions	694
readings	694
relate	694
retain	694
samoa	694
scroll	694
slovenia	694
socks	694
squad	694
stat	694
stickers	694
suffer	694
surfaces	694
swim	694
tap	694
terrible	694
tribune	694
trigger	694
tunnel	694
unity	694
updating	694
validation	694
vessel	694
victorian	694
vii	694
viruses	694
wages	694
wheat	694
yn	694
actively	693
affecting	693
affects	693
aggregate	693
alleged	693
ampland	693
annex	693
apps	693
arlington	693
arnold	693
arthritis	693
assuming	693
baptist	693
bare	693
bios	693
bolivia	693
bridal	693
butler	693
cattle	693
chem	693
chicks	693
ciao	693
clocks	693
compile	693
complicated	693
compounds	693
construct	693
contracting	693
controlling	693
coordinate	693
cruz	693
cuisine	693
curious	693
cycles	693
ddr	693
detect	693
distributors	693
downloading	693
dresses	693
drums	693
eclipse	693
elderly	693
emily	693
exclusively	693
extraordinary	693
fastest	693
females	693
fever	693
flame	693
floating	693
forecasts	693
freight	693
graduates	693
gsm	693
hiring	693
hottest	693
hung	693
illustration	693
indicating	693
inflation	693
inquiries	693
inspiration	693
jeep	693
knee	693
kuwait	693
levitra	693
limitation	693
mag	693
mba	693
meetup	693
monetary	693
mono	693
myspace	693
nb	693
nevertheless	693
particles	693
pb	693
pendant	693
pit	693
plymouth	693
pmc	693
pope	693
practitioners	693
pray	693
prep	693
radical	693
reasonably	693
rebate	693
rec	693
recommends	693
reflects	693
reload	693
routers	693
rover	693
ruth	693
rx	693
scientist	693
shopzilla	693
shuttle	693
sluts	693
spell	693
squirting	693
starsmerchant	693
stevens	693
struck	693
structured	693
stunning	693
stylus	693
sudan	693
surely	693
tanks	693
taxation	693
thee	693
theorem	693
tile	693
topless	693
transcript	693
treasure	693
tribal	693
wallace	693
warnings	693
webster	693
widescreen	693
advise	692
americas	692
amino	692
analytical	692
argue	692
arise	692
assumption	692
bangkok	692
barrier	692
barriers	692
beverage	692
bicycle	692
bitch	692
bottles	692
boxing	692
bra	692
brisbane	692
bryan	692
canal	692
cant	692
celtic	692
cet	692
chess	692
circulation	692
clinics	692
collapse	692
configured	692
conflicts	692
connectors	692
contributing	692
cookbook	692
costumes	692
courier	692
cow	692
decorating	692
dive	692
dm	692
drill	692
duck	692
elvis	692
expressions	692
festivals	692
forestry	692
furnishings	692
genesis	692
gif	692
gpl	692
guatemala	692
handjob	692
herbs	692
hints	692
hobby	692
hughes	692
humidity	692
immune	692
incorrect	692
infected	692
infections	692
injured	692
invention	692
irc	692
jamie	692
jd	692
jeffrey	692
jerusalem	692
joan	692
latvia	692
letting	692
lying	692
manitoba	692
martha	692
menus	692
metals	692
minerals	692
missions	692
mls	692
nickname	692
oe	692
offense	692
offerings	692
operates	692
ordinance	692
oscar	692
particle	692
pathology	692
payroll	692
perception	692
phi	692
photographers	692
possibilities	692
pros	692
protest	692
rarely	692
renaissance	692
reveal	692
saddam	692
sara	692
shakespeare	692
strict	692
survive	692
techno	692
thereby	692
threesome	692
ton	692
trains	692
transexuales	692
travelers	692
tribute	692
tries	692
twinks	692
unlikely	692
uploaded	692
watson	692
wired	692
wy	692
accompanied	691
acer	691
andreas	691
assure	691
audi	691
avi	691
bdsm	691
blame	691
brick	691
bridges	691
butterfly	691
cabin	691
cameron	691
cancellation	691
captured	691
carlos	691
casting	691
childrens	691
closure	691
cognitive	691
columnists	691
consensus	691
copying	691
cordless	691
counting	691
dayton	691
decent	691
defining	691
delivering	691
devoted	691
diploma	691
dirt	691
dist	691
div	691
donna	691
drops	691
eddie	691
enquiries	691
enquiry	691
enrolled	691
executives	691
exploring	691
fifty	691
fiji	691
freebsd	691
geek	691
geneva	691
grip	691
handed	691
headers	691
heavily	691
hormone	691
horn	691
hourly	691
ide	691
incentive	691
informal	691
inline	691
innocent	691
intake	691
intense	691
invitation	691
jacob	691
jc	691
meanwhile	691
mechanics	691
medieval	691
ministers	691
mistakes	691
myers	691
naval	691
numerical	691
ons	691
patricia	691
pichunter	691
pins	691
playlist	691
plugins	691
polo	691
porcelain	691
ppc	691
predicted	691
princeton	691
proprietary	691
prostores	691
publicly	691
raid	691
randy	691
reflection	691
registrar	691
relevance	691
reno	691
reseller	691
rpg	691
ruling	691
saskatchewan	691
scanning	691
screw	691
sensors	691
shortly	691
showers	691
sink	691
sodium	691
spirituality	691
staffing	691
statutes	691
steady	691
suffered	691
supporters	691
swingers	691
technician	691
thehun	691
thumbzilla	691
timber	691
timothy	691
translated	691
trick	691
tucson	691
uganda	691
uncle	691
valium	691
veterinary	691
volt	691
warrior	691
washing	691
watt	691
wider	691
withdrawal	691
xnxx	691
abs	690
accomplished	690
adidas	690
anger	690
arg	690
ati	690
auckland	690
barbados	690
bizarre	690
boolean	690
boom	690
brussels	690
buzz	690
calculations	690
calculators	690
calm	690
capitol	690
champions	690
chances	690
charleston	690
chrysler	690
circular	690
comparing	690
conducting	690
correlation	690
crops	690
disagree	690
dishes	690
diy	690
doe	690
episodes	690
exempt	690
exhaust	690
extends	690
fired	690
flip	690
floors	690
fragrance	690
frog	690
fruits	690
geo	690
geometry	690
glenn	690
gorgeous	690
grammar	690
gregory	690
guild	690
handled	690
handy	690
happiness	690
harvey	690
hazard	690
identifier	690
illustrations	690
impression	690
inappropriate	690
intention	690
interact	690
journalism	690
jpeg	690
kissing	690
klein	690
legends	690
leo	690
livesex	690
logs	690
mainland	690
mcdonald	690
neighbors	690
nervous	690
nuke	690
olympics	690
pd	690
perth	690
plumbing	690
projectors	690
prot	690
reduces	690
refuse	690
replica	690
retro	690
ribbon	690
rid	690
rna	690
selections	690
semiconductor	690
sim	690
slovakia	690
snap	690
startup	690
statewide	690
substantially	690
suits	690
superb	690
suzuki	690
swap	690
syria	690
tgp	690
tires	690
trades	690
transparent	690
tribe	690
trinidad	690
trinity	690
trivia	690
undertaken	690
ur	690
wal	690
worldsex	690
advocate	689
albuquerque	689
alfred	689
alter	689
amend	689
anticipated	689
appreciated	689
arrange	689
artistic	689
assumptions	689
asthma	689
backed	689
bat	689
batch	689
bones	689
booth	689
breed	689
buf	689
burton	689
carey	689
chick	689
coaches	689
colonial	689
comparable	689
completing	689
confusion	689
copied	689
copyrighted	689
davidson	689
detector	689
developmental	689
distinguished	689
documented	689
eco	689
edges	689
escorts	689
evaluating	689
fallen	689
farming	689
fitted	689
fork	689
gather	689
genome	689
ghana	689
gibson	689
gmbh	689
handles	689
harbour	689
harmony	689
honors	689
hydrogen	689
ignored	689
indie	689
inputs	689
introducing	689
invoice	689
keyboards	689
knives	689
latino	689
ld	689
lip	689
ln	689
mainstream	689
maternity	689
medal	689
mf	689
mixing	689
msgid	689
nicole	689
notifications	689
organize	689
oriental	689
paperbacks	689
pharmacies	689
polar	689
precise	689
projected	689
reflected	689
regulated	689
respiratory	689
reward	689
rip	689
roller	689
sage	689
sap	689
scotia	689
shanghai	689
shareholders	689
sims	689
skilled	689
sol	689
speaks	689
sprint	689
subcommittee	689
sucks	689
suse	689
sussex	689
thong	689
transexual	689
tray	689
triangle	689
troy	689
twins	689
uc	689
unified	689
vessels	689
vocational	689
vulnerable	689
walks	689
warranties	689
webshots	689
windsor	689
zambia	689
zope	689
abilities	688
adipex	688
allied	688
amanda	688
amongst	688
arrest	688
attitudes	688
attract	688
bacteria	688
bathrooms	688
beans	688
behavioral	688
bermuda	688
berry	688
bookmarks	688
bosnia	688
brighton	688
browsers	688
cave	688
collar	688
confident	688
consortium	688
containers	688
creativity	688
danny	688
decreased	688
deeply	688
delicious	688
describing	688
dies	688
disable	688
dp	688
durable	688
ellis	688
embassy	688
exhibitions	688
exhibits	688
eyed	688
fg	688
finite	688
fixes	688
fool	688
forming	688
foundations	688
grab	688
hereby	688
horizon	688
ht	688
hungarian	688
ict	688
indirect	688
initiated	688
insights	688
inspector	688
integrate	688
jail	688
journalists	688
julia	688
karaoke	688
karl	688
kelkoo	688
kidney	688
lancaster	688
lending	688
leonard	688
liabilities	688
lightning	688
lloyd	688
lonely	688
marina	688
mazda	688
midwest	688
mobiles	688
moisture	688
motels	688
msgstr	688
mw	688
nipple	688
nonprofit	688
novels	688
nu	688
observe	688
officially	688
oops	688
optics	688
ou	688
ought	688
overcome	688
patio	688
periodically	688
plains	688
playboy	688
prizes	688
proceeds	688
pts	688
pursue	688
quotations	688
racial	688
raymond	688
rebecca	688
recipients	688
reminder	688
replied	688
retrieved	688
rh	688
riverside	688
roster	688
rrp	688
safely	688
screenshot	688
seafood	688
searched	688
sends	688
simultaneously	688
sku	688
slight	688
snake	688
sociology	688
succeed	688
sullivan	688
surfing	688
suspended	688
terrace	688
throws	688
tolerance	688
toolbox	688
traditions	688
trap	688
ve	688
volleyball	688
wool	688
xi	688
za	688
accessing	687
administered	687
advertisements	687
aggressive	687
aj	687
alignment	687
analysts	687
arctic	687
attempted	687
aye	687
belly	687
beneath	687
bernard	687
beverly	687
biol	687
bk	687
britannica	687
bullet	687
bundle	687
cia	687
col	687
comm	687
competitors	687
consciousness	687
custody	687
defend	687
deposits	687
determines	687
disturbed	687
duncan	687
dx	687
educators	687
ellen	687
encounter	687
exams	687
floyd	687
forty	687
frederick	687
fujitsu	687
futures	687
gods	687
gotten	687
haiti	687
hammer	687
hart	687
henderson	687
highs	687
humanities	687
hz	687
independently	687
infrared	687
invasion	687
ipaq	687
lace	687
latitude	687
launches	687
locale	687
mailed	687
masturbating	687
medicaid	687
ment	687
midlands	687
mistress	687
nasdaq	687
nasty	687
nhs	687
nicholas	687
notion	687
oc	687
ooo	687
priest	687
quarters	687
queue	687
racks	687
referring	687
reprints	687
resolutions	687
rewards	687
rocket	687
ronald	687
rows	687
runner	687
scratch	687
seventh	687
sk	687
skins	687
soonest	687
spelling	687
spencer	687
sq	687
ste	687
stolen	687
strengthen	687
sublimedirectory	687
symantec	687
tablets	687
tex	687
timer	687
towers	687
trance	687
transform	687
treo	687
trustees	687
tubes	687
tumor	687
tuning	687
tyler	687
ugly	687
une	687
uruguay	687
vegetable	687
verse	687
visibility	687
wanting	687
watts	687
welsh	687
wichita	687
witnesses	687
yu	687
adelaide	686
agrees	686
airfare	686
anatomy	686
appreciation	686
athletes	686
backgrounds	686
bali	686
belarus	686
belize	686
beneficial	686
bloggers	686
bradley	686
breakdown	686
buried	686
caring	686
cheers	686
chester	686
clarity	686
cn	686
comparisons	686
complications	686
cons	686
consistently	686
crap	686
cube	686
darwin	686
debut	686
defects	686
deny	686
dig	686
distributions	686
dod	686
dominant	686
dpi	686
ears	686
elder	686
emirates	686
encouraging	686
essence	686
ethiopia	686
expo	686
fate	686
fist	686
fitting	686
fixtures	686
flooring	686
folding	686
fraction	686
furnished	686
galaxy	686
generations	686
gis	686
gravity	686
guitars	686
headphones	686
holmes	686
humanity	686
incorporate	686
itunes	686
jm	686
judy	686
lenders	686
lightweight	686
loc	686
marker	686
mere	686
mighty	686
milton	686
minimize	686
monaco	686
motivation	686
nat	686
naturals	686
neo	686
newbie	686
obituaries	686
om	686
partially	686
passengers	686
penny	686
petersburg	686
pharmacology	686
poly	686
powerpoint	686
proceeding	686
promised	686
providence	686
punishment	686
quantities	686
ranks	686
reconstruction	686
remembered	686
restriction	686
robust	686
rugs	686
sandra	686
scholars	686
scripting	686
sculpture	686
segments	686
settled	686
shaw	686
snapshot	686
sonic	686
specifics	686
sponsorship	686
stomach	686
strengths	686
subsequently	686
subsidiary	686
surplus	686
synthetic	686
taxi	686
terrorists	686
testament	686
thumb	686
tournaments	686
tp	686
transcription	686
treasurer	686
trio	686
twist	686
uncertainty	686
vaccine	686
viewpicture	686
volkswagen	686
volvo	686
vp	686
wilderness	686
worn	686
wp	686
zoning	686
aboriginal	685
abstracts	685
accommodate	685
activated	685
actress	685
alias	685
alpine	685
andale	685
andrea	685
appraisal	685
armenia	685
armstrong	685
ascii	685
assign	685
aurora	685
aus	685
bailey	685
battlefield	685
bennett	685
benz	685
bookings	685
boulevard	685
breeding	685
breeds	685
bulgarian	685
cashiers	685
cg	685
championships	685
citations	685
cite	685
cleaners	685
closest	685
compliant	685
conferencing	685
consisting	685
cooler	685
diane	685
dis	685
disclaimers	685
disco	685
discusses	685
donor	685
earl	685
ecological	685
emotions	685
endif	685
envelope	685
eternal	685
eugene	685
excluded	685
fabulous	685
finishing	685
fwd	685
gdp	685
geographical	685
grande	685
gras	685
guam	685
gui	685
homeland	685
hotmail	685
href	685
hwy	685
imagination	685
implies	685
incoming	685
individually	685
ivory	685
ix	685
joshua	685
jungle	685
kay	685
lender	685
lexmark	685
lit	685
literally	685
manor	685
maritime	685
mess	685
metric	685
milan	685
minolta	685
minus	685
mozambique	685
nam	685
newer	685
oval	685
overhead	685
penalties	685
periodic	685
pharmaceuticals	685
pig	685
politicians	685
porter	685
prediction	685
premiere	685
preventing	685
productive	685
prospect	685
prospects	685
rapids	685
refurbished	685
remarkable	685
remix	685
republicans	685
responded	685
rim	685
rn	685
rotation	685
ser	685
shapes	685
sheffield	685
shipment	685
slides	685
soma	685
spice	685
submitting	685
tension	685
thesaurus	685
threatened	685
tier	685
tigers	685
trackbacks	685
trash	685
una	685
varied	685
ver	685
wellington	685
wifi	685
zen	685
academics	684
accepting	684
ada	684
appointments	684
approximate	684
architects	684
argued	684
bahrain	684
betty	684
biographies	684
bm	684
burner	684
cabinets	684
carries	684
carroll	684
chambers	684
characteristic	684
chorus	684
christine	684
chronicle	684
chubby	684
cigarette	684
claire	684
clarke	684
clicks	684
consequently	684
consist	684
cowboy	684
deeper	684
defeat	684
devon	684
dietary	684
digit	684
distinction	684
dump	684
duo	684
egyptian	684
enormous	684
entrepreneur	684
excessive	684
exemption	684
fighters	684
findlaw	684
finnish	684
fog	684
foo	684
footage	684
fountain	684
freelance	684
gba	684
gentle	684
gotta	684
grave	684
greetings	684
harper	684
hazards	684
headline	684
helena	684
honduras	684
hose	684
howto	684
incomplete	684
inherited	684
insured	684
investigator	684
isolation	684
karma	684
legitimate	684
lions	684
livestock	684
lobby	684
lucas	684
lyric	684
mardi	684
marilyn	684
marion	684
matched	684
mediterranean	684
metallica	684
muslims	684
narrative	684
naughty	684
nightlife	684
outlined	684
plaintiff	684
pools	684
precipitation	684
prisoners	684
programmer	684
pubs	684
punch	684
quantitative	684
queens	684
rational	684
regarded	684
reveals	684
rhythm	684
rope	684
saints	684
saves	684
screensaver	684
screensavers	684
shade	684
shake	684
shemales	684
sig	684
speeds	684
str	684
subdivision	684
sudden	684
sustainability	684
sustained	684
symphony	684
tattoo	684
tb	684
tenant	684
treating	684
tribes	684
tunisia	684
unexpected	684
valuation	684
villages	684
vip	684
vocals	684
warming	684
worthy	684
yrs	684
accreditation	683
adapted	683
adjustments	683
aerospace	683
affiliation	683
algebra	683
andrews	683
balloon	683
barely	683
belkin	683
belongs	683
blackberry	683
borough	683
bracelets	683
brandon	683
breathing	683
briefing	683
briefly	683
cayman	683
civilian	683
clan	683
combining	683
commodity	683
consoles	683
dem	683
democrat	683
diana	683
discussing	683
ensures	683
estates	683
extending	683
failing	683
fatal	683
fbi	683
fence	683
fighter	683
flesh	683
formatting	683
freely	683
funk	683
fur	683
genius	683
giants	683
graphical	683
gratuit	683
ham	683
hartford	683
hawaiian	683
highland	683
holly	683
hull	683
infinite	683
instrumental	683
invisible	683
jaguar	683
jesse	683
ka	683
kazakhstan	683
legally	683
lindsay	683
logitech	683
macedonia	683
magnet	683
maintains	683
marble	683
marcus	683
meaningful	683
meditation	683
memo	683
mercy	683
mesa	683
microphone	683
mild	683
moderators	683
modular	683
nicaragua	683
nudist	683
nutritional	683
organizing	683
pamela	683
partition	683
porsche	683
qatar	683
readily	683
realtors	683
reel	683
relatives	683
remedy	683
retained	683
retreat	683
revolutionary	683
rj	683
rug	683
satisfactory	683
shadows	683
shame	683
shed	683
sheer	683
shortcuts	683
silly	683
soc	683
solved	683
specifies	683
standings	683
sunrise	683
surrey	683
sync	683
tar	683
telephony	683
thickness	683
tide	683
timeline	683
translations	683
voyeurweb	683
wav	683
weblogs	683
wherever	683
winston	683
wrapping	683
yea	683
accepts	682
accurately	682
acknowledge	682
acre	682
aerial	682
antigua	682
aqua	682
attempting	682
barrel	682
beth	682
bind	682
bon	682
boring	682
boulder	682
bradford	682
buck	682
carnival	682
catalogs	682
caution	682
chan	682
chelsea	682
chen	682
cigarettes	682
circuits	682
cohen	682
combines	682
competing	682
congratulations	682
consecutive	682
considers	682
consultancy	682
controllers	682
conventions	682
coordinates	682
cornell	682
coupled	682
cylinder	682
dans	682
dare	682
deficit	682
dept	682
deserve	682
divide	682
dom	682
eh	682
emma	682
enemies	682
enjoying	682
euros	682
ev	682
eva	682
expires	682
finances	682
floppy	682
fp	682
garbage	682
gothic	682
graphs	682
gst	682
guarantees	682
hack	682
handbags	682
harold	682
hc	682
hopkins	682
hydrocodone	682
identifies	682
incurred	682
indication	682
infants	682
interstate	682
italiano	682
jar	682
jill	682
jj	682
kai	682
kathy	682
kilometers	682
len	682
locks	682
lows	682
lucia	682
mailto	682
mas	682
metadata	682
miniature	682
ministries	682
modelling	682
myanmar	682
namely	682
nerve	682
nottingham	682
obj	682
parliamentary	682
patrol	682
peninsula	682
pest	682
phrases	682
physically	682
pirates	682
planets	682
pointing	682
posing	682
prefix	682
promises	682
promo	682
puppy	682
qualification	682
questionnaire	682
quizzes	682
rand	682
rca	682
reaches	682
reef	682
renew	682
representations	682
responding	682
revenge	682
reynolds	682
roughly	682
rp	682
satin	682
savannah	682
schema	682
sie	682
smell	682
sofa	682
somerset	682
speeches	682
stakeholders	682
sticker	682
surround	682
tba	682
tent	682
texture	682
thanksgiving	682
thoroughly	682
thunder	682
tunes	682
typing	682
urgent	682
usgs	682
vacancies	682
viii	682
wang	682
witch	682
worried	682
acdbentity	681
albania	681
algeria	681
allergy	681
ambien	681
amplifier	681
ana	681
answering	681
arbitrary	681
assessing	681
basement	681
blessed	681
builds	681
bye	681
cardiff	681
casio	681
cdt	681
centuries	681
citizenship	681
combinations	681
computational	681
condo	681
consequence	681
conspiracy	681
contacted	681
cornwall	681
cos	681
cumulative	681
deutsche	681
df	681
dh	681
disks	681
drain	681
dude	681
earthquake	681
edmonton	681
eds	681
enzyme	681
epic	681
erp	681
evident	681
excuse	681
explicitly	681
ez	681
failures	681
fairy	681
favors	681
fcc	681
fires	681
fragrances	681
fundraising	681
geological	681
gl	681
handhelds	681
hans	681
hawk	681
hindu	681
hired	681
impressed	681
indexes	681
innovations	681
introduces	681
irs	681
junk	681
kills	681
kitty	681
lamb	681
lasting	681
lean	681
leone	681
leslie	681
lexington	681
licking	681
lucy	681
luis	681
madagascar	681
magnitude	681
makeup	681
markers	681
merit	681
monte	681
nails	681
nathan	681
nut	681
occasional	681
onion	681
organizer	681
origins	681
pac	681
panic	681
participated	681
perceived	681
pf	681
planes	681
poet	681
pokemon	681
postcards	681
postings	681
potato	681
preceding	681
presenting	681
prominent	681
pushed	681
rebel	681
recorders	681
reforms	681
reggae	681
rehab	681
retrieve	681
reviewing	681
richardson	681
rides	681
rl	681
ro	681
roommate	681
sake	681
sans	681
saturn	681
shaft	681
slope	681
sticks	681
strand	681
surname	681
systematic	681
tackle	681
textile	681
theology	681
titanium	681
tobago	681
transsexual	681
troubleshooting	681
twisted	681
ui	681
uzbekistan	681
vernon	681
vocabulary	681
vpn	681
wax	681
webcams	681
webmasters	681
weights	681
whats	681
wicked	681
worldcat	681
zshops	681
abandoned	680
acrylic	680
adsl	680
advisors	680
altered	680
alto	680
anaheim	680
annie	680
astrology	680
azerbaijan	680
bangbus	680
banners	680
batman	680
bd	680
beats	680
beverages	680
bloomberg	680
bo	680
boutique	680
cage	680
calibration	680
celebs	680
checklist	680
cheque	680
circles	680
coleman	680
collectors	680
complement	680
conclude	680
consistency	680
courage	680
cult	680
dash	680
derby	680
derek	680
divx	680
doctrine	680
dried	680
eau	680
efficiently	680
elevation	680
enhancements	680
entertaining	680
eval	680
extraction	680
fd	680
fears	680
fifteen	680
finals	680
flux	680
frontier	680
gazette	680
girlfriend	680
gmc	680
gore	680
harley	680
hearings	680
hh	680
hierarchy	680
hitachi	680
hugh	680
hypothesis	680
incidence	680
induction	680
influenced	680
informative	680
intersection	680
italic	680
jake	680
knights	680
lap	680
lauderdale	680
lawsuit	680
lighter	680
luther	680
mauritius	680
medicines	680
merry	680
mil	680
munich	680
muze	680
occurring	680
oman	680
palmer	680
paraguay	680
parcel	680
passive	680
passwords	680
pavilion	680
peaceful	680
pillow	680
ping	680
pontiac	680
precisely	680
predict	680
prerequisite	680
prix	680
propose	680
provinces	680
rage	680
recognised	680
refined	680
refugees	680
regression	680
reject	680
relying	680
renewable	680
requesting	680
rolled	680
sandwich	680
sao	680
scenarios	680
scenic	680
scuba	680
settle	680
sewing	680
shorter	680
spreading	680
steal	680
stopping	680
supplemental	680
tactics	680
talented	680
textbook	680
trainers	680
travelling	680
trusts	680
tuner	680
uh	680
utilization	680
uw	680
valued	680
verde	680
widespread	680
acne	679
alike	679
allowance	679
analyzed	679
angola	679
ant	679
apt	679
asn	679
atmospheric	679
avon	679
badge	679
ballot	679
belfast	679
blocked	679
bucks	679
buses	679
cadillac	679
catalyst	679
charms	679
civilization	679
cleared	679
coating	679
commented	679
corrected	679
creatures	679
criterion	679
curtis	679
dana	679
dealt	679
denial	679
designation	679
dressed	679
duplicate	679
electro	679
elephant	679
encountered	679
enhancing	679
eos	679
exec	679
expedia	679
flavor	679
gasoline	679
gays	679
gem	679
geology	679
halo	679
handjobs	679
heath	679
helmet	679
homeless	679
horrible	679
hungry	679
incidents	679
inf	679
interference	679
internationally	679
jenny	679
knowledgestorm	679
lesser	679
lexus	679
libs	679
listprice	679
malawi	679
marathon	679
maui	679
metallic	679
niagara	679
nickel	679
palestine	679
parental	679
pct	679
performs	679
peterson	679
pk	679
plastics	679
postcard	679
ppm	679
prepaid	679
pressing	679
proposition	679
psi	679
publicity	679
raises	679
rays	679
realm	679
referenced	679
remedies	679
sagem	679
salaries	679
scholar	679
scout	679
shannon	679
squirt	679
strikes	679
surrounded	679
thrown	679
toddler	679
trader	679
tremendous	679
trustee	679
tsunami	679
undo	679
uri	679
validity	679
varying	679
vcr	679
vietnamese	679
wallet	679
walt	679
warcraft	679
warriors	679
wb	679
weighted	679
wm	679
wrist	679
yemen	679
accent	678
accomplish	678
acknowledged	678
adaptor	678
ambassador	678
ambient	678
angela	678
annotated	678
aquatic	678
armor	678
aruba	678
assured	678
auburn	678
beings	678
biblical	678
bite	678
blocking	678
boating	678
broader	678
brook	678
burlington	678
buys	678
ccd	678
characterized	678
chargers	678
charitable	678
clearing	678
coated	678
conscious	678
contacting	678
continuity	678
convinced	678
corners	678
cottages	678
councils	678
develops	678
dice	678
differently	678
dispatch	678
dk	678
dock	678
doom	678
dozens	678
drainage	678
edgar	678
eleven	678
ensemble	678
equilibrium	678
ferrari	678
findarticles	678
firewire	678
framing	678
fu	678
gig	678
gilbert	678
granny	678
guards	678
habits	678
hint	678
hitting	678
hyundai	678
infectious	678
inquire	678
insulin	678
integrating	678
intend	678
investigated	678
issn	678
kenny	678
kruger	678
laden	678
limiting	678
liz	678
louise	678
merge	678
merger	678
mileage	678
mods	678
msie	678
musician	678
mysimon	678
myth	678
newfoundland	678
nextel	678
nitrogen	678
nudity	678
occupations	678
oecd	678
openings	678
organised	678
outputs	678
owen	678
papua	678
pas	678
phenomenon	678
picking	678
pipes	678
pledge	678
pockets	678
podcasts	678
pork	678
privilege	678
prostate	678
qld	678
quad	678
qualifying	678
realtor	678
reasoning	678
referrals	678
relates	678
reliance	678
remark	678
rendered	678
replacing	678
researcher	678
restored	678
revisions	678
riders	678
rouge	678
routines	678
rwanda	678
sas	678
shakira	678
singh	678
smilies	678
sn	678
softball	678
sorts	678
specially	678
stephanie	678
striking	678
sv	678
unlock	678
utilize	678
vampire	678
varies	678
vegetarian	678
vegetation	678
vids	678
viral	678
vsnet	678
watershed	678
weed	678
wives	678
wn	678
xerox	678
yale	678
yeast	678
yukon	678
zu	678
abraham	677
afterwards	677
ala	677
allan	677
alot	677
antibody	677
appropriations	677
asus	677
ate	677
bald	677
ballet	677
banned	677
barn	677
bedford	677
beginners	677
benchmark	677
bibliographic	677
boc	677
breach	677
briefs	677
brochures	677
bumper	677
calvin	677
casa	677
centered	677
champagne	677
chassis	677
cliff	677
clusters	677
competent	677
contributor	677
conversations	677
cove	677
craps	677
dame	677
daughters	677
decimal	677
demonstrates	677
desirable	677
deviation	677
dg	677
diffs	677
dip	677
disciplines	677
distant	677
dressing	677
drilling	677
dubai	677
eden	677
emerald	677
employ	677
estimation	677
explosion	677
fare	677
filme	677
fin	677
fleece	677
flex	677
fo	677
focal	677
frost	677
fuji	677
garlic	677
gradually	677
grateful	677
grows	677
herb	677
highlighted	677
hostel	677
hostels	677
housewives	677
hq	677
hydraulic	677
idle	677
inbox	677
incl	677
influences	677
inspections	677
institutes	677
instructors	677
io	677
irrigation	677
journalist	677
js	677
laughing	677
leon	677
llp	677
magical	677
manually	677
miracle	677
mold	677
momentum	677
mongolia	677
motherboard	677
mu	677
mud	677
mumbai	677
muscles	677
mustang	677
nbc	677
nvidia	677
ol	677
opponent	677
ozone	677
pasta	677
pastor	677
pediatric	677
penetration	677
penguin	677
phases	677
pierce	677
pn	677
prefers	677
propecia	677
pushing	677
radios	677
reid	677
religions	677
reprint	677
robertson	677
runtime	677
sally	677
samba	677
senegal	677
serum	677
shark	677
shine	677
signatures	677
simplified	677
sperm	677
stationery	677
superintendent	677
suspected	677
swift	677
tariff	677
techrepublic	677
tmp	677
tomatoes	677
tract	677
tracy	677
traveller	677
ul	677
unauthorized	677
uni	677
vagina	677
vg	677
webpage	677
wendy	677
whale	677
wiring	677
wrapped	677
wt	677
yacht	677
yearly	677
adaptive	676
apparatus	676
baking	676
baths	676
beginner	676
belle	676
blah	676
blowing	676
boxed	676
brakes	676
bunny	676
cameroon	676
carb	676
cas	676
cathedral	676
charging	676
chevy	676
cindy	676
cio	676
climb	676
commitments	676
commodities	676
computation	676
computed	676
concentrate	676
conviction	676
crawford	676
cubic	676
cunt	676
customise	676
deadly	676
deaf	676
declined	676
dentists	676
dependence	676
destiny	676
discrete	676
disposition	676
dosage	676
dow	676
dui	676
elect	676
emacs	676
empirical	676
enb	676
exclusion	676
explaining	676
fairfield	676
fascinating	676
fathers	676
feof	676
flyer	676
generous	676
gg	676
gossip	676
griffin	676
guyana	676
hamburg	676
hash	676
heated	676
highways	676
holocaust	676
importantly	676
intervals	676
intimate	676
investigators	676
invision	676
jackie	676
keen	676
kinase	676
ko	676
labeled	676
lafayette	676
landscapes	676
lazy	676
lid	676
lined	676
lolita	676
longest	676
madness	676
marijuana	676
marking	676
marvel	676
mats	676
mh	676
mime	676
molecules	676
motorcycles	676
mpg	676
mv	676
navigator	676
needle	676
neighbor	676
nirvana	676
nomination	676
og	676
omissions	676
owns	676
peas	676
pens	676
petite	676
polyester	676
preston	676
privileges	676
prototype	676
pvc	676
qualities	676
rangers	676
rb	676
receivers	676
refrigerator	676
remainder	676
reproductive	676
retrieval	676
rosa	676
rotary	676
rounds	676
sapphire	676
sentences	676
serbia	676
sexuality	676
sheriff	676
skirts	676
specializing	676
spies	676
sticky	676
strips	676
suggesting	676
televisions	676
terrain	676
thinkpad	676
til	676
tions	676
upc	676
urls	676
usda	676
variance	676
workstation	676
worm	676
wound	676
writings	676
wto	676
yen	676
aberdeen	675
accompanying	675
achievements	675
adolescent	675
adrian	675
alexandria	675
andorra	675
anthropology	675
arbitration	675
ata	675
bacterial	675
banana	675
basename	675
belts	675
blacks	675
bloody	675
bras	675
brunei	675
brutal	675
bufing	675
burke	675
bw	675
cakes	675
cancelled	675
cardiac	675
cardiovascular	675
cingular	675
clara	675
configuring	675
continuously	675
convergence	675
convertible	675
cop	675
counted	675
curves	675
declare	675
delight	675
dim	675
donors	675
dover	675
dryer	675
dylan	675
economies	675
editorials	675
educated	675
emperor	675
expired	675
flush	675
functioning	675
funky	675
gale	675
gaps	675
garcia	675
gd	675
gibraltar	675
grad	675
guru	675
hay	675
hayes	675
hepatitis	675
humanitarian	675
idol	675
impaired	675
inserted	675
introductory	675
invitations	675
isa	675
jewel	675
johns	675
joins	675
julian	675
kinda	675
kyle	675
lately	675
learners	675
levy	675
lf	675
likewise	675
malpractice	675
mattress	675
mic	675
mj	675
moses	675
mpegs	675
nationally	675
nato	675
necessity	675
nest	675
nil	675
nominations	675
nowhere	675
numeric	675
obesity	675
occurrence	675
painful	675
pale	675
pam	675
paragraphs	675
pensions	675
pix	675
prayers	675
predictions	675
proudly	675
pulling	675
rebates	675
removable	675
rendering	675
reporters	675
reservoir	675
ruled	675
sacrifice	675
salvation	675
scary	675
secretariat	675
seekers	675
selective	675
skating	675
slovak	675
sparc	675
specialties	675
stan	675
stranger	675
suburban	675
suited	675
survivor	675
teaches	675
tear	675
teddy	675
token	675
tomato	675
touring	675
tragedy	675
travels	675
tribunal	675
undertake	675
valves	675
vatican	675
velvet	675
ventures	675
vertex	675
waiver	675
waterproof	675
wesley	675
ww	675
yields	675
zinc	675
abu	674
affair	674
align	674
alloy	674
alternatively	674
annoying	674
aw	674
baghdad	674
beside	674
blades	674
blanket	674
bleeding	674
bless	674
bloom	674
caroline	674
casey	674
changelog	674
characterization	674
charming	674
cj	674
colon	674
commissions	674
complimentary	674
compromise	674
concord	674
condos	674
confidentiality	674
contamination	674
controversial	674
cork	674
crest	674
deferred	674
demographic	674
disciplinary	674
disclose	674
dome	674
dramatically	674
draws	674
drove	674
electoral	674
elimination	674
elliott	674
endangered	674
endorsed	674
engaging	674
evaluations	674
expiration	674
fought	674
fraser	674
freeze	674
fridge	674
frontpage	674
fundamentals	674
gently	674
graduated	674
greensboro	674
hansen	674
heel	674
helicopter	674
hk	674
hypothetical	674
immigrants	674
interpreted	674
italia	674
justify	674
ladder	674
lance	674
lanes	674
leu	674
liberia	674
likelihood	674
locking	674
logan	674
loops	674
lou	674
mai	674
mali	674
masturbation	674
maximize	674
mentor	674
metres	674
mines	674
mixer	674
moss	674
mtv	674
namespace	674
negotiation	674
nominated	674
opponents	674
optimize	674
orgasm	674
pencil	674
performer	674
peripheral	674
pgp	674
plots	674
polished	674
portraits	674
powerseller	674
purse	674
qc	674
ratios	674
rebound	674
recovered	674
remind	674
respected	674
restrict	674
sbjct	674
senators	674
sherman	674
simpsons	674
sphere	674
springer	674
stating	674
stays	674
surge	674
surprising	674
tahoe	674
titled	674
tooth	674
trauma	674
triumph	674
tulsa	674
ty	674
unnecessary	674
upgrading	674
upset	674
walnut	674
washer	674
wc	674
welding	674
worcester	674
workout	674
yang	674
yugoslavia	674
adaptation	673
advert	673
apnic	673
aquarium	673
arrivals	673
assists	673
auditor	673
backing	673
bacon	673
bg	673
bl	673
blake	673
bracket	673
cannon	673
cement	673
cir	673
circus	673
closes	673
colleague	673
colony	673
conf	673
cooked	673
currencies	673
cw	673
deborah	673
dee	673
defensive	673
delegation	673
demanding	673
descending	673
detective	673
deutschland	673
dictionaries	673
disputes	673
dumb	673
enclosed	673
enclosure	673
endless	673
endorsement	673
erik	673
examining	673
experiencing	673
fatty	673
feat	673
figured	673
fioricet	673
fireplace	673
flashers	673
forbes	673
forbidden	673
frequencies	673
gabriel	673
gerald	673
glow	673
greenhouse	673
groove	673
harmful	673
heater	673
hollow	673
hu	673
hunger	673
installations	673
intranet	673
isaac	673
joyce	673
looksmart	673
mae	673
magnificent	673
mails	673
marco	673
mariah	673
mel	673
missile	673
modems	673
moldova	673
monitored	673
motivated	673
municipality	673
naples	673
niger	673
ntsc	673
oaks	673
orbit	673
oxide	673
paintball	673
paxil	673
persistent	673
picnic	673
pj	673
planners	673
positioning	673
possess	673
practitioner	673
pressed	673
programmers	673
promoted	673
promptly	673
prophet	673
prozac	673
psychiatry	673
pursuit	673
reflections	673
revelation	673
rg	673
scanned	673
securely	673
seq	673
sexually	673
sic	673
sip	673
sleeps	673
smithsonian	673
souls	673
spank	673
spine	673
subaru	673
summaries	673
surgeon	673
survivors	673
temporarily	673
textiles	673
tf	673
thriller	673
transmit	673
transparency	673
travis	673
trout	673
usps	673
vanilla	673
vault	673
vc	673
violin	673
wires	673
wma	673
wr	673
wx	673
absorption	672
acm	672
acquisitions	672
advancement	672
airplane	672
apollo	672
asbestos	672
awful	672
badly	672
barbie	672
biodiversity	672
blink	672
bolt	672
brave	672
bryant	672
budgets	672
carlo	672
carmen	672
cdna	672
collectible	672
commissioners	672
communist	672
continually	672
creations	672
dat	672
dense	672
disappointed	672
distances	672
dividend	672
dsc	672
dts	672
earning	672
enters	672
entrepreneurs	672
erotica	672
excitement	672
existed	672
favour	672
forge	672
forwarding	672
fossil	672
foul	672
fuzzy	672
gage	672
garmin	672
generates	672
generators	672
glucose	672
goat	672
grams	672
greene	672
grenada	672
gtk	672
handmade	672
harassment	672
hardwood	672
hometown	672
impose	672
indonesian	672
inexpensive	672
ips	672
ira	672
istanbul	672
jade	672
keno	672
knock	672
kurt	672
kw	672
librarian	672
lu	672
mailman	672
meyer	672
mia	672
movers	672
mrna	672
mysterious	672
nested	672
neural	672
newark	672
nightmare	672
norm	672
novelty	672
optimum	672
organisms	672
paso	672
peers	672
persian	672
phantom	672
playback	672
pod	672
portsmouth	672
pose	672
potatoes	672
presently	672
promising	672
qt	672
receptors	672
reductions	672
relaxation	672
render	672
replication	672
resumes	672
richards	672
robots	672
roland	672
ru	672
sail	672
sanyo	672
savage	672
scoop	672
seas	672
sega	672
sen	672
smtp	672
soa	672
somalia	672
southampton	672
stockholm	672
subsidiaries	672
supervisors	672
switched	672
tamil	672
telescope	672
temporal	672
therapist	672
thereafter	672
thorough	672
throwing	672
tiles	672
toolkit	672
transcripts	672
treasures	672
turtle	672
urge	672
verbal	672
viewers	672
voyuer	672
wagon	672
wan	672
ware	672
warned	672
westminster	672
whore	672
willow	672
workflow	672
wu	672
activists	671
adware	671
allah	671
aluminium	671
antarctica	671
antibodies	671
arrives	671
assembled	671
attacked	671
automobiles	671
avoiding	671
bbs	671
beastality	671
beautifully	671
bent	671
bhutan	671
blond	671
bool	671
bored	671
bother	671
bouquet	671
budapest	671
burst	671
canberra	671
challenged	671
chancellor	671
cho	671
choir	671
cleanup	671
cologne	671
compute	671
conceptual	671
conditional	671
constraint	671
continent	671
controversy	671
convicted	671
coordinated	671
cope	671
corpus	671
cradle	671
creature	671
crossword	671
crude	671
ctrl	671
cursor	671
cz	671
daisy	671
departmental	671
donated	671
earliest	671
encourages	671
evanescence	671
examinations	671
examines	671
expects	671
fabrics	671
fares	671
fibre	671
firmware	671
flour	671
frankfurt	671
gentleman	671
groundwater	671
gzip	671
halifax	671
hl	671
hoped	671
hugo	671
huntington	671
hygiene	671
ids	671
immunology	671
ind	671
indices	671
infringement	671
insects	671
insertion	671
instrumentation	671
insulation	671
internship	671
interventions	671
intl	671
jets	671
johnston	671
jumping	671
kirk	671
knit	671
knitting	671
laos	671
legendary	671
liechtenstein	671
lime	671
lm	671
lone	671
longitude	671
maiden	671
maldives	671
mambo	671
mandate	671
marsh	671
mating	671
michel	671
morrison	671
mounts	671
mug	671
myrtle	671
neon	671
newman	671
notre	671
ob	671
ours	671
pike	671
polymer	671
poultry	671
prisoner	671
promotes	671
qui	671
quilt	671
ranger	671
redhead	671
refresh	671
reproduce	671
resist	671
restructuring	671
ricky	671
roommates	671
safer	671
scared	671
shades	671
shepherd	671
shipments	671
simulations	671
smallest	671
snowboard	671
spas	671
spokesman	671
strengthening	671
stripes	671
stuffed	671
subtle	671
sufficiently	671
surgeons	671
sympathy	671
syracuse	671
telecharger	671
terminals	671
terminology	671
theta	671
threatening	671
touched	671
tractor	671
translator	671
ultram	671
unwrap	671
viking	671
virtue	671
wagner	671
webcast	671
wiley	671
wishing	671
wit	671
yarn	671
zoloft	671
accord	670
activate	670
alicia	670
allies	670
arbor	670
ascending	670
asylum	670
att	670
attributed	670
balancing	670
battles	670
behaviors	670
bestselling	670
bisexual	670
bitter	670
bosch	670
brackets	670
btw	670
bulbs	670
burned	670
burundi	670
cardinal	670
carlton	670
carson	670
claiming	670
clarify	670
cocktail	670
coil	670
complementary	670
configurations	670
consuming	670
converting	670
cosponsors	670
costly	670
countryside	670
courtyard	670
crossed	670
crystals	670
cuban	670
decay	670
delegates	670
demos	670
depart	670
derivatives	670
detention	670
din	670
distinctive	670
dominated	670
dragons	670
embroidery	670
ethnicity	670
exceeds	670
expressly	670
fatigue	670
forthcoming	670
gallon	670
gamers	670
grading	670
greenland	670
homeowners	670
hyatt	670
ign	670
incredibly	670
inland	670
installer	670
insure	670
interpret	670
judiciary	670
kathleen	670
kensington	670
lesotho	670
liaison	670
licensee	670
lightbox	670
lily	670
linen	670
mama	670
marino	670
mediawiki	670
memorandum	670
minded	670
modest	670
monsters	670
monterey	670
nominal	670
nonfiction	670
notable	670
num	670
offenders	670
oscommerce	670
outlets	670
oversight	670
owl	670
packaged	670
patriot	670
poison	670
powershot	670
preserved	670
presidents	670
prevents	670
privately	670
psychiatric	670
pv	670
quicktime	670
racism	670
rel	670
resin	670
retailing	670
rfid	670
rifle	670
rita	670
robbie	670
roma	670
romeo	670
sandals	670
sandisk	670
seals	670
seconded	670
severity	670
sewer	670
seychelles	670
sided	670
slr	670
sorting	670
stake	670
stitch	670
subjective	670
swaziland	670
teenagers	670
tenants	670
tg	670
tittens	670
tourists	670
traders	670
treats	670
turks	670
twilight	670
unofficial	670
unused	670
vaio	670
valentines	670
varieties	670
vet	670
vitro	670
vonage	670
waist	670
warfare	670
weaknesses	670
wetlands	670
abundance	669
adviser	669
advocates	669
als	669
amateurs	669
assorted	669
athlete	669
audiences	669
authorised	669
bach	669
bead	669
benin	669
booklet	669
boyfriend	669
bu	669
buffet	669
bulb	669
bypass	669
cancun	669
capri	669
carpenter	669
che	669
cheryl	669
chromosome	669
clever	669
colorful	669
compelling	669
competence	669
concentrated	669
considerably	669
coupe	669
crane	669
crescent	669
crying	669
deciding	669
defendants	669
deployed	669
distinguish	669
dw	669
ei	669
eighth	669
enforce	669
enjoyable	669
erosion	669
erotik	669
expecting	669
exploit	669
fertility	669
ffl	669
flats	669
flies	669
formulation	669
franc	669
freshman	669
fresno	669
garnet	669
ginger	669
governed	669
granite	669
habit	669
hackers	669
hal	669
handbag	669
heels	669
herbert	669
hg	669
highlands	669
hm	669
hogtied	669
honour	669
ies	669
illustrate	669
imagery	669
implements	669
improves	669
inadequate	669
insufficient	669
investigating	669
iris	669
italicized	669
jl	669
joey	669
khan	669
landlord	669
leak	669
logout	669
lords	669
lynch	669
manages	669
masses	669
matthews	669
megapixel	669
mk	669
negotiate	669
northwestern	669
oceania	669
optimized	669
orgies	669
pbs	669
permanently	669
peters	669
phenomena	669
playground	669
popup	669
ppp	669
preschool	669
primer	669
projections	669
protects	669
quartz	669
radeon	669
registers	669
reimbursement	669
repeatedly	669
rotten	669
scattered	669
sears	669
similarity	669
sixty	669
skate	669
spark	669
suburbs	669
supportive	669
targeting	669
tends	669
tilt	669
timor	669
towel	669
transformed	669
turnover	669
underwater	669
upgraded	669
urine	669
useless	669
usher	669
vanuatu	669
voter	669
vouchers	669
vw	669
wl	669
airways	668
alongside	668
alphabetically	668
andre	668
appellant	668
archaeology	668
argues	668
assisting	668
athlon	668
backs	668
ballard	668
banquet	668
beating	668
bells	668
beloved	668
bolton	668
caller	668
calories	668
caravan	668
cares	668
chapman	668
clipart	668
comprises	668
copenhagen	668
covenant	668
ctr	668
curtain	668
davies	668
defect	668
delphi	668
denim	668
det	668
detectors	668
deviantart	668
diagrams	668
directv	668
disclosed	668
distortion	668
dorothy	668
drawer	668
dropping	668
einstein	668
emerged	668
emotion	668
ems	668
equals	668
expands	668
expedition	668
facials	668
faithful	668
fittings	668
flora	668
formulas	668
forwarded	668
founding	668
freeman	668
gal	668
goddess	668
goodbye	668
greenville	668
hardy	668
harness	668
headsets	668
het	668
hilary	668
humour	668
hunks	668
impressions	668
imprint	668
ingredient	668
invested	668
iq	668
jacques	668
judith	668
jumper	668
kazaa	668
korn	668
landscaping	668
leap	668
libya	668
lifting	668
lin	668
lining	668
lithium	668
loyalty	668
magnets	668
mailbox	668
majors	668
manipulation	668
maturity	668
mol	668
nas	668
natalie	668
neighborhoods	668
newsgroups	668
numbered	668
observers	668
offence	668
operative	668
organs	668
pathway	668
patience	668
pile	668
pilots	668
planting	668
plated	668
pony	668
poorly	668
pornstar	668
prosecution	668
puppies	668
qa	668
quotation	668
reagan	668
receipts	668
refill	668
relaxing	668
sailor	668
sanctions	668
sanctuary	668
scat	668
securing	668
sedan	668
shallow	668
shirley	668
shoulders	668
soils	668
sometime	668
spacious	668
spectra	668
spike	668
statue	668
stir	668
swan	668
sz	668
tactical	668
terminated	668
togo	668
tonga	668
toxicity	668
transmitter	668
trophy	668
vascular	668
vcd	668
viable	668
wade	668
whatsoever	668
xsl	668
yankees	668
accession	667
adapt	667
aliens	667
alito	667
anchorage	667
ansi	667
appropriately	667
arriving	667
aspen	667
assistants	667
asterisk	667
baked	667
baldwin	667
barcode	667
bash	667
bbq	667
bentley	667
bf	667
biotech	667
bn	667
brent	667
brett	667
bud	667
buick	667
burkina	667
carriage	667
cest	667
charities	667
cis	667
clayton	667
comprised	667
constructor	667
counselor	667
crafted	667
daytona	667
debbie	667
debit	667
decoration	667
defeated	667
definitive	667
dentist	667
derivative	667
diagnosed	667
disasters	667
dmx	667
domino	667
doses	667
dwelling	667
eb	667
edits	667
educate	667
eliminated	667
elk	667
enacted	667
eritrea	667
evolutionary	667
extracted	667
fuels	667
fulfill	667
gaining	667
gambia	667
glove	667
greens	667
herzegovina	667
idiot	667
ij	667
inactive	667
incorporation	667
iranian	667
issuance	667
kindergarten	667
kyoto	667
lacking	667
lacrosse	667
landmark	667
lansing	667
liquor	667
makefile	667
mbps	667
mickey	667
mis	667
mst	667
naming	667
nationals	667
neat	667
necklaces	667
nelly	667
nets	667
ngos	667
noaa	667
objectionable	667
occupancy	667
patterson	667
paula	667
plush	667
postcode	667
postgraduate	667
prejudice	667
probable	667
profitable	667
raven	667
reflecting	667
regulator	667
rem	667
residual	667
rex	667
sebastian	667
shawn	667
shifts	667
sights	667
sj	667
slaves	667
slice	667
slipknot	667
sooner	667
soy	667
spinal	667
stern	667
storesshop	667
strains	667
struggling	667
suffolk	667
suv	667
symbolic	667
tanning	667
technicians	667
tenure	667
terminate	667
therein	667
tot	667
traditionally	667
traveled	667
trojan	667
turkmenistan	667
tutor	667
txt	667
uniforms	667
unsecured	667
unstable	667
unwanted	667
urged	667
utilizing	667
versatile	667
vicodin	667
wastewater	667
waterfront	667
weber	667
wh	667
winnipeg	667
withdraw	667
woodland	667
wounded	667
xd	667
xr	667
adhesive	666
alley	666
alphabet	666
altitude	666
alzheimer	666
angles	666
asses	666
assoc	666
atari	666
atv	666
auf	666
augusta	666
aunt	666
backyard	666
balloons	666
bargaining	666
blk	666
blogthis	666
boise	666
breeze	666
bsd	666
buffy	666
bump	666
bust	666
caption	666
celeb	666
celebrating	666
cert	666
chandler	666
chili	666
cleaned	666
closet	666
cola	666
compass	666
complain	666
concurrent	666
corridor	666
couch	666
cowboys	666
crow	666
dashboard	666
debates	666
decides	666
decorations	666
demon	666
dew	666
dia	666
diaries	666
discontinued	666
dividends	666
dolby	666
dolphin	666
downs	666
dye	666
ecosystem	666
electronically	666
esl	666
esp	666
evolved	666
exceeding	666
faso	666
fb	666
fixing	666
flames	666
formally	666
frances	666
gabon	666
gardner	666
gems	666
georgetown	666
globalization	666
gram	666
grief	666
halls	666
handler	666
hannah	666
hiding	666
honored	666
ile	666
infantry	666
infinity	666
inherent	666
insect	666
inspirational	666
interviewed	666
jb	666
jk	666
justification	666
justified	666
jw	666
kbps	666
kia	666
kyrgyzstan	666
lateral	666
lavender	666
leicester	666
lemma	666
malcolm	666
manuscript	666
masks	666
mediation	666
memorable	666
methodist	666
mfg	666
monument	666
motherboards	666
nevis	666
newsroom	666
nikki	666
norwich	666
notation	666
novell	666
optic	666
palo	666
pathways	666
pause	666
pearson	666
pendants	666
periodicals	666
pertaining	666
philosophical	666
pkg	666
postgresql	666
postscript	666
pressures	666
primitive	666
professors	666
pulmonary	666
quake	666
rebuild	666
reebok	666
refinancing	666
refunds	666
relaxed	666
renowned	666
rogue	666
romanian	666
saab	666
sahara	666
sanders	666
sch	666
scripture	666
sdram	666
semantic	666
sensing	666
shelves	666
simplicity	666
sits	666
stocking	666
sweat	666
tailored	666
taxpayer	666
technorati	666
telegraph	666
telephones	666
tina	666
toes	666
toledo	666
trac	666
twain	666
ucla	666
unfair	666
usability	666
vacant	666
ventilation	666
venus	666
vga	666
vodafone	666
webb	666
welcomed	666
wilmington	666
withdrawn	666
wk	666
wonders	666
xt	666
accountants	665
acted	665
adequately	665
adv	665
alarms	665
allegations	665
allison	665
amps	665
auxiliary	665
avalon	665
avoided	665
backpack	665
binoculars	665
biochemistry	665
biomedical	665
bnet	665
booster	665
bot	665
buddies	665
byron	665
caledonia	665
canadians	665
capita	665
carnegie	665
celebrated	665
chill	665
coefficient	665
comprising	665
cone	665
contaminated	665
continuation	665
corresponds	665
crashes	665
critic	665
critique	665
daemon	665
deficiency	665
deg	665
demographics	665
dentistry	665
diabetic	665
digg	665
doctoral	665
dominica	665
duplication	665
dvi	665
ein	665
elevated	665
embrace	665
embroidered	665
enroll	665
epidemiology	665
equatorial	665
explanations	665
falcon	665
fedora	665
finishes	665
foil	665
fragment	665
freezer	665
fry	665
glue	665
guideline	665
gum	665
gw	665
honestly	665
honeymoon	665
hotline	665
hunters	665
hussein	665
identities	665
imc	665
imply	665
inaccuracies	665
incorporating	665
initiate	665
jointly	665
kc	665
konica	665
kt	665
ladyboy	665
lea	665
lecturer	665
libdevel	665
lifts	665
liner	665
linksys	665
listened	665
loyal	665
malaria	665
manila	665
mann	665
margins	665
nero	665
ninja	665
npr	665
nyse	665
od	665
odyssey	665
outgoing	665
outlines	665
outs	665
pcr	665
pentagon	665
percussion	665
pogo	665
prevalence	665
progression	665
purely	665
renal	665
renewed	665
riley	665
roi	665
saddle	665
sands	665
scottsdale	665
sediment	665
servant	665
sheraton	665
skull	665
snacks	665
spectral	665
spinning	665
spite	665
squares	665
stairs	665
stationary	665
steroids	665
stressed	665
survived	665
tajikistan	665
taxable	665
tendency	665
terrier	665
tick	665
tj	665
torrent	665
translators	665
transvestite	665
tw	665
ua	665
ufo	665
upstream	665
utilized	665
vans	665
variant	665
vivid	665
voucher	665
wheelchair	665
whitney	665
wholly	665
yankee	665
accelerated	664
alcatel	664
ambulance	664
analyzing	664
antilles	664
ao	664
apo	664
appearances	664
approaching	664
ashanti	664
atoms	664
authoring	664
authorize	664
beaten	664
belonging	664
bidders	664
blankets	664
bounce	664
bucket	664
cairo	664
carolyn	664
celebrations	664
cheerleader	664
cheney	664
cherokee	664
chiefs	664
chords	664
clue	664
cobra	664
cocaine	664
coded	664
collision	664
commits	664
confusing	664
cracks	664
credited	664
cried	664
cynthia	664
decorated	664
dedication	664
della	664
desires	664
dessert	664
dismissed	664
dissertation	664
djibouti	664
domination	664
drake	664
edu	664
efficacy	664
enthusiasm	664
establishments	664
exporters	664
expressing	664
femdom	664
followup	664
franz	664
freshwater	664
fried	664
gals	664
gameboy	664
governors	664
gucci	664
hdd	664
hoc	664
homemade	664
https	664
impairment	664
irvine	664
isdn	664
ivan	664
jacobs	664
jakarta	664
jensen	664
katherine	664
ku	664
laurel	664
lotion	664
lr	664
malls	664
marginal	664
marry	664
mauritania	664
mcgraw	664
mmc	664
molecule	664
molly	664
mutant	664
nicely	664
nih	664
ninth	664
nos	664
olds	664
omitted	664
palau	664
parkway	664
pear	664
performers	664
pgsql	664
piercing	664
pinnacle	664
plugs	664
practically	664
practicing	664
prestige	664
proximity	664
psychic	664
rails	664
ramp	664
recognizes	664
recruit	664
recycled	664
reminded	664
responsive	664
rms	664
roosevelt	664
schmidt	664
scooter	664
shrimp	664
signaling	664
simmons	664
simulator	664
sincerely	664
specializes	664
spiral	664
ssh	664
steak	664
subset	664
substrate	664
supplementary	664
supra	664
suriname	664
surprisingly	664
sutton	664
threw	664
tissues	664
tl	664
topical	664
traded	664
tucker	664
ukrainian	664
unbiased	664
visions	664
vivo	664
walsh	664
wap	664
weakness	664
websphere	664
wherein	664
wills	664
woody	664
zombie	664
abbey	663
accountant	663
aerosmith	663
amplifiers	663
aperture	663
approached	663
audioslave	663
auditing	663
auditorium	663
avril	663
balcony	663
barber	663
barton	663
baton	663
beck	663
beige	663
biking	663
bloglines	663
blown	663
boarding	663
bonuses	663
burial	663
camden	663
canterbury	663
carrie	663
catching	663
cdc	663
cdn	663
childcare	663
ck	663
claude	663
clutch	663
coli	663
connects	663
consultations	663
coordinating	663
coupling	663
cousin	663
culinary	663
cutter	663
dangers	663
daylight	663
debts	663
debugging	663
degradation	663
dependency	663
diffusion	663
dioxide	663
discourse	663
discrepancies	663
dixon	663
duff	663
dvr	663
elastic	663
emerge	663
encarta	663
engineered	663
enom	663
eps	663
erin	663
executable	663
explores	663
fairfax	663
ferguson	663
fireworks	663
fragments	663
gases	663
genus	663
gia	663
haha	663
hath	663
headache	663
hex	663
hmm	663
holistic	663
homer	663
hsn	663
huh	663
icann	663
intuitive	663
jerseys	663
knees	663
lancashire	663
liberals	663
lipitor	663
lodges	663
lys	663
macdonald	663
maid	663
mariana	663
marital	663
maya	663
melody	663
memberships	663
meridia	663
microsystems	663
minorities	663
mitigation	663
myths	663
napster	663
neglect	663
nf	663
offender	663
olivia	663
oncology	663
ont	663
ops	663
orthodox	663
overstock	663
pedro	663
pentax	663
phillip	663
pigs	663
pirate	663
poets	663
polynesia	663
portfolios	663
prescriptions	663
prof	663
prop	663
propaganda	663
pw	663
qualitative	663
recalls	663
rechargeable	663
redhat	663
refugee	663
remodeling	663
renting	663
repeats	663
resellers	663
restart	663
ret	663
rigid	663
rival	663
rods	663
rolex	663
roofing	663
rounded	663
salsa	663
scam	663
scandal	663
scarface	663
scream	663
semantics	663
senses	663
shy	663
sid	663
simulated	663
sins	663
slower	663
socialist	663
soundtracks	663
sta	663
stained	663
stimulation	663
straps	663
superstore	663
ticketmaster	663
timeout	663
tome	663
torque	663
towels	663
travellers	663
trent	663
umbrella	663
vanity	663
warwick	663
waterloo	663
wg	663
wikimedia	663
willie	663
willis	663
winchester	663
wong	663
woven	663
accents	662
acura	662
advertised	662
aguilera	662
ankle	662
attracted	662
aux	662
bamboo	662
banker	662
bauer	662
beacon	662
blogroll	662
blunt	662
bonnie	662
borrow	662
botanical	662
bowls	662
bruno	662
buddha	662
caicos	662
canton	662
cardinals	662
ceramics	662
chang	662
clit	662
cmd	662
commencement	662
communicating	662
compiling	662
conform	662
conservatives	662
cooker	662
cops	662
cosmic	662
counselling	662
craigslist	662
credibility	662
crt	662
cruel	662
dawson	662
decks	662
deed	662
defective	662
deletion	662
denise	662
denotes	662
diets	662
digits	662
dissemination	662
drafting	662
dreamweaver	662
eager	662
easiest	662
ecards	662
elective	662
elevator	662
eliminating	662
err	662
evite	662
feasible	662
feast	662
fedex	662
fest	662
firing	662
flowing	662
forensic	662
freestyle	662
gloria	662
hamas	662
heaters	662
helmets	662
historically	662
hoover	662
hypertension	662
insane	662
internships	662
issuing	662
ki	662
kitts	662
laserjet	662
laying	662
leagues	662
lego	662
lengths	662
lv	662
macau	662
maggie	662
martinique	662
mechanic	662
microbiology	662
micronesia	662
monkeys	662
montenegro	662
mudvayne	662
multiplayer	662
nina	662
notwithstanding	662
observing	662
organizers	662
painter	662
papa	662
perfumes	662
peso	662
politically	662
prevented	662
profound	662
protector	662
provisional	662
ptr	662
pupil	662
qaeda	662
quartet	662
react	662
redemption	662
registering	662
rejection	662
releasing	662
rises	662
romans	662
sauna	662
searchable	662
servicing	662
seth	662
settlements	662
sgh	662
shane	662
shareholder	662
shells	662
shores	662
slavery	662
smartphone	662
snowboarding	662
southwestern	662
stepped	662
strawberry	662
strive	662
sup	662
suspense	662
sustain	662
thames	662
tivo	662
touching	662
transitions	662
understands	662
undertaking	662
vacancy	662
vectors	662
vent	662
vibration	662
warn	662
whirlpool	662
aboard	661
abt	661
acceleration	661
accumulation	661
activism	661
activist	661
advising	661
alle	661
altogether	661
anguilla	661
animations	661
apc	661
arrays	661
ast	661
aston	661
balances	661
barbuda	661
bj	661
boeing	661
bounds	661
boyd	661
brokerage	661
burma	661
capsules	661
cease	661
chairperson	661
cheshire	661
coats	661
colonel	661
commissioned	661
compulsory	661
cote	661
curry	661
dancer	661
dancers	661
deduction	661
descriptive	661
deserves	661
devils	661
dignity	661
doo	661
dots	661
durability	661
een	661
envelopes	661
equip	661
europa	661
exceeded	661
fairs	661
fargo	661
favorable	661
feasibility	661
fellows	661
fender	661
fiesta	661
filings	661
firearms	661
firmly	661
flute	661
forcing	661
godsmack	661
gran	661
gta	661
handset	661
harsh	661
hedge	661
hf	661
hindi	661
hitler	661
hoffman	661
homo	661
hyde	661
ideally	661
illustrates	661
inheritance	661
inst	661
irving	661
jenna	661
joints	661
ke	661
kosovo	661
labeling	661
leverage	661
linguistics	661
liu	661
lj	661
lutheran	661
lyon	661
maxwell	661
meadows	661
mosaic	661
mozart	661
msc	661
mugs	661
mutation	661
napa	661
nazi	661
negotiating	661
newswire	661
nickelback	661
nightly	661
nutrients	661
oblique	661
outfit	661
overtime	661
overwhelming	661
palestinians	661
paradigm	661
pearls	661
perfection	661
perkins	661
pga	661
pier	661
pitt	661
pol	661
poles	661
premiums	661
preparations	661
presley	661
probation	661
pursuing	661
radisson	661
rdf	661
reged	661
resonance	661
rgb	661
rhodes	661
rodriguez	661
rue	661
saga	661
santiago	661
sgt	661
sioux	661
sizing	661
sketch	661
sliding	661
snmp	661
sourcing	661
spermshack	661
splash	661
staind	661
standardized	661
substitution	661
superman	661
syllabus	661
transitional	661
valencia	661
vase	661
vera	661
violet	661
visualization	661
voyage	661
vulnerabilities	661
washed	661
wd	661
whois	661
wondered	661
worms	661
abnormal	660
accumulated	660
advent	660
affirmative	660
ajax	660
alcoholic	660
anita	660
apples	660
arsenal	660
asleep	660
atkins	660
averages	660
bakery	660
benq	660
berkshire	660
bissau	660
blessing	660
bombs	660
booked	660
bookshop	660
breakfasts	660
bv	660
calculating	660
calculus	660
cameltoe	660
ces	660
cha	660
chin	660
churchill	660
cigar	660
citrus	660
classrooms	660
coconut	660
como	660
comoros	660
conductor	660
convince	660
credentials	660
curse	660
deadlines	660
delicate	660
deprecated	660
dewey	660
diagnostics	660
didnt	660
dreamcast	660
dub	660
elf	660
emergencies	660
enjoys	660
erie	660
ernest	660
ew	660
expectation	660
exploitation	660
fgets	660
forex	660
fortunately	660
gf	660
grandfather	660
hacking	660
hifi	660
histories	660
hooks	660
hpa	660
hubs	660
illustrator	660
indirectly	660
inspectors	660
interrupt	660
jenkins	660
keynote	660
knoxville	660
kyocera	660
ldap	660
liberation	660
lieutenant	660
lifted	660
limousine	660
lisp	660
locker	660
loses	660
lumber	660
luxurious	660
lx	660
maintainer	660
mankind	660
mansion	660
mayo	660
mentoring	660
mos	660
municipalities	660
niche	660
nile	660
nonetheless	660
nudes	660
observatory	660
orchid	660
pak	660
paramount	660
pasadena	660
peach	660
peaks	660
petitioner	660
pillows	660
planted	660
portals	660
potassium	660
pouch	660
prerequisites	660
presidency	660
preventive	660
prompted	660
proportional	660
proposes	660
pyramid	660
rationale	660
removes	660
renault	660
residency	660
reuse	660
satisfying	660
schneider	660
screws	660
severely	660
shocked	660
shout	660
sightseeing	660
singers	660
soda	660
spoon	660
spotted	660
squash	660
stefan	660
straw	660
stripe	660
subway	660
succeeded	660
suede	660
surrender	660
surviving	660
tai	660
tasmania	660
therapies	660
titan	660
tk	660
tumors	660
uncertain	660
upright	660
variability	660
vis	660
vm	660
waited	660
whoever	660
widget	660
wont	660
accidental	659
accounted	659
analytics	659
analyzer	659
ark	659
assay	659
atp	659
autism	659
avail	659
beavers	659
births	659
bldg	659
bluff	659
bombing	659
brady	659
breathe	659
buddhist	659
carved	659
cbc	659
charset	659
clin	659
coefficients	659
coloured	659
congestion	659
cor	659
coronary	659
crib	659
crisp	659
cubs	659
decreases	659
defending	659
delegate	659
deploy	659
deposited	659
diaper	659
drift	659
dunn	659
duplex	659
economically	659
emerson	659
environ	659
enzymes	659
etiquette	659
excerpts	659
explored	659
extracts	659
formatted	659
freak	659
fuller	659
gameplay	659
goo	659
goodness	659
gop	659
gorillaz	659
govt	659
guadeloupe	659
hatch	659
herman	659
hotwire	659
inability	659
inevitable	659
inhibitors	659
initiation	659
intact	659
interdisciplinary	659
interpreter	659
isps	659
ivy	659
jacuzzi	659
jasper	659
jh	659
johannesburg	659
jt	659
keeper	659
kerala	659
kr	659
laughed	659
leigh	659
lesbianas	659
lightly	659
lowe	659
martinez	659
mediated	659
metrics	659
miguel	659
moines	659
mvp	659
mysteries	659
mythology	659
negotiated	659
newborn	659
ngo	659
nic	659
nixon	659
noting	659
nutrient	659
obstacles	659
onset	659
orchard	659
ounces	659
parser	659
plaque	659
pots	659
preferably	659
prestigious	659
privileged	659
professions	659
prom	659
pulls	659
pulp	659
pvt	659
razr	659
recognizing	659
reconciliation	659
refuge	659
regina	659
regulate	659
reinforced	659
replaces	659
respects	659
ritual	659
rookie	659
runners	659
sadly	659
samurai	659
scans	659
sed	659
selector	659
shifting	659
shortage	659
slam	659
smiling	659
snack	659
specifying	659
specimens	659
spells	659
spill	659
stein	659
stove	659
styling	659
subtotal	659
talents	659
taxpayers	659
tents	659
theatrical	659
tomb	659
trousers	659
uncut	659
underway	659
uu	659
vaginal	659
walton	659
wheeler	659
winxp	659
wwe	659
zhang	659
acs	658
alfa	658
alison	658
appropriation	658
approximation	658
ars	658
asa	658
ashlee	658
assemblies	658
audits	658
austrian	658
autonomous	658
backward	658
bake	658
barrett	658
benson	658
bollywood	658
bore	658
brightness	658
brooke	658
burners	658
canoe	658
chopped	658
clic	658
coca	658
collateral	658
condensed	658
confined	658
consumed	658
contexts	658
correspond	658
correspondent	658
corrupt	658
cows	658
cpa	658
crab	658
cue	658
customised	658
cygwin	658
debris	658
delighted	658
deliveries	658
depreciation	658
disappeared	658
dn	658
drought	658
drying	658
enjoyment	658
evolving	658
explosive	658
fashioned	658
fave	658
fitzgerald	658
footnote	658
foreclosures	658
gprs	658
grains	658
granting	658
han	658
hardback	658
heal	658
helsinki	658
hike	658
horoscope	658
horoscopes	658
hurricanes	658
hw	658
ignorance	658
imdb	658
inconsistent	658
inhabitants	658
init	658
intentions	658
invasive	658
inventor	658
jen	658
juicy	658
jumped	658
jupiter	658
kicks	658
laughter	658
launching	658
learner	658
lighthouse	658
marines	658
marley	658
maurice	658
maxim	658
mayer	658
mentally	658
monopoly	658
moody	658
morton	658
motoring	658
mum	658
narnia	658
nextag	658
noun	658
orbitz	658
organism	658
oslo	658
pagan	658
passionate	658
pedal	658
peel	658
peg	658
pesticides	658
peugeot	658
pharmacist	658
philippine	658
plantation	658
png	658
pornography	658
proliferation	658
propagation	658
prosperity	658
proves	658
purification	658
quietly	658
rainfall	658
randall	658
randomly	658
recruiters	658
reminds	658
residues	658
robotics	658
sac	658
scaling	658
scenery	658
scoreboard	658
screaming	658
seemingly	658
semiconductors	658
silicone	658
simultaneous	658
skies	658
slate	658
sleeves	658
southeastern	658
sovereign	658
squid	658
staples	658
storing	658
straightforward	658
suzanne	658
svn	658
swallow	658
sweater	658
symptom	658
tara	658
technically	658
theological	658
thyroid	658
tote	658
transplant	658
trilogy	658
troubled	658
tuned	658
twp	658
typepad	658
usenet	658
vibrant	658
vicinity	658
viet	658
violated	658
vuitton	658
weezer	658
welcomes	658
widow	658
wizards	658
xmas	658
xs	658
abbreviations	657
abide	657
accelerator	657
administer	657
adopting	657
aloud	657
ancestry	657
aphrodite	657
appoint	657
attendees	657
atx	657
ax	657
bail	657
bella	657
beneficiaries	657
beware	657
bilateral	657
birthdays	657
bliss	657
blondes	657
bolts	657
breakthrough	657
brigade	657
bst	657
cascade	657
charcoal	657
chic	657
clare	657
clarification	657
combustion	657
computerworld	657
copier	657
cruiser	657
csi	657
cumberland	657
datasheet	657
defaults	657
desc	657
desserts	657
detached	657
diplomatic	657
disposable	657
doi	657
dolphins	657
doubles	657
downstream	657
dsp	657
economist	657
edwin	657
ego	657
endorse	657
espresso	657
establishes	657
esteem	657
executing	657
filmography	657
flooding	657
flyers	657
fn	657
foreclosure	657
fringe	657
gaza	657
geforce	657
gentlemen	657
geoff	657
gh	657
gifted	657
gill	657
glorious	657
glu	657
goose	657
grandmother	657
greenwich	657
greenwood	657
grooming	657
grounded	657
guiding	657
handsome	657
hen	657
hendrix	657
homeowner	657
hostile	657
humble	657
humiliation	657
hydro	657
ib	657
ietf	657
ignition	657
implementations	657
influenza	657
internally	657
jelly	657
judgement	657
landed	657
laurent	657
linguistic	657
literal	657
litter	657
locals	657
mania	657
manuel	657
markup	657
marriages	657
masterbating	657
meridian	657
mib	657
midway	657
mist	657
mms	657
movable	657
neal	657
nederlands	657
noisy	657
nonlinear	657
nucleus	657
objection	657
outerwear	657
overlap	657
panthers	657
parse	657
pcmcia	657
perceptions	657
petrol	657
phosphate	657
planetary	657
playa	657
preserving	657
puma	657
questioned	657
radioactive	657
radiology	657
rant	657
recognise	657
reflective	657
regret	657
rename	657
renovation	657
rotating	657
rugged	657
scouts	657
scrap	657
sentinel	657
shelby	657
shutdown	657
socio	657
sock	657
sour	657
spokane	657
stakes	657
strokes	657
tacoma	657
tec	657
tees	657
tens	657
terra	657
toc	657
trapped	657
tungsten	657
typed	657
uncategorized	657
validate	657
vapor	657
verb	657
vest	657
warsaw	657
webcasts	657
whites	657
williamson	657
winnt	657
xenical	657
xm	657
adolescents	656
albanian	656
aligned	656
allergies	656
alright	656
amusement	656
args	656
arises	656
avid	656
bangalore	656
belgian	656
bets	656
bibtex	656
bladder	656
borrowing	656
boxer	656
branded	656
capitalism	656
captures	656
carr	656
cheating	656
cheer	656
chemotherapy	656
citing	656
clamp	656
cloning	656
clutter	656
coldfusion	656
conception	656
congregation	656
cookware	656
coventry	656
cur	656
curl	656
darling	656
dcr	656
deceased	656
deeds	656
definite	656
deli	656
demonstrations	656
differentiation	656
djs	656
dll	656
docket	656
doyle	656
ducks	656
dysfunction	656
educator	656
elaine	656
elsevier	656
encrypted	656
environmentally	656
everett	656
exeter	656
exploited	656
expose	656
fabrication	656
fade	656
falkland	656
fluorescent	656
forks	656
geometric	656
gn	656
gradient	656
grape	656
guilt	656
gwen	656
hancock	656
hassle	656
hastings	656
heavenly	656
imf	656
immigrant	656
immunity	656
implicit	656
inequality	656
inflammatory	656
inserts	656
interfere	656
intern	656
invented	656
iss	656
jurisdictions	656
kvm	656
laguna	656
lam	656
lavigne	656
limo	656
lisbon	656
livejournal	656
lively	656
lon	656
lunar	656
madden	656
mammals	656
manning	656
marty	656
meanings	656
megan	656
middlesex	656
misleading	656
mob	656
monk	656
nash	656
nay	656
ncbi	656
neighbourhood	656
nonsense	656
nordic	656
nsf	656
obsolete	656
oppose	656
ornaments	656
outpatient	656
overflow	656
paints	656
param	656
patriotic	656
peppers	656
peptide	656
pesticide	656
posed	656
precautions	656
predator	656
premature	656
pricegrabber	656
privat	656
programmable	656
racer	656
regeneration	656
regents	656
regiment	656
reviewers	656
rude	656
russ	656
rust	656
sang	656
sata	656
satan	656
schwartz	656
scrutiny	656
servants	656
shields	656
shining	656
shooter	656
shuffle	656
simpler	656
simplify	656
smiled	656
smugmug	656
sparks	656
steele	656
storms	656
subjected	656
subsidies	656
successes	656
sweatshirt	656
sweep	656
switchboard	656
tastes	656
tasting	656
tattoos	656
taxonomy	656
terrific	656
thirds	656
transformers	656
traps	656
tripod	656
unemployed	656
vale	656
viewpoint	656
vin	656
vince	656
vine	656
visually	656
vr	656
wardrobe	656
whereby	656
wholesalers	656
willingness	656
xlibs	656
xxxx	656
accomplishments	655
afghan	655
aires	655
ale	655
ancestors	655
apex	655
awaiting	655
bark	655
becker	655
benchmarks	655
beneficiary	655
biker	655
branding	655
brenda	655
buenos	655
bulls	655
carlson	655
carts	655
castro	655
cathy	655
checker	655
chloride	655
civilians	655
clarkson	655
clash	655
clerical	655
cmp	655
cocoa	655
coloring	655
commercials	655
compassion	655
conrad	655
conscience	655
converters	655
corrosion	655
councillor	655
criminals	655
crimson	655
crush	655
curb	655
cushion	655
darren	655
decreasing	655
demanded	655
diazepam	655
didrex	655
disappear	655
dishwasher	655
dorset	655
ecosystems	655
emergence	655
emi	655
enthusiast	655
examiner	655
extensively	655
feeder	655
feminist	655
fidelity	655
figurines	655
financials	655
fischer	655
flew	655
footer	655
freezing	655
gadget	655
gag	655
ghetto	655
goa	655
goodman	655
graves	655
hanson	655
heck	655
hobart	655
holden	655
hurry	655
ich	655
influential	655
informatics	655
inspire	655
invites	655
ios	655
ive	655
jedi	655
jovi	655
kaiser	655
kane	655
kicked	655
kiribati	655
lever	655
listener	655
lynx	655
maternal	655
mccarthy	655
meadow	655
meantime	655
mercer	655
midland	655
milfseeker	655
mixes	655
moose	655
mystic	655
nauru	655
needing	655
neurons	655
oakley	655
odor	655
offspring	655
orion	655
panorama	655
panther	655
panty	655
parked	655
patented	655
paulo	655
peanut	655
pooh	655
positioned	655
positively	655
pronounced	655
pumping	655
purdue	655
rants	655
rcs	655
reactor	655
rectangular	655
redundant	655
regency	655
regulators	655
retire	655
retrieving	655
reversed	655
revival	655
rhapsody	655
rodeo	655
roms	655
roth	655
rumors	655
sampler	655
sbc	655
seamless	655
sem	655
shaping	655
sis	655
solicitation	655
solitaire	655
specimen	655
stain	655
sts	655
subunit	655
synchronization	655
tarot	655
tasty	655
telnet	655
theatres	655
thr	655
timetable	655
torn	655
transient	655
trumpet	655
twentieth	655
udp	655
ug	655
vineyard	655
voyager	655
wallis	655
wasted	655
wastes	655
weigh	655
wished	655
workstations	655
yds	655
yy	655
abundant	654
acad	654
accompany	654
accountable	654
adaptors	654
advisories	654
antigen	654
appealing	654
applet	654
arrows	654
artery	654
asap	654
aussie	654
backwards	654
barbecue	654
baron	654
bates	654
belmont	654
bilingual	654
billions	654
bloomington	654
brasil	654
bronx	654
bundles	654
cane	654
cctv	654
cerebral	654
cern	654
christchurch	654
circa	654
clauses	654
coatings	654
coke	654
compares	654
compilations	654
conditioner	654
consolidate	654
constructive	654
contracted	654
contributes	654
conveniently	654
cough	654
cruising	654
customization	654
daewoo	654
daniels	654
deco	654
deductible	654
dei	654
deleting	654
delightful	654
deposition	654
detailing	654
discography	654
displacement	654
distress	654
distributing	654
drm	654
dst	654
dues	654
elbow	654
encoded	654
enthusiasts	654
enya	654
esther	654
estimating	654
eureka	654
fencing	654
fights	654
fishery	654
fluids	654
forecasting	654
fury	654
garment	654
garrett	654
gigs	654
gov	654
grandma	654
habitats	654
hammond	654
headings	654
hesitate	654
hewitt	654
homosexual	654
honours	654
hut	654
incorporates	654
indexing	654
inlet	654
inspiring	654
intends	654
isles	654
ivoire	654
keller	654
labrador	654
laurie	654
lendingtree	654
leukemia	654
lick	654
lifestyles	654
lima	654
listmania	654
localization	654
lori	654
lowering	654
macros	654
majesty	654
mapquest	654
masterbation	654
mgmt	654
middot	654
montserrat	654
msa	654
ness	654
noah	654
notably	654
novice	654
nucleotide	654
oceans	654
onsite	654
opposing	654
outdated	654
ovens	654
padded	654
pavement	654
pcb	654
pedestrian	654
pediatrics	654
personalities	654
pewter	654
plaintiffs	654
playoffs	654
plea	654
preparedness	654
pres	654
presumably	654
prey	654
pricetool	654
priests	654
procedural	654
prod	654
proficiency	654
proving	654
puffy	654
pumpkin	654
quinn	654
rabbi	654
razor	654
readiness	654
realise	654
refusal	654
reign	654
remover	654
repayment	654
researching	654
revise	654
ridiculous	654
roberto	654
rub	654
scattering	654
scholarly	654
sdk	654
secondly	654
secretaries	654
secular	654
sensible	654
spacecraft	654
specialize	654
spreadsheet	654
stafford	654
stark	654
stealth	654
stiff	654
stimulate	654
stretching	654
strongest	654
supplying	654
suppression	654
surroundings	654
sushi	654
swimwear	654
swinging	654
systemic	654
tas	654
telecommunication	654
ter	654
teresa	654
therapists	654
threesomes	654
thrust	654
tibet	654
ticker	654
todo	654
traces	654
trevor	654
trivial	654
tubing	654
ultrasound	654
unicode	654
unlawful	654
uranium	654
vanessa	654
violate	654
volunteering	654
weaver	654
webs	654
weston	654
wore	654
zodiac	654
acdbline	653
adverts	653
agp	653
alkaline	653
almanac	653
architectures	653
artifacts	653
autobiography	653
ay	653
believing	653
bins	653
borne	653
bout	653
brains	653
campuses	653
canopy	653
carat	653
carlisle	653
cdr	653
chartered	653
chf	653
clr	653
collegiate	653
competitor	653
concise	653
concludes	653
conditioned	653
consisted	653
constants	653
construed	653
consumables	653
cont	653
conversions	653
conway	653
crc	653
creed	653
curtains	653
cylinders	653
dba	653
denote	653
depressed	653
dinar	653
directing	653
dummies	653
dynasty	653
eaten	653
elegance	653
emailed	653
emphasize	653
encounters	653
excite	653
expire	653
faxes	653
fibers	653
fifa	653
firewalls	653
fletcher	653
forgive	653
fulton	653
gail	653
galaxies	653
getty	653
gloss	653
gu	653
handful	653
hank	653
haunted	653
helper	653
highbeam	653
hilarious	653
imac	653
indigo	653
inserting	653
interchange	653
interoperability	653
isuzu	653
kelley	653
kenwood	653
leases	653
lifelong	653
lohan	653
magnesium	653
mansfield	653
marvin	653
memoirs	653
methyl	653
microphones	653
midst	653
motions	653
mps	653
msdn	653
msi	653
msrp	653
mus	653
mutations	653
nan	653
nationality	653
negligence	653
neighbours	653
neoplasms	653
netgear	653
nobel	653
och	653
olympia	653
pagina	653
panda	653
payne	653
pertinent	653
plump	653
pointers	653
polling	653
porch	653
prepares	653
prog	653
programmed	653
prohibition	653
promoter	653
pseudo	653
purchaser	653
quoting	653
raiders	653
ramada	653
randolph	653
readable	653
rebels	653
redirect	653
relies	653
remotely	653
responds	653
retaining	653
rodney	653
roundup	653
salisbury	653
salons	653
scrapbook	653
screened	653
seized	653
selects	653
sensory	653
shampoo	653
sinks	653
slayer	653
slopes	653
socially	653
spares	653
spreads	653
statistically	653
steep	653
stretched	653
symbian	653
symmetry	653
tempo	653
territorial	653
tesco	653
tester	653
throne	653
tibetan	653
torch	653
tuvalu	653
unclear	653
unfortunate	653
usable	653
uss	653
vac	653
verlag	653
volatile	653
waterford	653
webring	653
whip	653
wwii	653
zurich	653
aaliyah	652
abused	652
aide	652
aided	652
airborne	652
airfares	652
ambitious	652
amos	652
analyse	652
ang	652
antennas	652
anthology	652
appetite	652
archaeological	652
aromatherapy	652
assert	652
attic	652
audiovox	652
auditors	652
auth	652
avec	652
avery	652
babylon	652
bart	652
bearings	652
billed	652
bizjournals	652
blinds	652
bowie	652
brushes	652
cans	652
capsule	652
casualty	652
clearwater	652
columnist	652
contour	652
convey	652
creampie	652
currents	652
cutie	652
dances	652
danielle	652
daytime	652
decree	652
defender	652
demonstrating	652
descent	652
designate	652
desks	652
dhcp	652
discovering	652
disturbing	652
edison	652
eff	652
elaborate	652
eli	652
endowment	652
enlarged	652
esta	652
eternity	652
evan	652
evergreen	652
exc	652
exquisite	652
fairmont	652
feather	652
fernando	652
fiat	652
fluctuations	652
fond	652
fra	652
gamble	652
gina	652
globally	652
goodies	652
govern	652
graded	652
grandchildren	652
gravel	652
guiana	652
gymnastics	652
hacks	652
handicap	652
honorable	652
horizons	652
huntsville	652
ibid	652
illusion	652
inspect	652
introductions	652
intrusion	652
iraqis	652
jerome	652
jf	652
judged	652
kindly	652
kk	652
knob	652
lacks	652
layouts	652
lieu	652
lifecycle	652
lim	652
mapped	652
merged	652
mesothelioma	652
metabolic	652
michele	652
minors	652
morality	652
mushroom	652
musings	652
nederland	652
nes	652
newsgroup	652
noel	652
noir	652
notch	652
notorious	652
nwt	652
ole	652
phuket	652
piper	652
poses	652
printf	652
profitability	652
prohibit	652
prosecutor	652
protests	652
racist	652
rammstein	652
rancho	652
rcw	652
reboot	652
reds	652
relied	652
reprinted	652
residue	652
resurrection	652
revealing	652
rsa	652
sarasota	652
scent	652
scrapbooking	652
sensation	652
seoul	652
sequel	652
sequential	652
servicemagic	652
sewage	652
sharks	652
shortcut	652
shutter	652
sickness	652
sixteen	652
skinny	652
smiles	652
sonoma	652
sore	652
stems	652
stephens	652
stepping	652
stockton	652
stripping	652
successor	652
sugababes	652
sundance	652
sunlight	652
suspend	652
tenth	652
thrice	652
ths	652
tightly	652
titanic	652
toons	652
topology	652
tor	652
trafficking	652
traits	652
transferring	652
transforming	652
transplantation	652
trucking	652
trustpass	652
tuberculosis	652
unc	652
underneath	652
uniquely	652
ventura	652
wealthy	652
weighing	652
whistler	652
wo	652
wolves	652
wretch	652
accelerate	651
acquiring	651
addison	651
advisers	651
affinity	651
akron	651
allegedly	651
ally	651
alma	651
americana	651
amnesty	651
aps	651
awake	651
ballroom	651
beaded	651
beetle	651
bh	651
bicycles	651
boca	651
borrower	651
brittany	651
buddhism	651
buena	651
burnt	651
cabins	651
carcinoma	651
certifications	651
charters	651
chiropractic	651
chooses	651
christi	651
cleanliness	651
clifford	651
clifton	651
coherent	651
coll	651
collectively	651
commenced	651
compartment	651
complainant	651
complexes	651
composers	651
compressor	651
contractual	651
converts	651
creditors	651
critically	651
croatian	651
crowded	651
cunningham	651
cy	651
debuginfo	651
derive	651
dickinson	651
discreet	651
dissolved	651
dove	651
dull	651
dummy	651
dundee	651
elliot	651
employing	651
exodus	651
fairness	651
financially	651
fines	651
flint	651
frustrated	651
frustration	651
gemini	651
generalized	651
ger	651
gloucester	651
grasp	651
hanover	651
happily	651
herpes	651
holt	651
hooked	651
hummer	651
ignoring	651
iis	651
imp	651
impulse	651
incubus	651
inhibition	651
inhibitor	651
insurer	651
inverse	651
irrelevant	651
isis	651
jigsaw	651
jimi	651
jsp	651
judging	651
jumbo	651
kaplan	651
khz	651
kicking	651
kinky	651
kl	651
knowledgeable	651
knox	651
kumar	651
kung	651
lett	651
liberties	651
linens	651
lister	651
localities	651
lowell	651
mack	651
majestic	651
manufactures	651
maths	651
medals	651
meg	651
milano	651
misplace	651
modifying	651
muhammad	651
multicast	651
mutually	651
needles	651
netbsd	651
newsgator	651
nominee	651
oi	651
omni	651
opener	651
ostg	651
ounce	651
owe	651
owens	651
percentages	651
physiological	651
pradesh	651
presbyterian	651
pretend	651
principe	651
probes	651
professionally	651
proton	651
pu	651
px	651
quota	651
rebounds	651
reciprocal	651
recurring	651
remembering	651
rhetoric	651
roast	651
samantha	651
sanitation	651
satellites	651
sentenced	651
serviced	651
shrink	651
solidarity	651
sounding	651
stance	651
starr	651
stevenson	651
streak	651
studs	651
sung	651
supervisory	651
surveyed	651
swivel	651
taipei	651
testers	651
testified	651
theodore	651
thirteen	651
throughput	651
tickling	651
tis	651
toast	651
tragic	651
turbine	651
tuscany	651
uae	651
unchanged	651
unesco	651
unprecedented	651
unreal	651
unspecified	651
upward	651
vaccines	651
varsity	651
verdict	651
versa	651
warrants	651
webmail	651
wee	651
whichever	651
wounds	651
abbott	650
abusive	650
accomodation	650
addr	650
adjusting	650
afp	650
alba	650
alexa	650
alibaba	650
ample	650
angelina	650
antibiotics	650
apprentice	650
ashland	650
attainment	650
bats	650
beard	650
bees	650
behave	650
benton	650
blocker	650
braun	650
burger	650
cairns	650
carmel	650
celebrex	650
changer	650
chateau	650
cheerleaders	650
chocolates	650
chronological	650
cinnamon	650
cites	650
claimant	650
clipboard	650
competitiveness	650
condoms	650
coolpix	650
cooperate	650
counselors	650
countless	650
courtney	650
cypress	650
denis	650
dependencies	650
destructive	650
diablo	650
dinosaur	650
directives	650
directorate	650
disadvantages	650
discharged	650
discoveries	650
dlp	650
dong	650
dreaming	650
economical	650
encore	650
encouragement	650
energies	650
entrepreneurship	650
epidemic	650
ezine	650
faults	650
faux	650
felix	650
fetal	650
filesize	650
fools	650
fortunate	650
frankly	650
friedman	650
gallons	650
gamer	650
garland	650
geoffrey	650
getaway	650
glamour	650
gmail	650
grease	650
hated	650
hatred	650
homestead	650
hormones	650
hud	650
hype	650
hyper	650
hyperlink	650
implants	650
indications	650
institut	650
interiors	650
interpretations	650
interpreting	650
itinerary	650
kd	650
kimberly	650
lac	650
landfill	650
lattice	650
lawsuits	650
lh	650
linkage	650
linkin	650
listeners	650
madthumbs	650
manifest	650
mcafee	650
melt	650
merits	650
microscopy	650
miniatures	650
mock	650
motorsports	650
mov	650
mushrooms	650
napoleon	650
ned	650
nfs	650
norms	650
obscure	650
ore	650
organisational	650
palms	650
pant	650
pascal	650
patriots	650
peggy	650
percentile	650
permitting	650
petty	650
pollutants	650
premise	650
presario	650
prima	650
principals	650
prospectus	650
protectors	650
psa	650
putative	650
questioning	650
reactive	650
registrations	650
repealed	650
reserveamerica	650
ripper	650
rite	650
riviera	650
robbins	650
royce	650
ruins	650
sanitary	650
savvy	650
scarf	650
scooters	650
seated	650
serenity	650
sergeant	650
sheila	650
sheridan	650
shiny	650
sidney	650
sigh	650
silva	650
slashdot	650
smash	650
sockets	650
som	650
sophomore	650
spicy	650
strangers	650
supervised	650
syrian	650
tac	650
tailor	650
tawnee	650
telefonsex	650
terri	650
tha	650
transvestites	650
trolley	650
underworld	650
unsure	650
uploads	650
urinary	650
utf	650
variants	650
verisign	650
voor	650
warehousing	650
wavelength	650
wedge	650
zelda	650
zeppelin	650
abdominal	649
absorbed	649
aesthetic	649
aix	649
amazed	649
amplitude	649
arguing	649
asphalt	649
astronomical	649
augustine	649
baltic	649
barker	649
battalion	649
baxter	649
bel	649
berg	649
bis	649
bites	649
caesar	649
candid	649
capacities	649
capturing	649
cassettes	649
certify	649
chord	649
clown	649
comet	649
commenting	649
commercially	649
competency	649
completeness	649
consulted	649
consume	649
contingent	649
coping	649
corr	649
corrective	649
correlated	649
cpus	649
curved	649
dataset	649
davenport	649
deficiencies	649
demons	649
dep	649
dilemma	649
dion	649
displaced	649
dominion	649
dwarf	649
edi	649
eighteen	649
emc	649
enhances	649
equestrian	649
erase	649
exporter	649
filtration	649
flavors	649
fourteen	649
fowler	649
frameworks	649
fremont	649
fucks	649
gpa	649
graffiti	649
hale	649
hawkins	649
hawks	649
honesty	649
hum	649
ifdef	649
ig	649
improper	649
incidental	649
incremental	649
intra	649
irons	649
irregular	649
jennings	649
ji	649
jude	649
killers	649
kudoz	649
lasers	649
legislators	649
lien	649
livingston	649
locating	649
lotto	649
luna	649
lust	649
malicious	649
marx	649
mergers	649
methodologies	649
milestone	649
monogram	649
mri	649
multicultural	649
muse	649
nanotechnology	649
nip	649
northeastern	649
olson	649
ornament	649
outbreak	649
philippe	649
pid	649
pines	649
placebo	649
powerpc	649
probing	649
prose	649
pussies	649
quickcheck	649
realised	649
realization	649
rebuilding	649
redistribute	649
refreshing	649
relational	649
replay	649
reportedly	649
rewarding	649
savers	649
sbin	649
scalable	649
schoolgirl	649
schooling	649
seagate	649
sha	649
shifted	649
shocks	649
singular	649
sirius	649
skeleton	649
smoked	649
solids	649
solvent	649
someday	649
sounded	649
spacing	649
spontaneous	649
steelers	649
stellar	649
summers	649
suspects	649
swear	649
syrup	649
taboo	649
tangible	649
teachings	649
textures	649
thornton	649
toggle	649
toni	649
tsp	649
turf	649
tyne	649
unacceptable	649
vein	649
verses	649
volcano	649
vous	649
warmth	649
wetland	649
wolfgang	649
xii	649
xv	649
youngest	649
ziff	649
aftermath	648
alliances	648
allocate	648
alterations	648
amid	648
angus	648
archival	648
ashes	648
atlantis	648
attacking	648
averaged	648
baccarat	648
badges	648
bait	648
beams	648
bellevue	648
biographical	648
bonding	648
boone	648
breeders	648
brides	648
broadcasts	648
bullets	648
burgundy	648
carisoprodol	648
cavity	648
cellar	648
checksum	648
chipset	648
clarion	648
clues	648
cnc	648
codec	648
cohort	648
completes	648
confirms	648
continuum	648
corinthians	648
countdown	648
crews	648
crosses	648
decals	648
decker	648
declining	648
dent	648
dior	648
directional	648
doesnt	648
doubled	648
dough	648
easton	648
elton	648
emphasized	648
enclosures	648
enron	648
enthusiastic	648
equitable	648
evenings	648
exposures	648
extern	648
factual	648
farewell	648
feng	648
formulated	648
friction	648
furnace	648
fuse	648
gemstone	648
gigabit	648
glacier	648
glossy	648
goldberg	648
gonzalez	648
goodwill	648
haired	648
hillary	648
hj	648
horde	648
hotspot	648
houghton	648
hutchinson	648
icc	648
ida	648
incense	648
inflammation	648
informations	648
insurers	648
issuer	648
judaism	648
kitten	648
lame	648
lethal	648
lineup	648
lobster	648
locus	648
macs	648
malaysian	648
mer	648
microscope	648
millionaire	648
misses	648
molded	648
mommy	648
moto	648
msnbc	648
nanny	648
natal	648
natl	648
nylons	648
onions	648
osha	648
override	648
pablo	648
paperwork	648
pep	648
phonephone	648
poisoning	648
pops	648
preteen	648
proactive	648
probate	648
prone	648
props	648
prototypes	648
psc	648
pueblo	648
purity	648
rabbits	648
refrigeration	648
relieve	648
req	648
rigorous	648
roach	648
rosemary	648
sar	648
seismic	648
sentencing	648
shaking	648
smokers	648
soho	648
sophie	648
spectroscopy	648
sponsoring	648
squeeze	648
stealing	648
stool	648
struggles	648
substituted	648
suburb	648
succession	648
sums	648
sylvia	648
teenager	648
terrestrial	648
threaten	648
tiff	648
towing	648
transported	648
troubles	648
turquoise	648
tutoring	648
uncomfortable	648
unregistered	648
urges	648
valerie	648
vanguard	648
vladimir	648
welch	648
witnessed	648
worksheet	648
acta	647
advancing	647
aero	647
alta	647
annotate	647
anxious	647
arial	647
arin	647
ashton	647
assertion	647
attribution	647
autocad	647
autonomy	647
backpacks	647
baptism	647
bergen	647
biomass	647
birch	647
blackwell	647
blanc	647
blossom	647
bounded	647
brewing	647
broadly	647
bubbles	647
budgeting	647
bulldogs	647
bulletins	647
bur	647
bury	647
cannabis	647
cervical	647
chestnut	647
christie	647
cinderella	647
comprise	647
confessions	647
constr	647
constructing	647
coop	647
corvette	647
cosmos	647
crossroads	647
cutlery	647
dartmouth	647
detecting	647
differs	647
digestive	647
disposed	647
dixie	647
doubts	647
duct	647
dynamically	647
electromagnetic	647
elm	647
employs	647
enforced	647
engraved	647
entertain	647
env	647
esa	647
ethanol	647
ethereal	647
evolve	647
exercised	647
facsimile	647
factories	647
feminine	647
folded	647
fulfilled	647
fulfillment	647
ghosts	647
grabbed	647
grenadines	647
gut	647
gutenberg	647
halt	647
hcl	647
helix	647
hep	647
hierarchical	647
historian	647
housewife	647
howell	647
hug	647
hurts	647
identifiable	647
ideology	647
iec	647
illnesses	647
imprisonment	647
infiniti	647
insist	647
joanne	647
jolie	647
joomla	647
judgments	647
knot	647
kris	647
leased	647
legion	647
lend	647
lesions	647
levi	647
librarians	647
locality	647
loft	647
lois	647
lowered	647
lump	647
ly	647
manson	647
mikes	647
misuse	647
mont	647
motif	647
muscular	647
nautical	647
nichols	647
nigel	647
norris	647
overlooking	647
pans	647
parsons	647
pastoral	647
phs	647
pictured	647
pitcher	647
plum	647
powerbook	647
ppl	647
prisons	647
prophecy	647
pursued	647
rad	647
referee	647
regs	647
rejects	647
resale	647
rocking	647
rsvp	647
saloon	647
scalar	647
scare	647
sco	647
seiko	647
sesame	647
shinedown	647
sizeof	647
slash	647
smoothly	647
snyder	647
sofia	647
spear	647
speculation	647
spi	647
stacy	647
staffordshire	647
standby	647
starters	647
stimulating	647
subscribed	647
substantive	647
subtitle	647
supp	647
suspicious	647
sweets	647
swinger	647
swords	647
sx	647
tallahassee	647
tariffs	647
tate	647
thief	647
timed	647
tos	647
touches	647
transporter	647
uml	647
unisex	647
unpaid	647
unrelated	647
unresolved	647
userpic	647
validated	647
wallets	647
williamsburg	647
worries	647
worthwhile	647
yachts	647
yep	647
yuan	647
zoofilia	647
abn	646
ack	646
activex	646
addict	646
adhd	646
admiral	646
admits	646
afb	646
agreeing	646
alexandra	646
allergic	646
ames	646
amortization	646
annapolis	646
annuity	646
anticipate	646
anyways	646
archery	646
arithmetic	646
asshole	646
assortment	646
astro	646
augmentation	646
avian	646
backbone	646
bartlett	646
bindings	646
blackburn	646
boiler	646
bombay	646
boo	646
brushed	646
buckle	646
centralized	646
cereal	646
champ	646
chanel	646
chennai	646
cleansing	646
comprehension	646
convincing	646
cracked	646
crawl	646
credible	646
cultured	646
debtor	646
deductions	646
deliberately	646
deviations	646
diagonal	646
disadvantaged	646
dismissal	646
divers	646
drills	646
eliminates	646
enlightenment	646
enrichment	646
escaped	646
espanol	646
este	646
etiology	646
excludes	646
exe	646
exhibitor	646
faroe	646
fema	646
fetch	646
financed	646
flaws	646
founders	646
fragile	646
franchises	646
genetically	646
genomic	646
glendale	646
gown	646
harrisburg	646
heidi	646
helpdesk	646
hgh	646
hmmm	646
hospice	646
hx	646
ik	646
importing	646
incomes	646
induce	646
ions	646
isaiah	646
jabber	646
jeremiah	646
juniors	646
kitchens	646
lincolnshire	646
logon	646
mah	646
mates	646
matrices	646
matte	646
melanie	646
mellon	646
metering	646
mets	646
mfr	646
milford	646
mortal	646
nate	646
neighboring	646
neurology	646
niue	646
nyt	646
objections	646
olsen	646
openly	646
originals	646
otto	646
overland	646
padding	646
passages	646
patron	646
personalised	646
pistol	646
polk	646
ponds	646
popcorn	646
precursor	646
prolonged	646
qos	646
rams	646
recap	646
reconditioned	646
recruiter	646
refuses	646
rented	646
resolving	646
rey	646
rk	646
rockets	646
rotate	646
ruin	646
runway	646
sabbath	646
sandwiches	646
sapiens	646
sausage	646
secunia	646
seymour	646
shear	646
shocking	646
shook	646
sinclair	646
slaughter	646
sovereignty	646
sparkling	646
speedway	646
sportswear	646
stella	646
stratford	646
subwoofer	646
sundays	646
supermarket	646
supposedly	646
surnames	646
sweatshirts	646
sy	646
tcl	646
theo	646
toddlers	646
tow	646
townsend	646
tracing	646
trong	646
trump	646
unanimously	646
uncommon	646
unite	646
unpublished	646
upside	646
ux	646
visas	646
vu	646
wat	646
webmd	646
xtreme	646
yay	646
zebra	646
zerodegrees	646
acclaimed	645
acknowledgement	645
acronyms	645
acupuncture	645
adj	645
alteration	645
amherst	645
anglo	645
anton	645
armenian	645
armour	645
asc	645
authored	645
autographed	645
avalanche	645
awhile	645
behold	645
bei	645
bilder	645
bishops	645
blaster	645
blender	645
bluegrass	645
boasts	645
breastfeeding	645
butterflies	645
bylaws	645
caldwell	645
cary	645
cashier	645
celebrates	645
celine	645
cellphone	645
centennial	645
colonies	645
communion	645
competencies	645
conceived	645
connie	645
corona	645
crushed	645
decoder	645
demolition	645
depths	645
destroying	645
disciples	645
disturbance	645
dmc	645
donkey	645
duly	645
eats	645
empowerment	645
energetic	645
erection	645
exhibited	645
exile	645
faa	645
facesitting	645
felony	645
filtered	645
finepix	645
flea	645
fleming	645
followers	645
frontgate	645
gcse	645
genocide	645
gentoo	645
gerry	645
giovanni	645
glitter	645
grassroots	645
gratuite	645
griffith	645
growers	645
hai	645
hail	645
haul	645
hazel	645
heap	645
heathrow	645
highlighting	645
historians	645
hotspots	645
humorous	645
hypermail	645
indy	645
instructed	645
intercourse	645
investigative	645
inviting	645
irene	645
jacks	645
jaw	645
jew	645
jumps	645
kappa	645
kathryn	645
kirby	645
kite	645
knots	645
lao	645
lasted	645
latency	645
laughs	645
ledger	645
letras	645
loader	645
longitudinal	645
lungs	645
managerial	645
manuscripts	645
mare	645
masterpiece	645
mccartney	645
mentions	645
ments	645
messy	645
mick	645
modulation	645
monuments	645
morrow	645
motivational	645
multiply	645
murdered	645
mustard	645
neuroscience	645
nielsen	645
northampton	645
nsu	645
obey	645
offences	645
optimistic	645
oss	645
ov	645
pals	645
pantera	645
podcasting	645
praying	645
quasi	645
radial	645
radiator	645
randomized	645
rbi	645
realities	645
redevelopment	645
referendum	645
remediation	645
replacements	645
reside	645
restoring	645
ribbons	645
rig	645
roasted	645
routinely	645
rupee	645
rushing	645
samson	645
sanchez	645
saunders	645
sax	645
scaled	645
scarlet	645
seldom	645
serbian	645
shaving	645
sidebar	645
snoop	645
spices	645
squadron	645
statues	645
stole	645
strait	645
subsidy	645
subtitles	645
summarized	645
tenders	645
themed	645
thunderbird	645
tonnes	645
trainee	645
triggered	645
tuna	645
uncertainties	645
uploading	645
veronica	645
vinci	645
wasting	645
winery	645
wipe	645
wks	645
wmv	645
workload	645
aba	644
abandon	644
actresses	644
akon	644
allowable	644
allowances	644
ama	644
amature	644
amex	644
ams	644
announcing	644
antarctic	644
apa	644
approvals	644
archer	644
ariel	644
asians	644
axe	644
basil	644
bathing	644
bea	644
believers	644
bitches	644
blackpool	644
blessings	644
boiling	644
bose	644
bravo	644
brendan	644
buster	644
cafes	644
calf	644
cancers	644
carpets	644
certainty	644
champaign	644
chattanooga	644
checkboxes	644
chesapeake	644
cigars	644
cinemas	644
clarence	644
classicvacations	644
classmates	644
clones	644
coarse	644
compositions	644
condosaver	644
constituents	644
continents	644
contingency	644
contra	644
counterparts	644
crossover	644
curiosity	644
cuz	644
cx	644
damaging	644
declarations	644
derbyshire	644
diagnose	644
dispersion	644
dominate	644
drafts	644
dryers	644
dy	644
ej	644
encoder	644
engl	644
epilepsy	644
ernst	644
ers	644
excursions	644
exported	644
fayetteville	644
fh	644
flap	644
foregoing	644
foremost	644
fountains	644
fracture	644
franco	644
fujifilm	644
fyi	644
garner	644
gerard	644
giles	644
goggles	644
grouped	644
hallmark	644
handicapped	644
harmless	644
herd	644
hertfordshire	644
hitch	644
ics	644
ignorant	644
importers	644
impressum	644
inference	644
intrinsic	644
inuyasha	644
islander	644
jerk	644
journeys	644
jukebox	644
karate	644
kawasaki	644
kontakt	644
lag	644
lambert	644
licences	644
liter	644
lobbying	644
mahogany	644
mal	644
maroon	644
marrow	644
mclean	644
melting	644
mgm	644
milestones	644
missiles	644
moderated	644
monty	644
nassau	644
neglected	644
nexus	644
nicht	644
nicolas	644
nineteenth	644
nominees	644
ord	644
orient	644
originated	644
osteoporosis	644
overlay	644
paced	644
pakistani	644
parkinson	644
parsing	644
persistence	644
pharma	644
phe	644
photon	644
populated	644
prevailing	644
ras	644
rave	644
recalled	644
recovering	644
renee	644
resting	644
rib	644
runoff	644
rusty	644
sculptures	644
secsg	644
seether	644
ses	644
shack	644
showroom	644
sings	644
situ	644
sleek	644
specificity	644
splitting	644
sting	644
submarine	644
successive	644
swarovski	644
tango	644
tavern	644
thoughtful	644
transformer	644
trivium	644
unhappy	644
urbana	644
vague	644
viewsonic	644
warmer	644
warns	644
weiss	644
wiltshire	644
wraps	644
xc	644
adsense	643
agendas	643
ahmed	643
andersen	643
angelo	643
appellate	643
appl	643
armani	643
attain	643
attributable	643
avant	643
bbb	643
binder	643
bipolar	643
bookstores	643
bowel	643
bsc	643
buchanan	643
busch	643
caffeine	643
calorie	643
canned	643
cardboard	643
carte	643
celexa	643
ceremonies	643
chats	643
cheek	643
cimel	643
claudia	643
clustering	643
coldplay	643
collects	643
comma	643
complained	643
conformity	643
constrained	643
contiguous	643
corpse	643
csa	643
customizable	643
dane	643
decatur	643
diva	643
dora	643
drummer	643
dungeon	643
dupont	643
eclectic	643
electrons	643
emulation	643
endurance	643
exemptions	643
exhausted	643
explanatory	643
facilitating	643
fao	643
farther	643
fats	643
ferdinand	643
fortress	643
freed	643
fulfilling	643
futuna	643
gainesville	643
gala	643
gavin	643
geeks	643
germans	643
glimpse	643
gloucestershire	643
grandparents	643
graphite	643
guitarist	643
harriet	643
headaches	643
headphone	643
helicopters	643
hooded	643
httpd	643
hvac	643
illuminated	643
inaccurate	643
inbound	643
inclined	643
inconvenience	643
innocence	643
insest	643
insightful	643
insisted	643
instability	643
insulated	643
integrates	643
intercontinental	643
invaluable	643
invoked	643
jg	643
kashmir	643
keystone	643
kinetic	643
kuala	643
lagoon	643
lasts	643
leica	643
lengthy	643
lilly	643
lipid	643
lyons	643
mafia	643
magnum	643
mandarin	643
marcos	643
menopause	643
ming	643
ministerial	643
mosquito	643
ngc	643
nib	643
nws	643
oath	643
offenses	643
optimizing	643
owning	643
pains	643
parrot	643
perez	643
perpetual	643
philosopher	643
pigeon	643
predictable	643
presenter	643
psychologist	643
publishes	643
putnam	643
qb	643
queer	643
quicker	643
quot	643
ramsey	643
readme	643
realtime	643
rectangle	643
regimes	643
reluctant	643
repec	643
riot	643
rivals	643
satisfies	643
scams	643
seminary	643
sermon	643
settlers	643
shelters	643
shire	643
shortlist	643
sketches	643
skyline	643
slac	643
smarter	643
sobre	643
softcover	643
solicitor	643
sonata	643
sorrow	643
speedy	643
stacks	643
stools	643
stroller	643
subsystem	643
sulfur	643
supper	643
susceptible	643
sweaters	643
switchfoot	643
symmetric	643
tang	643
tao	643
taps	643
teaspoon	643
tertiary	643
thrill	643
tiava	643
torah	643
traction	643
treaties	643
tty	643
undoubtedly	643
unrated	643
utterly	643
vaccination	643
verbatim	643
vioxx	643
withheld	643
woo	643
workspace	643
wrapper	643
xavier	643
xemacs	643
xf	643
accidentally	642
acknowledgements	642
adhere	642
aggregation	642
airmail	642
altar	642
amatuer	642
amc	642
analogue	642
arose	642
aspire	642
assemble	642
backpacking	642
barrels	642
batting	642
becky	642
beers	642
beg	642
biased	642
blended	642
bonded	642
borrowed	642
brewer	642
cabling	642
canary	642
cardiology	642
catalogues	642
catches	642
ccc	642
chasing	642
chatham	642
chiang	642
clergy	642
clive	642
closeout	642
clyde	642
cobalt	642
congressman	642
conquest	642
conserved	642
corel	642
coursework	642
creators	642
cuff	642
cumbria	642
darby	642
decomposition	642
depicted	642
deskjet	642
diaz	642
digging	642
doughty	642
downward	642
dudley	642
eaton	642
elders	642
empires	642
enquire	642
eta	642
evangelical	642
exchanged	642
farrell	642
fills	642
fixture	642
flop	642
fran	642
garfield	642
gears	642
georges	642
glassware	642
grapes	642
grilled	642
grim	642
grips	642
groom	642
harvesting	642
heh	642
henri	642
heroin	642
hn	642
hogan	642
honorary	642
hubbard	642
imagined	642
imperative	642
inflatable	642
interpreters	642
irwin	642
janeiro	642
jewels	642
kayak	642
kayaking	642
keygen	642
kidding	642
kilometres	642
klaus	642
kos	642
lantern	642
lesbo	642
lindsey	642
lithuanian	642
localhost	642
lush	642
mains	642
mandated	642
massacre	642
mayotte	642
merrill	642
misty	642
moderately	642
musicals	642
networked	642
nsa	642
ogg	642
oldsmobile	642
oprah	642
orbital	642
osama	642
oyster	642
panoramic	642
parity	642
partitions	642
payload	642
perimeter	642
piping	642
pity	642
playoff	642
polynomial	642
prentice	642
prism	642
problematic	642
profiling	642
proportions	642
proposing	642
psu	642
quincy	642
rafael	642
recombinant	642
repairing	642
repeating	642
repetitive	642
reps	642
rests	642
rewrite	642
rhino	642
ripped	642
risen	642
ritz	642
roadmap	642
ruler	642
salvage	642
santana	642
saturated	642
searchsearch	642
sequencing	642
seventy	642
shelley	642
signifies	642
skincare	642
solicitors	642
stakeholder	642
stanton	642
staring	642
steadily	642
sti	642
sticking	642
stills	642
stochastic	642
stripped	642
sturdy	642
superstar	642
supporter	642
swansea	642
swept	642
synergy	642
tau	642
tnt	642
toilets	642
tokens	642
toss	642
transexuals	642
transformations	642
troop	642
ubuntu	642
undergo	642
vegan	642
vending	642
weeds	642
werner	642
whales	642
winding	642
woke	642
workbook	642
xslt	642
abuses	641
adorable	641
allocations	641
alprazolam	641
ambition	641
amethyst	641
ammunition	641
analytic	641
anthem	641
apologize	641
applicability	641
arabian	641
artillery	641
attracting	641
authenticity	641
beethoven	641
bending	641
berger	641
bioinformatics	641
bittorrent	641
blends	641
blows	641
bordeaux	641
boris	641
bro	641
cdrom	641
chap	641
chung	641
cle	641
cody	641
collaborate	641
colt	641
complaining	641
concerto	641
cond	641
condemned	641
conformance	641
converse	641
corey	641
cornerstone	641
cpc	641
cues	641
damned	641
dds	641
deb	641
debra	641
denton	641
denying	641
diecast	641
disneyland	641
disruption	641
diversified	641
dividing	641
dresden	641
eddy	641
escrow	641
esq	641
exporting	641
fab	641
faint	641
fav	641
fertilizer	641
fierce	641
flock	641
fortran	641
frankie	641
fraternity	641
freebies	641
frontline	641
furnish	641
galway	641
gao	641
gardener	641
garments	641
gdb	641
gland	641
grills	641
grinding	641
harp	641
hickory	641
higgins	641
hips	641
hoteles	641
hunk	641
hypnosis	641
idg	641
imap	641
incumbent	641
indicative	641
inevitably	641
inferior	641
infospace	641
inmates	641
inspected	641
ita	641
ithaca	641
iu	641
jars	641
jeeves	641
jockey	641
kat	641
kauai	641
kendall	641
kerr	641
kisses	641
knocked	641
lawson	641
learns	641
lei	641
licensors	641
listserv	641
lsu	641
lumpur	641
lymphoma	641
manifold	641
manipulate	641
missionary	641
ninety	641
nowadays	641
oa	641
offs	641
oldies	641
omg	641
originating	641
parole	641
penguins	641
peterborough	641
phat	641
pitching	641
pleasures	641
polymers	641
positives	641
possessed	641
precedence	641
predominantly	641
proceeded	641
quo	641
rebuilt	641
recycle	641
regulating	641
rene	641
renovated	641
resignation	641
restraint	641
rewritten	641
rpc	641
rubbish	641
sack	641
scheduler	641
sexe	641
shave	641
shortest	641
slices	641
slips	641
sos	641
spouses	641
stewardship	641
stoke	641
stresses	641
striped	641
stu	641
subpart	641
sulfate	641
surfers	641
swamp	641
tack	641
tapestry	641
tele	641
tentative	641
thb	641
thrillers	641
timeless	641
timeshare	641
tokelau	641
tornado	641
torres	641
trays	641
turtles	641
tyr	641
uid	641
umd	641
upstairs	641
vauxhall	641
vega	641
vf	641
volatility	641
vv	641
warwickshire	641
webhosting	641
welcoming	641
wes	641
wf	641
whistle	641
whitman	641
wigs	641
winamp	641
winnie	641
woodstock	641
woodward	641
zion	641
zz	641
aac	640
accountancy	640
acoustics	640
administering	640
afl	640
aftermarket	640
aggression	640
alexis	640
almond	640
alr	640
amending	640
approves	640
aquaculture	640
atkinson	640
authorizing	640
axle	640
bastard	640
bethesda	640
billings	640
biochemical	640
blanca	640
bomber	640
bournemouth	640
braves	640
butte	640
campground	640
casualties	640
catalytic	640
cbd	640
chalk	640
claus	640
clover	640
cme	640
coaster	640
cobb	640
commence	640
compensate	640
condominium	640
conflicting	640
cortex	640
costing	640
cracking	640
crs	640
cultivation	640
descendants	640
digitally	640
dimm	640
directs	640
disadvantage	640
dogg	640
duluth	640
ecc	640
edmund	640
ella	640
enamel	640
entitlement	640
equivalents	640
estonian	640
europeans	640
exercising	640
exhibitors	640
fellowships	640
femme	640
firstly	640
folklore	640
forgiveness	640
forrest	640
francais	640
fraudulent	640
freeway	640
georgian	640
gly	640
grazing	640
grouping	640
halfway	640
handcrafted	640
har	640
hardest	640
havana	640
hemisphere	640
hicks	640
hier	640
hipaa	640
housed	640
interrupted	640
invitational	640
invoices	640
ipsec	640
jackpot	640
jeanne	640
johann	640
jolly	640
kindness	640
kj	640
kv	640
kx	640
lara	640
lars	640
lennon	640
lester	640
loser	640
macmillan	640
marin	640
martini	640
membranes	640
michaels	640
mirage	640
miranda	640
misconduct	640
mixers	640
monarch	640
nasal	640
negro	640
neutron	640
nitro	640
nord	640
nunavut	640
obliged	640
omar	640
opal	640
oxidation	640
paradox	640
patrons	640
peculiar	640
pedigree	640
peek	640
pensacola	640
peoria	640
perceive	640
petitions	640
pillar	640
pineapple	640
piracy	640
policing	640
politician	640
porto	640
practiced	640
pratt	640
precinct	640
predictive	640
pricerunner	640
privatization	640
puppet	640
questionable	640
radiant	640
railways	640
ranged	640
recherche	640
redesign	640
redmond	640
redwood	640
reeves	640
reminders	640
renamed	640
resides	640
restrictive	640
rockies	640
roe	640
rowing	640
safeguard	640
sanford	640
sars	640
scriptures	640
seaside	640
secs	640
sendmail	640
shania	640
sherwood	640
shoots	640
siding	640
siege	640
similarities	640
simplest	640
snakes	640
soluble	640
songwriter	640
sourceforge	640
spanning	640
spends	640
spruce	640
ssi	640
strippers	640
sudoku	640
sued	640
suitability	640
surveying	640
suspicion	640
swelling	640
temptation	640
testosterone	640
thereto	640
toby	640
toon	640
trenton	640
truths	640
typedef	640
tyres	640
unanimous	640
unbelievable	640
undef	640
upholstery	640
virgins	640
vlan	640
voluntarily	640
westwood	640
wildcats	640
wolfe	640
woodworking	640
wording	640
wrath	640
adversely	639
albeit	639
antibiotic	639
ape	639
apologies	639
arabs	639
asheville	639
attained	639
bankers	639
bild	639
billiards	639
biochem	639
bistro	639
blaze	639
blew	639
blitz	639
bots	639
briefings	639
brock	639
broncos	639
caching	639
cactus	639
castles	639
celeron	639
censorship	639
centro	639
challenger	639
chloe	639
classifications	639
clint	639
coa	639
collapsed	639
compactflash	639
computerized	639
conducts	639
contaminants	639
cooks	639
cps	639
crochet	639
crosby	639
crowds	639
dcp	639
deception	639
deploying	639
devastating	639
dexter	639
diggs	639
dillon	639
disappointment	639
disclosures	639
dismiss	639
diver	639
diversion	639
divorced	639
eine	639
eleanor	639
envy	639
eo	639
evelyn	639
excalibur	639
fiberglass	639
fisherman	639
forged	639
freaks	639
galloway	639
gateways	639
geared	639
gee	639
gil	639
granada	639
grievance	639
grind	639
hatchback	639
healthier	639
hehe	639
hoops	639
horns	639
howe	639
ideals	639
increment	639
intentionally	639
interacting	639
interpersonal	639
invariant	639
jameson	639
janice	639
jasmine	639
jorge	639
ju	639
jv	639
kristin	639
laurence	639
lava	639
lawful	639
leonardo	639
limerick	639
liners	639
lw	639
lynne	639
macon	639
magnolia	639
mailer	639
malignant	639
maxtor	639
meds	639
misery	639
mitch	639
nap	639
newsweek	639
notions	639
nucleic	639
obsession	639
onboard	639
ors	639
osaka	639
palette	639
pdb	639
pencils	639
personalize	639
pitcairn	639
plateau	639
plone	639
pluto	639
prada	639
preceded	639
preface	639
provence	639
pte	639
quinta	639
rafting	639
rainy	639
rash	639
rebellion	639
redistributed	639
redistribution	639
regent	639
rfp	639
righteous	639
ringer	639
roanoke	639
robbery	639
rumor	639
rushed	639
rustic	639
rutgers	639
safaris	639
sammy	639
sampled	639
scissors	639
scr	639
sentiment	639
shah	639
sharply	639
siblings	639
sinatra	639
sincere	639
sle	639
splendid	639
stag	639
stamped	639
strengthened	639
subclass	639
sucked	639
svc	639
sweeping	639
telecoms	639
tended	639
tho	639
threatens	639
tra	639
traumatic	639
treadmill	639
tycoon	639
undergoing	639
unread	639
uptake	639
ussr	639
vail	639
vanderbilt	639
vie	639
vinegar	639
viola	639
viva	639
volts	639
voodoo	639
wakefield	639
weighs	639
wreck	639
zipper	639
abe	638
absorb	638
accrued	638
addicted	638
adhesives	638
alps	638
amen	638
amusing	638
annum	638
archiving	638
atreyu	638
averaging	638
backstreet	638
barefoot	638
barley	638
barney	638
baylor	638
beginnings	638
benny	638
bert	638
bloodhound	638
bohemian	638
boil	638
bologna	638
bowman	638
brentwood	638
brew	638
brewery	638
brokeback	638
buffers	638
canine	638
cannes	638
carbohydrate	638
carving	638
cass	638
categorized	638
catholics	638
cemeteries	638
champs	638
chimney	638
ciara	638
clair	638
cmos	638
commentaries	638
commodore	638
constructs	638
coordinators	638
cords	638
correctional	638
coup	638
crete	638
cumming	638
dalton	638
damon	638
declares	638
deliberate	638
dementia	638
denies	638
departing	638
despair	638
desperately	638
digi	638
diluted	638
dinnerware	638
disappointing	638
disconnect	638
ditch	638
docking	638
docume	638
dominance	638
dragonfly	638
draper	638
dumping	638
econ	638
eighty	638
emotionally	638
enlisted	638
estrogen	638
evacuation	638
faculties	638
fantasies	638
feared	638
federated	638
filesystem	638
flashlight	638
footjob	638
fore	638
fractions	638
frustrating	638
fte	638
gagged	638
gladly	638
gsa	638
guidebook	638
homosexuality	638
immunization	638
imo	638
impedance	638
implant	638
imposing	638
inception	638
indies	638
indoors	638
injected	638
interviewing	638
inventories	638
ipods	638
itu	638
jojo	638
julius	638
katz	638
kern	638
kobe	638
kylie	638
levine	638
lex	638
lic	638
limestone	638
lineage	638
localized	638
madame	638
magellan	638
magenta	638
manpower	638
marching	638
masonry	638
mastering	638
maureen	638
maze	638
medicinal	638
mehr	638
metasearch	638
middleware	638
mips	638
miracles	638
mistaken	638
morse	638
mpi	638
multilingual	638
naomi	638
nerves	638
obedience	638
odbc	638
openbsd	638
ordination	638
otc	638
overlooked	638
overly	638
overweight	638
ow	638
owing	638
oxfordshire	638
packers	638
pilates	638
piston	638
plague	638
playlists	638
potent	638
pow	638
predators	638
prelude	638
presses	638
prophets	638
proverbs	638
rag	638
realism	638
realizing	638
receivable	638
reinforce	638
remedial	638
remuneration	638
retains	638
reversal	638
revisited	638
ripencc	638
risky	638
roc	638
roche	638
rockford	638
rode	638
ronnie	638
ropes	638
roundtable	638
rowe	638
salads	638
scarce	638
schizophrenia	638
sclerosis	638
sealing	638
servings	638
sherry	638
shoppy	638
shoreline	638
shui	638
slick	638
slipped	638
spiders	638
spires	638
ssa	638
staging	638
statistic	638
stl	638
subversion	638
supernatural	638
surprises	638
tagging	638
taliban	638
talkback	638
tandem	638
telescopes	638
temples	638
thematic	638
tivoli	638
topped	638
torino	638
transmissions	638
trekking	638
triggers	638
tulip	638
uf	638
underoath	638
unlocked	638
vain	638
vaughan	638
vo	638
warez	638
warp	638
westin	638
xy	638
yd	638
yves	638
zeta	638
abstraction	637
acknowledges	637
acl	637
affection	637
affiliations	637
agnes	637
aiming	637
airplanes	637
alas	637
albion	637
amer	637
ans	637
antigens	637
appropriated	637
arte	637
asst	637
audrey	637
authoritative	637
baggage	637
basel	637
beanie	637
beech	637
bethlehem	637
billboard	637
bookshelf	637
bootstrap	637
bowen	637
browns	637
capitalist	637
captive	637
cared	637
caves	637
celestial	637
cello	637
centrally	637
chalet	637
chavez	637
chr	637
chunk	637
cocos	637
comb	637
consequential	637
constituency	637
cooled	637
copiers	637
courthouse	637
cozy	637
crate	637
dar	637
dart	637
detained	637
devotion	637
differing	637
diplomacy	637
drafted	637
dusty	637
earthquakes	637
economists	637
educating	637
enrolment	637
entrepreneurial	637
episcopal	637
escherichia	637
expat	637
ezra	637
farmington	637
filipino	637
filler	637
fno	637
foreigners	637
fps	637
freq	637
frogs	637
gan	637
genomics	637
gibbs	637
glibc	637
goth	637
gregg	637
hayward	637
hbo	637
heidelberg	637
hopper	637
housekeeping	637
htdocs	637
huang	637
humane	637
ibook	637
imaginary	637
immense	637
impacted	637
initialization	637
intestinal	637
invoke	637
kanye	637
kettle	637
kh	637
kin	637
kinetics	637
koch	637
koh	637
larson	637
lawmakers	637
layered	637
leaning	637
lebanese	637
lec	637
limb	637
limp	637
liquids	637
lob	637
ludwig	637
luncheon	637
mackenzie	637
maharashtra	637
mallorca	637
maori	637
mast	637
merlin	637
metre	637
midtown	637
migrant	637
miners	637
moonlight	637
multitude	637
mute	637
neurological	637
nortel	637
nrc	637
occupy	637
oj	637
ordinances	637
osborne	637
ovarian	637
overload	637
patty	637
photosmart	637
pioneers	637
plenary	637
poe	637
predicting	637
prescott	637
protestant	637
prudential	637
psycho	637
pussycat	637
raider	637
reels	637
refundable	637
refusing	637
researched	637
reversible	637
ricoh	637
robe	637
rocker	637
rumsfeld	637
satire	637
sawyer	637
scandinavian	637
scm	637
scrub	637
segmentation	637
seizure	637
serena	637
slept	637
slippers	637
smiley	637
soaps	637
softly	637
spaced	637
spd	637
specialization	637
sportsbook	637
stabilization	637
starbucks	637
stimulus	637
stuttgart	637
subs	637
suffers	637
sus	637
sutherland	637
sweepstakes	637
sworn	637
tenor	637
tense	637
theresa	637
thurs	637
timers	637
topaz	637
tortured	637
travelocity	637
tricky	637
tutors	637
twink	637
unclassified	637
unfinished	637
unreasonable	637
viability	637
vicious	637
vikings	637
vineyards	637
visitation	637
waits	637
wandering	637
watchdog	637
wilkinson	637
wlan	637
wrought	637
wtf	637
yi	637
yum	637
zenith	637
zur	637
adc	636
addictive	636
ageing	636
aliases	636
angie	636
angular	636
anon	636
anterior	636
appraisals	636
aspirin	636
attendant	636
automate	636
avoidance	636
backend	636
badger	636
bakersfield	636
ballots	636
barb	636
benches	636
betsy	636
bibles	636
bothered	636
boycott	636
branson	636
brit	636
browning	636
caregivers	636
carers	636
cartier	636
cheques	636
chop	636
clarinet	636
clearer	636
clerks	636
cliffs	636
comfortably	636
communicated	636
companions	636
compose	636
conquer	636
containment	636
crashed	636
cre	636
creole	636
crust	636
darts	636
dbz	636
dealership	636
decal	636
detox	636
dinosaurs	636
diocese	636
dire	636
discarded	636
dispose	636
dolce	636
dolly	636
drosophila	636
drupal	636
edith	636
electronica	636
elem	636
eliza	636
eminent	636
emo	636
emulator	636
endeavor	636
erica	636
ernie	636
evo	636
exceptionally	636
eyewear	636
falcons	636
fashionable	636
fauna	636
feathers	636
federally	636
filming	636
finale	636
fiona	636
fir	636
flashes	636
flaw	636
floods	636
folds	636
foley	636
foolish	636
footnotes	636
francois	636
fread	636
freedoms	636
fritz	636
garrison	636
gatwick	636
gigabyte	636
gould	636
graduating	636
gratitude	636
grinder	636
gull	636
handsfree	636
hangs	636
harmonic	636
hayden	636
hercules	636
hog	636
hoop	636
horton	636
huns	636
idc	636
illumination	636
immortal	636
impress	636
incorrectly	636
inpatient	636
interestingly	636
intriguing	636
joanna	636
jour	636
jules	636
keynes	636
keypad	636
kramer	636
lakewood	636
lenox	636
luv	636
machining	636
macos	636
magna	636
malaga	636
malibu	636
mariners	636
mateo	636
maximizing	636
mccoy	636
mckenzie	636
memoir	636
meredith	636
meth	636
microbial	636
miner	636
mir	636
mitochondrial	636
modeled	636
mohammed	636
moran	636
mover	636
multinational	636
nausea	636
nite	636
nope	636
northumberland	636
obituary	636
octet	636
onyx	636
organisers	636
ortho	636
oxley	636
paddle	636
painters	636
pane	636
partisan	636
pissed	636
polly	636
poole	636
pornstars	636
prac	636
pri	636
probabilities	636
protections	636
purified	636
quark	636
quilts	636
rainforest	636
redundancy	636
reflex	636
repaired	636
ribs	636
richland	636
rims	636
roadside	636
rooted	636
rupert	636
sal	636
saturdays	636
sauces	636
screwed	636
sectional	636
settling	636
shaun	636
shin	636
shrine	636
sion	636
skateboard	636
sleepy	636
smells	636
snapshots	636
sneak	636
splits	636
spoilers	636
spurs	636
stirling	636
stranded	636
striving	636
subscribing	636
sustaining	636
synonyms	636
tails	636
teas	636
tem	636
temps	636
testify	636
thistle	636
tidal	636
tomcat	636
travelled	636
traverse	636
trendy	636
ubc	636
urgency	636
usaid	636
veins	636
vengeance	636
vibe	636
vitality	636
vn	636
waking	636
walmart	636
watkins	636
weaker	636
willy	636
wj	636
zyban	636
accolades	635
aces	635
admins	635
alberto	635
algebraic	635
alvin	635
analogy	635
anesthesia	635
anticipation	635
antitrust	635
arrests	635
asm	635
asserted	635
astm	635
aura	635
australasia	635
awe	635
backgammon	635
baja	635
banff	635
bankruptcies	635
barr	635
beaumont	635
benchmarking	635
bib	635
bloc	635
blu	635
blueprint	635
bodily	635
bos	635
bouquets	635
brandy	635
breaker	635
bridging	635
briggs	635
bros	635
bse	635
buff	635
butcher	635
byrd	635
cabbage	635
cajun	635
cambridgeshire	635
canceled	635
cao	635
cecil	635
chefs	635
cheyenne	635
chickens	635
chromatography	635
circumstance	635
clad	635
collage	635
concealed	635
conftest	635
constituent	635
constituted	635
contrib	635
csu	635
cub	635
curly	635
dal	635
darussalam	635
datum	635
dau	635
departures	635
depeche	635
dermatology	635
dhtml	635
digimon	635
diner	635
discretionary	635
durban	635
ek	635
elle	635
emphasizes	635
empowering	635
encode	635
enduring	635
engraving	635
enriched	635
equine	635
ethan	635
excursion	635
explosives	635
extinction	635
facilitator	635
fashions	635
filemaker	635
fireplaces	635
fled	635
flick	635
freezers	635
fsa	635
ftd	635
func	635
gallagher	635
galveston	635
gamespy	635
gastrointestinal	635
gauges	635
genital	635
gowns	635
grange	635
hamlet	635
harrington	635
hawthorne	635
hoods	635
hound	635
ibiza	635
infertility	635
insomnia	635
inspiron	635
inverness	635
ipc	635
ipo	635
jared	635
jealous	635
kissed	635
kristen	635
ladyboys	635
langley	635
leaks	635
learnt	635
libtool	635
lied	635
lizard	635
lq	635
lug	635
luton	635
macworld	635
maize	635
mandy	635
matlab	635
mccain	635
mcse	635
mdt	635
megapixels	635
moc	635
mole	635
mound	635
mueller	635
musica	635
nad	635
netware	635
nicholson	635
nous	635
numbering	635
obs	635
obstacle	635
orb	635
orgasms	635
overdose	635
owed	635
ox	635
pagerank	635
pinkworld	635
pixar	635
plantronics	635
premiership	635
prob	635
proto	635
psalm	635
psalms	635
psy	635
purses	635
raton	635
recurrent	635
recursive	635
reese	635
refinement	635
regal	635
regis	635
registerregister	635
reproductions	635
reptiles	635
requisite	635
resigned	635
retriever	635
retrospective	635
rhythms	635
rivera	635
rockville	635
rum	635
ry	635
safeguards	635
sandbox	635
scarborough	635
scented	635
scion	635
sect	635
serv	635
servlet	635
sgd	635
shotgun	635
shropshire	635
sidewalk	635
signage	635
sliced	635
smb	635
smc	635
snatch	635
spectator	635
spiderman	635
sponge	635
spying	635
squirrel	635
standalone	635
stefani	635
stevie	635
stimulated	635
surveyor	635
svalbard	635
swallowing	635
swell	635
swings	635
talbot	635
tam	635
tehran	635
tek	635
teleflora	635
timestamp	635
unaware	635
ville	635
vortex	635
wears	635
wharf	635
winme	635
winters	635
wrongful	635
wwf	635
xiii	635
xiv	635
xxl	635
ymca	635
abdul	634
academia	634
acquires	634
additives	634
admire	634
afro	634
alloys	634
ami	634
amiga	634
analysed	634
animalsex	634
apocalypse	634
argus	634
armies	634
asynchronous	634
ativan	634
autographs	634
backups	634
bernstein	634
binds	634
biosynthesis	634
brace	634
breadth	634
brethren	634
bridget	634
buckley	634
bulldog	634
burt	634
calc	634
camper	634
carla	634
ceased	634
chico	634
citrix	634
clearinghouse	634
cleavage	634
concession	634
condom	634
confirming	634
conn	634
convictions	634
correlations	634
cousins	634
couture	634
cpr	634
crank	634
creamy	634
cutters	634
cvsroot	634
cyclic	634
cyclone	634
dams	634
descriptor	634
deserved	634
dialup	634
diarrhea	634
discharges	634
dodgers	634
driveway	634
dwi	634
easyshare	634
eileen	634
elec	634
embodiment	634
everquest	634
exposition	634
facilitated	634
facilitates	634
fairbanks	634
fife	634
firefighters	634
flare	634
fluorescence	634
foliage	634
fundamentally	634
galactic	634
gandhi	634
garth	634
generals	634
gesture	634
getaways	634
gigantic	634
gimp	634
giorgio	634
goats	634
gradual	634
greenfield	634
grep	634
gypsy	634
handsets	634
harding	634
heavens	634
hemp	634
hid	634
honourable	634
hugs	634
hy	634
ih	634
infusion	634
inks	634
innings	634
inorganic	634
insertions	634
installment	634
intentional	634
irony	634
itc	634
itk	634
jacqueline	634
jessie	634
jin	634
joplin	634
jubilee	634
kms	634
kosher	634
laminated	634
landmarks	634
lasik	634
levin	634
lipstick	634
liquidity	634
litre	634
lulu	634
mach	634
mammoth	634
mandrake	634
mango	634
manners	634
mantle	634
marketed	634
marketers	634
mayhem	634
measurable	634
meats	634
merchandising	634
merging	634
messageslog	634
metaphor	634
middleton	634
miquelon	634
mister	634
mondays	634
morphology	634
nk	634
nod	634
nolan	634
novelties	634
nx	634
ocr	634
octave	634
ombudsman	634
optimisation	634
organise	634
organising	634
owls	634
pact	634
paolo	634
parcels	634
parfum	634
pastry	634
paving	634
pelican	634
perennial	634
phosphorus	634
pimp	634
placements	634
plaques	634
polite	634
polymerase	634
poured	634
preaching	634
precedent	634
printprinter	634
proficient	634
prohibits	634
pronunciation	634
proofs	634
prosecutors	634
rains	634
ramones	634
recruited	634
registrant	634
reorganization	634
repeal	634
rounding	634
rutherford	634
ryder	634
santos	634
savesave	634
scholastic	634
seahawks	634
separates	634
seventeen	634
sheldon	634
sith	634
skis	634
sophia	634
specialised	634
spindle	634
spur	634
struts	634
stub	634
suffix	634
summarize	634
suppress	634
swimsuit	634
textual	634
thieves	634
thigh	634
thn	634
titus	634
toilette	634
tort	634
trailing	634
truman	634
turismo	634
ud	634
uma	634
uncovered	634
unsolicited	634
unveiled	634
usefulness	634
versace	634
violates	634
violating	634
viper	634
volcanic	634
washers	634
westerns	634
wie	634
wight	634
wink	634
withholding	634
wonderland	634
xeon	634
zine	634
abramoff	633
absurd	633
acetate	633
acreage	633
acronym	633
affidavit	633
aggregator	633
aired	633
alamo	633
appealed	633
append	633
approving	633
arcadia	633
assassination	633
atl	633
ats	633
attn	633
audiobooks	633
audition	633
bays	633
benedict	633
ber	633
bernardino	633
bethel	633
bodybuilding	633
bono	633
boogie	633
bounty	633
breathtaking	633
brennan	633
bricks	633
brunch	633
burgess	633
cabo	633
ceilings	633
cessation	633
chlorine	633
chronology	633
cocktails	633
coed	633
comcast	633
committing	633
communicator	633
communism	633
compromised	633
confession	633
cranberry	633
crowne	633
cummings	633
cyberspace	633
datatype	633
deere	633
deprived	633
dhs	633
dispenser	633
dma	633
doris	633
downhill	633
drained	633
duel	633
dwight	633
ean	633
earring	633
embryo	633
enactment	633
entre	633
ergonomic	633
exif	633
expiry	633
fasteners	633
faulty	633
figurine	633
fingerprint	633
fishes	633
fla	633
flowering	633
foundry	633
freshly	633
fridays	633
fries	633
fta	633
furious	633
gaze	633
gk	633
goldman	633
gong	633
guessing	633
harlem	633
hernandez	633
horticulture	633
htm	633
hyderabad	633
ibis	633
ims	633
infamous	633
initialize	633
inlog	633
inning	633
ipswich	633
isabella	633
isolate	633
iteration	633
jingle	633
kan	633
kiwi	633
knobs	633
kp	633
kpx	633
lakers	633
laminate	633
leopard	633
lesbos	633
leveraging	633
lk	633
lortab	633
marietta	633
markings	633
mastery	633
mca	633
mead	633
messiah	633
mfc	633
moist	633
molding	633
monies	633
motive	633
motives	633
mpls	633
mso	633
msu	633
mule	633
mutants	633
nesting	633
nmr	633
nora	633
nostalgia	633
ohm	633
ordinator	633
outward	633
persecution	633
pests	633
petit	633
plano	633
pleasing	633
pls	633
pointe	633
postnuke	633
provost	633
psychotherapy	633
pundit	633
punished	633
rajasthan	633
refills	633
reinforcement	633
remarkably	633
resets	633
residing	633
respecting	633
richie	633
ringing	633
rye	633
sakai	633
salts	633
saturation	633
saxon	633
saxophone	633
seasoned	633
seizures	633
sensual	633
separating	633
sheikh	633
ska	633
sme	633
sorority	633
soups	633
spaghetti	633
spp	633
stall	633
stamford	633
steer	633
steroid	633
stocked	633
stokes	633
stoves	633
streamline	633
sunderland	633
sunflower	633
surveyors	633
sybase	633
sympathetic	633
tal	633
taurus	633
tenacious	633
thermometer	633
throttle	633
tlc	633
tolerant	633
toxicology	633
tractors	633
trina	633
truste	633
tues	633
unconscious	633
unidentified	633
unsafe	633
util	633
utilizes	633
veritas	633
vida	633
vita	633
vodka	633
vogue	633
vx	633
waterfall	633
whiskey	633
whisper	633
wig	633
windy	633
yyyy	633
zaire	633
additive	632
adjunct	632
aerosol	632
alameda	632
alaskan	632
alcoholism	632
algae	632
aloha	632
altavista	632
anglican	632
annotations	632
ants	632
apoptosis	632
appleton	632
aq	632
archbishop	632
asu	632
audited	632
auditions	632
aviv	632
axes	632
bac	632
badminton	632
bal	632
bangor	632
bdd	632
blackboard	632
bmx	632
bottled	632
bottoms	632
braces	632
calhoun	632
camino	632
cashmere	632
cater	632
characterize	632
chesterfield	632
chopper	632
choral	632
christy	632
clemson	632
cns	632
colts	632
comforter	632
compliment	632
comstock	632
concluding	632
condominiums	632
contention	632
coolers	632
cory	632
costello	632
cpl	632
cracker	632
crises	632
csc	632
cyan	632
daly	632
darker	632
decorate	632
deficient	632
dehydrogenase	632
destined	632
dissent	632
documenting	632
donovan	632
dunes	632
dwellings	632
elephants	632
emblem	632
entirety	632
equivalence	632
exponential	632
exposing	632
filth	632
fj	632
flores	632
flynn	632
footprint	632
freddie	632
friedrich	632
fsb	632
fundraiser	632
galore	632
gastric	632
gev	632
globes	632
goin	632
grin	632
guernsey	632
gx	632
happenings	632
haze	632
heavier	632
hers	632
horsepower	632
hostage	632
hulk	632
hv	632
incompatible	632
influencing	632
informing	632
installs	632
ipb	632
juliet	632
kart	632
kraft	632
labelled	632
lad	632
latvian	632
lax	632
leicestershire	632
libertarian	632
ling	632
liposuction	632
lubricants	632
lure	632
mags	632
malware	632
marcel	632
mattresses	632
maximal	632
medina	632
meteorological	632
middletown	632
miserable	632
mlm	632
moby	632
moderation	632
monks	632
multilateral	632
murders	632
neu	632
nguyen	632
nitrate	632
normalized	632
olivier	632
omb	632
ontology	632
ora	632
outrageous	632
overlapping	632
pea	632
persia	632
pharmacists	632
philly	632
pinball	632
pinch	632
pits	632
pneumatic	632
portability	632
portage	632
postfix	632
prenatal	632
professionalism	632
profileprofile	632
putin	632
questionnaires	632
redirected	632
refrigerators	632
rehearsal	632
rei	632
remembers	632
ren	632
rents	632
reputable	632
revocation	632
ricardo	632
roadway	632
rotterdam	632
rus	632
salomon	632
saratoga	632
sarbanes	632
sbs	632
schematic	632
scooby	632
scopes	632
scotch	632
secretarial	632
serials	632
serif	632
sermons	632
shi	632
simulate	632
skates	632
slab	632
sniper	632
spit	632
stacey	632
stirring	632
storey	632
strauss	632
surcharge	632
swf	632
tbd	632
teamwork	632
terminator	632
thankful	632
theirs	632
timberland	632
toaster	632
todays	632
trillion	632
troll	632
tsn	632
tubs	632
tuck	632
tunnels	632
uninstall	632
unrestricted	632
unsuccessful	632
utter	632
vallarta	632
vaughn	632
vertices	632
videogames	632
vomiting	632
walters	632
washable	632
wei	632
widgets	632
wil	632
worrying	632
yearbook	632
yellowstone	632
yourselves	632
abit	631
abnormalities	631
acme	631
afc	631
affirmed	631
amelia	631
ammonia	631
anarchy	631
andover	631
apology	631
appendices	631
arden	631
ari	631
aria	631
armada	631
aroma	631
arranging	631
aspirations	631
avis	631
avr	631
barnett	631
baroque	631
barrow	631
bas	631
beirut	631
blamed	631
blizzard	631
blogshares	631
bovine	631
breeder	631
brewers	631
byrne	631
callaway	631
carton	631
cfs	631
checkpoint	631
chemist	631
cheng	631
chow	631
citroen	631
clicked	631
collagen	631
collars	631
commandments	631
commencing	631
communal	631
compelled	631
concessions	631
conditioners	631
configurable	631
confront	631
contempt	631
cookbooks	631
cookers	631
councillors	631
coyote	631
criticized	631
cts	631
culturally	631
curricula	631
dcs	631
declaring	631
demi	631
denon	631
dialing	631
dirk	631
discomfort	631
dislike	631
dorm	631
dragonball	631
drawers	631
drunken	631
dynamite	631
ect	631
edible	631
electra	631
electrode	631
elgin	631
eliot	631
emu	631
erect	631
erected	631
esc	631
evenly	631
examiners	631
excavation	631
excise	631
expedited	631
expresses	631
fences	631
ffi	631
flawed	631
gamefaqs	631
gilmore	631
gj	631
gln	631
gz	631
hague	631
haitian	631
hates	631
hem	631
heterogeneous	631
hypertext	631
identifiers	631
ilug	631
imminent	631
indictment	631
ineffective	631
inmate	631
interconnection	631
interruption	631
iriver	631
janitorial	631
jihad	631
jonah	631
jung	631
lakeside	631
lamborghini	631
landlords	631
leakage	631
leds	631
libby	631
licensure	631
lighted	631
lionel	631
lorraine	631
luckily	631
lydia	631
madam	631
mais	631
makeover	631
malone	631
marquette	631
mcbride	631
mci	631
mentors	631
migrate	631
monastery	631
mortar	631
mot	631
motley	631
motorsport	631
needless	631
nigerian	631
ogden	631
outlaw	631
palma	631
palmone	631
pierced	631
pies	631
plato	631
pms	631
pneumonia	631
poetic	631
polarized	631
pollen	631
posix	631
possesses	631
posterior	631
posture	631
ppt	631
praised	631
prc	631
predicts	631
propane	631
pudding	631
qtr	631
rae	631
raped	631
reclamation	631
recommending	631
refining	631
rhymes	631
rifles	631
rosenberg	631
rot	631
rove	631
roxy	631
rutland	631
salzburg	631
saws	631
scar	631
scorecard	631
seite	631
septic	631
shady	631
sharepoint	631
shrubs	631
sloan	631
socialism	631
soybean	631
spoiler	631
squared	631
steiner	631
sto	631
stp	631
systematically	631
tammy	631
taxis	631
tcm	631
tease	631
thanked	631
ther	631
thereon	631
thrilled	631
tights	631
transforms	631
translates	631
transporting	631
tz	631
ultraviolet	631
unicef	631
valet	631
valleys	631
vests	631
watering	631
wmd	631
wrench	631
academies	630
acxiom	630
adequacy	630
allegro	630
amor	630
ancestor	630
ante	630
anthrax	630
arafat	630
arterial	630
assigning	630
australians	630
autograph	630
awakening	630
awkward	630
backstage	630
bam	630
beasts	630
believer	630
bengal	630
binaries	630
birthplace	630
bison	630
bleed	630
bmp	630
bombers	630
borrowers	630
botany	630
bouvet	630
bpm	630
breakers	630
bred	630
budgetary	630
bundled	630
cabernet	630
cain	630
canonical	630
caucasian	630
causal	630
cavalry	630
chatting	630
cheeks	630
cit	630
classy	630
closures	630
coco	630
cognition	630
commanded	630
conforming	630
confronted	630
congrats	630
coppermine	630
cores	630
covert	630
crater	630
dab	630
dea	630
declines	630
delegated	630
dems	630
diligence	630
dine	630
discard	630
discovers	630
dissolution	630
doctorate	630
doppler	630
dreamy	630
dsm	630
dss	630
dwell	630
eastman	630
ecard	630
elapsed	630
elena	630
enforcing	630
entropy	630
fairies	630
favored	630
fetisch	630
finn	630
firearm	630
fishermen	630
forwards	630
fostering	630
fractional	630
franchising	630
fronts	630
fungi	630
furnishing	630
gasket	630
ged	630
goblet	630
gre	630
greed	630
guardians	630
hacked	630
hare	630
harvested	630
helpers	630
hklm	630
hopeful	630
ideological	630
imitation	630
importer	630
inaugural	630
incur	630
infos	630
injustice	630
intermittent	630
inventions	630
iomega	630
ironing	630
isabel	630
isl	630
jaws	630
kbytes	630
kona	630
lakeland	630
lastly	630
lds	630
leah	630
leroy	630
liquidation	630
longevity	630
lookout	630
lubbock	630
luc	630
lux	630
manifesto	630
markus	630
materially	630
metropolis	630
micron	630
migrating	630
msds	630
multifunction	630
mystical	630
nairobi	630
negatively	630
neptune	630
nifty	630
nodded	630
nominate	630
oahu	630
orioles	630
osx	630
overcoming	630
pantie	630
participatory	630
pauline	630
paw	630
pcos	630
peacock	630
peanuts	630
pedestal	630
philanthropy	630
phyllis	630
pipelines	630
planar	630
potentials	630
practicable	630
predecessor	630
prescribe	630
prevalent	630
psychologists	630
punish	630
qq	630
quart	630
quickbooks	630
quorum	630
refrain	630
relieved	630
residences	630
retractable	630
reverend	630
revolving	630
rheumatoid	630
rollover	630
rotor	630
rowan	630
rudy	630
russians	630
saline	630
scrolls	630
sek	630
serie	630
sgi	630
shea	630
shockwave	630
showdown	630
simone	630
skeletal	630
slap	630
slovenian	630
snooker	630
sonny	630
sparkle	630
spc	630
spinach	630
splitter	630
spongebob	630
srl	630
ssk	630
stair	630
standardization	630
sterile	630
stormwater	630
stringent	630
struggled	630
suppressed	630
suvs	630
swindon	630
syn	630
tamiflu	630
tempe	630
textured	630
thanx	630
thence	630
theres	630
thiscategory	630
thx	630
tia	630
touchdown	630
tout	630
townhouse	630
transmitting	630
triathlon	630
ttl	630
understandable	630
underwood	630
unleashed	630
unveils	630
utmost	630
verona	630
vols	630
wai	630
wander	630
weaving	630
wellbutrin	630
westlife	630
widening	630
woodlands	630
xa	630
xvi	630
yates	630
abby	629
aclu	629
adm	629
adr	629
aes	629
alla	629
ambiguous	629
annette	629
apis	629
appraiser	629
ashamed	629
atc	629
athena	629
awakenings	629
banjo	629
benefited	629
biopsy	629
bitmap	629
blending	629
bonn	629
borland	629
boyle	629
buggy	629
bullying	629
burbank	629
burberry	629
cafeteria	629
cages	629
callback	629
campgrounds	629
capitals	629
carrot	629
caterpillar	629
cen	629
cfa	629
cheltenham	629
chew	629
clancy	629
climax	629
climbed	629
colchester	629
concierge	629
concordia	629
conductivity	629
confederate	629
correctness	629
corrupted	629
creditor	629
cured	629
custodian	629
dante	629
danville	629
deepest	629
deepthroat	629
densities	629
determinations	629
dickens	629
differentiate	629
diminished	629
discriminatory	629
disputed	629
drilled	629
duane	629
dukes	629
earnest	629
ecs	629
empower	629
encompasses	629
endpoint	629
endure	629
enum	629
everytime	629
exits	629
exploits	629
extractor	629
fading	629
faqfaq	629
ferries	629
festive	629
fileplanet	629
fingertips	629
flaming	629
fudge	629
gatherings	629
gaussian	629
gin	629
globalisation	629
gonzales	629
gorge	629
gorilla	629
hanna	629
headquartered	629
heartland	629
helm	629
homme	629
horseback	629
hurley	629
husbands	629
hustler	629
implication	629
ingram	629
inhibit	629
instinct	629
insult	629
isd	629
jays	629
jess	629
jolla	629
jonas	629
juniper	629
kennel	629
kn	629
labelling	629
lamar	629
lange	629
lexisnexis	629
liens	629
linkages	629
locke	629
mandates	629
marian	629
matthias	629
mcgill	629
methane	629
migraine	629
minh	629
mio	629
mosque	629
muller	629
musik	629
myocardial	629
natives	629
navigational	629
nimh	629
nom	629
nottinghamshire	629
nrs	629
ntp	629
oceanic	629
oder	629
offended	629
oldham	629
omission	629
opaque	629
outback	629
outfitters	629
oversized	629
pager	629
pap	629
pardon	629
pastel	629
pcg	629
peck	629
pedals	629
pepsi	629
peptides	629
persuade	629
philosophers	629
picasso	629
pilgrim	629
pim	629
plat	629
postponed	629
pps	629
preparatory	629
prescribing	629
preserves	629
presumed	629
prevail	629
prostitution	629
py	629
quarry	629
quilting	629
rea	629
recon	629
reiki	629
relays	629
remington	629
repetition	629
rewarded	629
righteousness	629
roaming	629
rockwell	629
rosen	629
rossi	629
royale	629
royals	629
sander	629
sane	629
saskatoon	629
saul	629
sba	629
schultz	629
scouting	629
scraps	629
screenplay	629
secretion	629
sediments	629
sedona	629
seneca	629
separator	629
shaker	629
siberian	629
sibling	629
siena	629
skateboarding	629
slack	629
sli	629
smp	629
snp	629
snr	629
souvenirs	629
speeding	629
stargate	629
stout	629
strollers	629
susceptibility	629
svenska	629
synchronous	629
teak	629
teller	629
tensions	629
terribly	629
tional	629
tive	629
tory	629
travelodge	629
tres	629
trimmed	629
turnaround	629
ue	629
unabridged	629
undermine	629
uninsured	629
usergroupsusergroups	629
veil	629
vested	629
vicki	629
vines	629
vl	629
vor	629
waived	629
weave	629
weighed	629
westchester	629
worcestershire	629
accomplishment	628
adherence	628
adhesion	628
adler	628
aesthetics	628
afforded	628
aisle	628
alain	628
aloe	628
altering	628
alton	628
anders	628
aniston	628
annals	628
appalachian	628
applegate	628
authenticated	628
bananas	628
barred	628
benign	628
bernie	628
blanks	628
bloomfield	628
blowout	628
blur	628
bmi	628
bogus	628
bombings	628
bouncing	628
buckinghamshire	628
bugzilla	628
bunker	628
carole	628
carp	628
cautious	628
cavalier	628
centric	628
cette	628
charlottesville	628
charlton	628
christensen	628
chu	628
claw	628
clement	628
cli	628
collisions	628
comptroller	628
congenital	628
conservatory	628
contradiction	628
counterpart	628
craftsman	628
crashing	628
creatine	628
cruelty	628
crypt	628
crypto	628
cubes	628
cucumber	628
cursed	628
customary	628
dealings	628
decisive	628
defended	628
deficits	628
deter	628
dialysis	628
dime	628
diode	628
dq	628
dug	628
dune	628
dungeons	628
dunno	628
dusk	628
econo	628
efficiencies	628
effluent	628
eis	628
elisabeth	628
embl	628
embraced	628
emeritus	628
epoxy	628
equities	628
evidently	628
exim	628
extremes	628
fabricated	628
faded	628
fam	628
fayette	628
feeders	628
fictional	628
fielding	628
filmed	628
finely	628
flagship	628
flair	628
flavored	628
flavour	628
fuckin	628
furry	628
galileo	628
gemstones	628
genuinely	628
geophysical	628
golfing	628
gpo	628
grille	628
groceries	628
handlers	628
heavyweight	628
hee	628
helium	628
homelessness	628
humboldt	628
hypotheses	628
illegally	628
indulgence	628
infousa	628
insanity	628
ionamin	628
irritation	628
ish	628
isnt	628
janis	628
jboss	628
johan	628
kaufman	628
kittens	628
lent	628
lest	628
limbs	628
linus	628
losers	628
lps	628
lund	628
macroeconomic	628
magician	628
mana	628
marshal	628
massey	628
mcsg	628
meade	628
medford	628
melted	628
mifflin	628
migrants	628
militia	628
minimizing	628
mississauga	628
missy	628
mla	628
mobil	628
moe	628
mojo	628
mormon	628
motto	628
multiplication	628
neighbouring	628
nel	628
nightclub	628
noticeable	628
nouveau	628
obsessed	628
occurrences	628
onwards	628
opengl	628
openoffice	628
opp	628
optionally	628
outfits	628
oversee	628
passions	628
pasture	628
pathetic	628
paved	628
pdp	628
periodical	628
phantomnode	628
phillies	628
plugged	628
polarization	628
possessions	628
pq	628
prompts	628
puff	628
punt	628
punta	628
pushes	628
ramblings	628
reformed	628
relativity	628
repertoire	628
respectfully	628
richest	628
rinse	628
rituals	628
robotic	628
rubin	628
rulers	628
sadness	628
sailors	628
scalability	628
scarves	628
schwarzenegger	628
scots	628
scrolling	628
secretly	628
seize	628
shapiro	628
shelving	628
singled	628
skinner	628
sludge	628
smes	628
smoker	628
souvenir	628
spawn	628
staple	628
stare	628
staten	628
stony	628
storytelling	628
summarizes	628
tableware	628
taco	628
tanned	628
thresholds	628
tic	628
tickboxes	628
tides	628
tolerate	628
topeka	628
tori	628
trainees	628
transcribed	628
trojans	628
tumble	628
tying	628
tyre	628
tyson	628
ub	628
ulster	628
uncensored	628
underlined	628
unforgettable	628
unlocking	628
urging	628
utensils	628
vertically	628
viewpoints	628
wand	628
watercolor	628
waveform	628
whitewater	628
whores	628
witches	628
wonderfully	628
workgroup	628
xu	628
yosemite	628
youths	628
zach	628
abi	627
accesses	627
adaptec	627
airsoft	627
alchemy	627
alexandre	627
alibris	627
alienware	627
allegiance	627
alternating	627
amarillo	627
ancillary	627
anemia	627
anomalies	627
arguably	627
arid	627
arr	627
asean	627
assessor	627
assigns	627
attacker	627
audible	627
autodesk	627
balm	627
bbbonline	627
belonged	627
berries	627
biting	627
bitpipe	627
blazer	627
blockbuster	627
bmc	627
boiled	627
boing	627
bonsai	627
bontril	627
bridgeport	627
brighter	627
brotherhood	627
browne	627
bullshit	627
bx	627
cancellations	627
casper	627
catcher	627
chaotic	627
chit	627
cid	627
coe	627
coincidence	627
colleen	627
comeback	627
commanding	627
commissioning	627
compilers	627
conduit	627
confess	627
convection	627
correcting	627
cpi	627
cpp	627
cries	627
crn	627
croix	627
croydon	627
crusade	627
curricular	627
cushions	627
damp	627
datasets	627
debugger	627
defenders	627
dependable	627
detects	627
deterioration	627
dinners	627
dispensing	627
disregard	627
downtime	627
dragged	627
drip	627
drowning	627
dz	627
echoes	627
eia	627
electives	627
elisa	627
endeavour	627
enumeration	627
escapes	627
ether	627
eventual	627
everest	627
excl	627
expectancy	627
experimentation	627
explode	627
fac	627
factoring	627
fairview	627
faucet	627
fern	627
figs	627
folio	627
foreman	627
formulate	627
fullerton	627
gannett	627
genealogical	627
geographically	627
glowing	627
guinness	627
gundam	627
gyms	627
hanger	627
happier	627
haute	627
haynes	627
heartbeat	627
hector	627
heroic	627
herring	627
hires	627
hitchcock	627
homogeneous	627
hostname	627
humphrey	627
idiots	627
illusions	627
immersion	627
indo	627
inhalation	627
inverter	627
jamestown	627
jarvis	627
jdbc	627
jive	627
jn	627
joaquin	627
keeling	627
ladders	627
latent	627
lays	627
libstdc	627
linden	627
loch	627
lolitas	627
lore	627
mackay	627
mainframe	627
mans	627
marcia	627
melodies	627
merchantability	627
merck	627
midget	627
milling	627
mitigate	627
mmf	627
mona	627
motivate	627
muddy	627
mummy	627
mundo	627
myriad	627
nach	627
naive	627
natasha	627
neighbour	627
nephew	627
neville	627
nicotine	627
nis	627
nudists	627
nuevo	627
nuisance	627
odessa	627
outkast	627
outright	627
paging	627
participates	627
patagonia	627
pathfinder	627
permissible	627
pitbull	627
pixmania	627
pointless	627
poorest	627
presiding	627
principally	627
proclaimed	627
proliant	627
prudent	627
punjab	627
puppets	627
quan	627
raspberry	627
reits	627
remembrance	627
retreats	627
ric	627
rosie	627
roswell	627
rtf	627
rubbing	627
ruined	627
rumble	627
saltwater	627
sandal	627
sanity	627
savanna	627
selfish	627
sgml	627
shalt	627
shattered	627
sheds	627
shelton	627
siam	627
sinking	627
siyabona	627
skeptical	627
sofas	627
sparrow	627
speciality	627
spf	627
spheres	627
spikes	627
spotting	627
spun	627
stacked	627
stains	627
suche	627
suction	627
sulphur	627
sven	627
syndicated	627
tailed	627
takeover	627
tanya	627
tapping	627
techs	627
terre	627
thessalonians	627
timezone	627
tomtom	627
toulouse	627
traced	627
transistor	627
travestis	627
tristan	627
typo	627
unfamiliar	627
upto	627
venom	627
visor	627
vox	627
voyer	627
wacky	627
wagering	627
walkman	627
warranted	627
waterways	627
webdesign	627
weld	627
whipped	627
wicker	627
wien	627
windshield	627
winged	627
writ	627
xpress	627
yielded	627
zh	627
acorn	626
adp	626
aff	626
agile	626
agility	626
ahmad	626
amazingly	626
analogous	626
apprenticeship	626
ares	626
aristotle	626
aromatic	626
ascension	626
barre	626
basal	626
bayer	626
bazaar	626
bedfordshire	626
berlios	626
biscuits	626
blindness	626
bosses	626
breakout	626
bruins	626
bungalow	626
carrera	626
cation	626
caucus	626
cdma	626
cdp	626
childbirth	626
chinatown	626
circulated	626
clamps	626
clinically	626
compensated	626
complies	626
complying	626
connor	626
convex	626
cooke	626
cot	626
covington	626
creep	626
csr	626
curling	626
decoding	626
departed	626
dewalt	626
diapers	626
disclaims	626
docbook	626
dominic	626
doncaster	626
dumped	626
dvb	626
eas	626
elemental	626
emporium	626
emule	626
epstein	626
esd	626
extracting	626
fakes	626
feminism	626
fiery	626
finch	626
firefly	626
firstgov	626
flagstaff	626
flirt	626
fomit	626
forefront	626
fractures	626
frenzy	626
freshmen	626
gloryhole	626
greedy	626
hama	626
headlights	626
hearted	626
hebrews	626
hectares	626
hereinafter	626
hoodia	626
hoodie	626
igor	626
illicit	626
indispensable	626
inherently	626
injections	626
integers	626
interconnect	626
ionic	626
israelis	626
ity	626
jargon	626
jerking	626
jfk	626
johannes	626
kangaroo	626
katy	626
kev	626
kiosk	626
krishna	626
kz	626
lacked	626
largo	626
lexicon	626
liar	626
mage	626
maltese	626
maxi	626
mentioning	626
metacritic	626
mev	626
mindless	626
monmouth	626
monoclonal	626
monophonic	626
mop	626
mornings	626
msm	626
mta	626
negotiable	626
newcomers	626
nist	626
northamptonshire	626
noteworthy	626
novo	626
nur	626
obligated	626
obstruction	626
opus	626
otis	626
outbound	626
overture	626
overwhelmed	626
paired	626
paragon	626
parody	626
particulars	626
particulate	626
partnering	626
patton	626
payout	626
pei	626
penthouse	626
persist	626
physiol	626
pictorial	626
pillars	626
pint	626
pistons	626
plaster	626
pledged	626
plumbers	626
plural	626
ply	626
polytechnic	626
poppy	626
predicate	626
presenters	626
pretoria	626
princes	626
promoters	626
proquest	626
purifier	626
quarterback	626
rac	626
raf	626
rama	626
recruits	626
recurrence	626
remortgage	626
restless	626
restricting	626
richer	626
rightly	626
rockport	626
rodgers	626
runaway	626
sacks	626
salute	626
sauvignon	626
scientology	626
scrabble	626
sdn	626
sergio	626
shaded	626
sharper	626
shoppe	626
shortages	626
sich	626
skipped	626
slang	626
sleeper	626
slowing	626
smoky	626
soleil	626
soo	626
soothing	626
sqrt	626
staining	626
stderr	626
stray	626
subcategories	626
sudbury	626
supervise	626
supplemented	626
surfer	626
swapping	626
synthase	626
tablespoons	626
tabletop	626
tally	626
teal	626
tempted	626
thrive	626
topps	626
tossed	626
turnout	626
typekey	626
uber	626
unanswered	626
unnamed	626
uno	626
unpleasant	626
upscale	626
urn	626
vaults	626
waco	626
watchers	626
webinar	626
weblogic	626
wholesaler	626
wilde	626
workaround	626
yogurt	626
zirconia	626
zoe	626
acclaim	625
adjoining	625
adjourned	625
aerobic	625
almighty	625
apostle	625
arabidopsis	625
argv	625
articulate	625
assays	625
astros	625
atk	625
backdrop	625
ballistic	625
bard	625
barrie	625
basque	625
beau	625
belgrade	625
bethany	625
birding	625
bmg	625
bows	625
bryce	625
burnett	625
businessman	625
caa	625
calcutta	625
caliber	625
canoeing	625
capacitor	625
cardio	625
carleton	625
casserole	625
cavaliers	625
cca	625
ccm	625
chatter	625
chevelle	625
chromium	625
circulating	625
closeouts	625
clubhouse	625
coaxial	625
cockpit	625
commanders	625
commuter	625
compost	625
confrontation	625
consulate	625
contraception	625
coolest	625
corsair	625
crackers	625
crunch	625
csv	625
cultivated	625
dansk	625
daring	625
darlington	625
detainees	625
differentiated	625
disagreement	625
disconnected	625
dorado	625
downing	625
drank	625
dtd	625
dunlop	625
ecstasy	625
enchanted	625
erickson	625
erroneous	625
evaluates	625
exemplary	625
expeditions	625
familiarity	625
faucets	625
fernandez	625
fiddle	625
flooded	625
forte	625
fourier	625
frauen	625
frederic	625
frontiers	625
fulfil	625
galerie	625
geile	625
gnd	625
grabs	625
greet	625
greyhound	625
grower	625
gus	625
halogen	625
hanoi	625
hardship	625
hast	625
hess	625
hhs	625
hilfiger	625
hinge	625
hobbs	625
holster	625
homecoming	625
hooker	625
hotjobs	625
icelandic	625
ilo	625
increments	625
indi	625
initiating	625
intuition	625
ire	625
ironic	625
jbl	625
jeux	625
jong	625
jpy	625
kellogg	625
kool	625
kurdish	625
latch	625
leipzig	625
lettuce	625
liam	625
libc	625
licensees	625
lilies	625
litres	625
logger	625
longhorn	625
lorenzo	625
lucent	625
lymph	625
maestro	625
marlin	625
marquis	625
mayen	625
mccormick	625
mda	625
mediator	625
mira	625
miriam	625
modernization	625
moroccan	625
motorized	625
multiplied	625
mvc	625
nacional	625
nightwish	625
nok	625
occult	625
oki	625
oldmedline	625
openness	625
ophthalmology	625
oppression	625
orthopedic	625
osu	625
outpost	625
payouts	625
pcm	625
pegasus	625
playful	625
polaroid	625
polishing	625
pollutant	625
protesters	625
pulses	625
pumped	625
qi	625
raging	625
ramon	625
rang	625
realms	625
reap	625
reilly	625
reverted	625
revoked	625
rockin	625
rollers	625
santo	625
sesso	625
seville	625
shenzhen	625
shreveport	625
sicily	625
silhouette	625
slippery	625
societal	625
sonia	625
soprano	625
stamping	625
strands	625
stuffing	625
styled	625
subgroup	625
subordinate	625
supermarkets	625
superpages	625
suppl	625
svg	625
sweetheart	625
tad	625
telstra	625
tenerife	625
termed	625
theses	625
thor	625
thursdays	625
tidy	625
timeshares	625
tipping	625
tolkien	625
torso	625
translating	625
tuesdays	625
turin	625
tyrosine	625
ultima	625
underage	625
undp	625
unpredictable	625
unsupported	625
utp	625
vance	625
vel	625
venetian	625
verbs	625
verifying	625
vets	625
vgroup	625
waive	625
wards	625
watersports	625
weekday	625
wen	625
wheaton	625
wilkes	625
wilton	625
wyndham	625
xe	625
yielding	625
achieves	624
actuarial	624
addendum	624
agri	624
allegra	624
amplification	624
anabolic	624
anchors	624
arp	624
arxiv	624
asi	624
asnblock	624
atheist	624
attracts	624
auch	624
aut	624
authorizes	624
await	624
banning	624
bern	624
beyonce	624
billiard	624
biloxi	624
biscuit	624
blooms	624
blower	624
blush	624
bod	624
bop	624
boyz	624
braille	624
bridgewater	624
briefcase	624
capped	624
carrots	624
catastrophic	624
chaired	624
charmed	624
cheerful	624
chemically	624
cher	624
cider	624
clapton	624
classify	624
clears	624
colombian	624
commute	624
compassionate	624
complied	624
compliments	624
composites	624
compton	624
conan	624
conserv	624
conversely	624
corridors	624
cpm	624
cpt	624
cq	624
creme	624
crooked	624
customizing	624
dblp	624
deducted	624
definately	624
delights	624
denny	624
deprivation	624
determinants	624
digestion	624
dimage	624
distorted	624
documentaries	624
downstairs	624
dragging	624
dramas	624
dubbed	624
durango	624
dustin	624
econpapers	624
educ	624
elijah	624
emerges	624
emory	624
empowered	624
enfield	624
engagements	624
erectile	624
excuses	624
ezekiel	624
faire	624
favourable	624
fetus	624
firefighter	624
flee	624
flown	624
flushing	624
fob	624
foia	624
forehead	624
foreword	624
fossils	624
frau	624
ftc	624
fuckers	624
gangs	624
gauteng	624
geisha	624
giclee	624
glide	624
grafton	624
grizzly	624
groovy	624
haas	624
handouts	624
harman	624
hears	624
helpline	624
hertz	624
homepages	624
homicide	624
hun	624
huron	624
hurting	624
hustle	624
ifs	624
impotence	624
indymedia	624
informs	624
infoworld	624
intangible	624
intellect	624
intracellular	624
inverted	624
jacking	624
kalamazoo	624
kara	624
knowingly	624
laps	624
larsen	624
leaflet	624
lena	624
lenny	624
lexar	624
liking	624
lilac	624
loosely	624
macy	624
malay	624
marlboro	624
marvelous	624
maven	624
maverick	624
mcdowell	624
mcgregor	624
mcmahon	624
medley	624
memorials	624
menace	624
mft	624
micah	624
mixtures	624
modal	624
monde	624
mpa	624
mpc	624
myr	624
mz	624
nabble	624
nathaniel	624
nationalism	624
nemo	624
newbury	624
nie	624
noncommercial	624
obstetrics	624
ooh	624
opteron	624
optimism	624
oro	624
outlying	624
overcast	624
paige	624
pandemic	624
pathogens	624
patti	624
pax	624
percy	624
pervasive	624
phishing	624
physiopathology	624
piedmont	624
pivot	624
pong	624
preacher	624
prognosis	624
propulsion	624
qualifies	624
radiohead	624
rao	624
remake	624
repay	624
resumed	624
reusable	624
scratches	624
segregation	624
sennheiser	624
seperate	624
sew	624
sheehan	624
silica	624
silky	624
sinus	624
skye	624
sleazydream	624
slogan	624
smf	624
snippets	624
soar	624
soaring	624
sont	624
sparse	624
spherical	624
staged	624
statesman	624
stimuli	624
stretches	624
stunt	624
subdivisions	624
submits	624
subroutine	624
subsections	624
substitutes	624
superannuation	624
taj	624
tata	624
tiki	624
timeliness	624
todos	624
totaling	624
transcend	624
transgender	624
transverse	624
uefa	624
undergraduates	624
uniformly	624
unseen	624
unusually	624
upwards	624
victories	624
videotape	624
vigorous	624
virtues	624
vitae	624
vows	624
waltham	624
waltz	624
watertown	624
westfield	624
weymouth	624
widest	624
wilhelm	624
wimbledon	624
withstand	624
witty	624
woes	624
wolverhampton	624
wsop	624
yin	624
abbreviation	623
aca	623
accumulate	623
adrenaline	623
aest	623
affirm	623
aft	623
akin	623
aladdin	623
alicante	623
analyzes	623
anomaly	623
appetizers	623
applause	623
applets	623
aqueous	623
arsenic	623
artisan	623
asf	623
ashcroft	623
asserts	623
auditory	623
audubon	623
augustus	623
avatars	623
axial	623
baht	623
ballad	623
basins	623
behavioural	623
bellsouth	623
bezel	623
bhd	623
billie	623
blanco	623
boa	623
buckingham	623
burgers	623
busted	623
cac	623
cadet	623
campers	623
carbohydrates	623
carbs	623
catalan	623
clarendon	623
collier	623
concentrating	623
continual	623
contraction	623
countrywide	623
courtroom	623
creepy	623
critiques	623
ctx	623
cumfiesta	623
cymru	623
cyrus	623
dade	623
dads	623
darfur	623
denoted	623
devised	623
dex	623
directx	623
doomed	623
dooyoo	623
dotted	623
dreamed	623
duplicated	623
eater	623
ebusiness	623
embarrassing	623
emoticons	623
engadget	623
englewood	623
epoch	623
evansville	623
explorers	623
expressive	623
facilitation	623
fahrenheit	623
farmhouse	623
ferris	623
fertile	623
filthy	623
forrester	623
fpo	623
fprintf	623
fragmentation	623
francaise	623
francs	623
fre	623
frontal	623
gam	623
generosity	623
glossaries	623
goldstein	623
goodwin	623
graders	623
gupta	623
havoc	623
hays	623
hereafter	623
hides	623
hillside	623
hinges	623
hms	623
hottie	623
hush	623
hymn	623
ibn	623
imaginative	623
indemnity	623
infect	623
infocus	623
insists	623
instruct	623
interpro	623
intravenous	623
ironically	623
irq	623
joystick	623
juices	623
julio	623
kiev	623
kirsten	623
knowledgebase	623
lama	623
laundering	623
layup	623
lettering	623
lev	623
lillian	623
lodged	623
lola	623
loren	623
majordomo	623
mammalian	623
manure	623
mariner	623
marlborough	623
mds	623
medically	623
memberlistmemberlist	623
mes	623
meteorology	623
mmm	623
morale	623
morales	623
mourning	623
narrator	623
nationalist	623
nazis	623
ncr	623
newbies	623
newsfeed	623
norwood	623
nuclei	623
obscene	623
oneself	623
opted	623
optimizations	623
ottoman	623
outing	623
overhaul	623
paranormal	623
pdfs	623
pembroke	623
pers	623
persuasion	623
peruvian	623
pfc	623
phelps	623
phenotype	623
piazza	623
picturesque	623
piles	623
pioneering	623
plaid	623
plausible	623
popped	623
portrayed	623
pounding	623
pouring	623
practise	623
preferable	623
pristine	623
quay	623
rai	623
raphael	623
ravens	623
realtones	623
redskins	623
regain	623
relocating	623
remarked	623
renders	623
resistor	623
resize	623
retiring	623
revolt	623
rican	623
royalties	623
rts	623
savior	623
sdl	623
secrecy	623
shines	623
shrek	623
slider	623
sling	623
slowed	623
smashing	623
soak	623
solder	623
sonyericsson	623
spammers	623
spelled	623
splinter	623
spreadsheets	623
standpoint	623
stew	623
stockholders	623
stripper	623
stroll	623
stylesheet	623
subchapter	623
substrates	623
sweeney	623
synonym	623
synth	623
tahiti	623
teh	623
temper	623
thighs	623
tolerated	623
topographic	623
tracey	623
trait	623
trench	623
ttf	623
tummy	623
tuners	623
tweak	623
twiztid	623
ubiquitous	623
undercover	623
underline	623
universidad	623
uptime	623
utopia	623
vaginas	623
vdata	623
vibrating	623
voc	623
wac	623
watchlist	623
webmin	623
wednesdays	623
weir	623
wesleyan	623
westport	623
whispered	623
wilcox	623
willard	623
wnba	623
xb	623
xoops	623
xtc	623
yakima	623
yer	623
yorker	623
abba	622
acct	622
accustomed	622
advises	622
aforementioned	622
amplified	622
amt	622
apostles	622
argos	622
aries	622
arteries	622
articulated	622
ashford	622
astra	622
attr	622
avaya	622
avenues	622
avoids	622
avs	622
barking	622
barron	622
batter	622
boredom	622
bremen	622
bunk	622
burr	622
camaro	622
carbonate	622
cassidy	622
casts	622
catchment	622
cdrw	622
cerevisiae	622
cfo	622
chaser	622
chilean	622
clippers	622
coffin	622
collaborations	622
collectable	622
commentsblog	622
compress	622
contextual	622
coward	622
cpg	622
crocodile	622
crosse	622
cryptography	622
dag	622
damien	622
daycare	622
demux	622
depletion	622
diffuse	622
dino	622
discriminate	622
dispersed	622
dit	622
dmoz	622
dram	622
dread	622
dresser	622
dsa	622
dun	622
dyer	622
dyes	622
dyke	622
dyson	622
earns	622
effected	622
embryos	622
emp	622
ess	622
evidenced	622
expasy	622
exploded	622
fable	622
fha	622
filmmakers	622
fins	622
flatbed	622
formations	622
frey	622
garages	622
garde	622
gartner	622
golfers	622
gv	622
handwriting	622
heinz	622
helpless	622
hershey	622
holloway	622
hua	622
huskies	622
impartial	622
inequalities	622
initials	622
injunction	622
intergovernmental	622
intervene	622
iptables	622
isolates	622
ivtools	622
iz	622
jams	622
jira	622
josef	622
josephine	622
kernels	622
larvae	622
legitimacy	622
lingere	622
lira	622
lis	622
loyola	622
manicures	622
mara	622
mckinney	622
mclaren	622
melvin	622
merriam	622
millenium	622
mimi	622
mobilization	622
moi	622
mondo	622
murakami	622
nadu	622
navajo	622
neonatal	622
norma	622
nox	622
nuggets	622
obese	622
ode	622
openid	622
orig	622
ornamental	622
otter	622
overdrive	622
paddy	622
padres	622
pallet	622
pancreatic	622
paralegal	622
paranoid	622
parentheses	622
partitioning	622
pearce	622
pesos	622
phosphorylation	622
pistols	622
pitched	622
playhouse	622
plunge	622
plz	622
pocketpc	622
poised	622
preset	622
prolyte	622
prweb	622
publ	622
punctuation	622
qd	622
qr	622
qwest	622
rake	622
ramps	622
ratification	622
recess	622
recharge	622
rectal	622
rescued	622
resemble	622
resign	622
reyes	622
ribosomal	622
riches	622
richter	622
rihanna	622
ripley	622
ritchie	622
rowling	622
rulemaking	622
sanction	622
sassy	622
sca	622
scars	622
scorpio	622
sds	622
serpent	622
shakes	622
shilling	622
shimano	622
shouted	622
signalling	622
silently	622
sind	622
sinister	622
slug	622
snorkeling	622
snowmobile	622
sober	622
spades	622
spans	622
spirited	622
spokesperson	622
srs	622
staa	622
stab	622
stared	622
steaks	622
steals	622
stephan	622
strapon	622
subparagraph	622
suns	622
suny	622
superficial	622
susie	622
tackles	622
tackling	622
tactic	622
tanner	622
tapped	622
targus	622
tdk	622
teamed	622
technics	622
tes	622
texans	622
tls	622
toxins	622
tran	622
transnational	622
tread	622
tubular	622
turbulence	622
ultrasonic	622
underwriting	622
unwilling	622
uptown	622
urology	622
valentino	622
vantage	622
vases	622
velcro	622
vhf	622
visionary	622
vivian	622
viz	622
voicemail	622
vos	622
walden	622
weighting	622
whisky	622
wigan	622
wilkins	622
wisely	622
worksheets	622
wyatt	622
xda	622
xvid	622
yell	622
zoology	622
abatement	621
abigail	621
absorbing	621
acapulco	621
acknowledgments	621
acp	621
aides	621
alec	621
alleviate	621
amg	621
ammo	621
annoyed	621
antony	621
apron	621
argentine	621
armored	621
ascertain	621
assembler	621
astoria	621
astrophysics	621
aust	621
authorisation	621
awaited	621
axel	621
bans	621
bender	621
bien	621
bizkit	621
bland	621
bling	621
blogosphere	621
booksellers	621
broadcasters	621
broccoli	621
buds	621
bullock	621
bureaucracy	621
cabaret	621
carlsbad	621
carver	621
centred	621
chandelier	621
chars	621
cherries	621
childs	621
ching	621
clam	621
claremont	621
clarified	621
coastline	621
coherence	621
coma	621
comedies	621
concordance	621
conferred	621
confinement	621
conserve	621
contested	621
corba	621
corning	621
cosmopolitan	621
cpe	621
cramer	621
cron	621
dac	621
darn	621
darth	621
dashed	621
defenses	621
deformation	621
delle	621
dickson	621
diners	621
ding	621
dishnetwork	621
distinguishing	621
distressed	621
disturbances	621
electrodes	621
embryonic	621
emmanuel	621
employability	621
endocrine	621
epsilon	621
ethiopian	621
everlasting	621
exhaustive	621
expandable	621
externally	621
faction	621
fainter	621
fas	621
fined	621
flamingo	621
fluffy	621
foreach	621
forma	621
francesco	621
freelists	621
freeport	621
fungal	621
gaelic	621
genbank	621
genie	621
geophysics	621
georg	621
gifs	621
glazed	621
glazing	621
godfather	621
gomez	621
graceful	621
greeks	621
greenberg	621
greeted	621
guts	621
hahn	621
handel	621
hannover	621
hansard	621
hartley	621
hasbro	621
hereford	621
hes	621
householder	621
hsbc	621
husky	621
intercept	621
inward	621
islanders	621
judd	621
kissimmee	621
knocking	621
knowles	621
lai	621
lehigh	621
libyan	621
ligand	621
linker	621
linn	621
lyme	621
macquarie	621
magistrate	621
manipulated	621
mao	621
marianne	621
maserati	621
mcgee	621
mcguire	621
meaningless	621
melanoma	621
melinda	621
mermaid	621
microscopic	621
minnie	621
missionaries	621
mnt	621
momma	621
moo	621
multidisciplinary	621
needy	621
negligible	621
nerd	621
noodles	621
nozzle	621
oakwood	621
omit	621
orf	621
originator	621
orphan	621
paterson	621
paz	621
peoplesoft	621
petersen	621
pfizer	621
photographed	621
pianist	621
pigment	621
polski	621
poy	621
pragmatic	621
prov	621
provisioning	621
pta	621
qualifier	621
recession	621
reflector	621
regimen	621
reich	621
reliably	621
relocate	621
renovations	621
resp	621
respectful	621
retardation	621
riddle	621
ros	621
routed	621
rudolph	621
rulings	621
scandinavia	621
seam	621
sendo	621
sensations	621
sexes	621
shellfish	621
shouting	621
shouts	621
sire	621
skipping	621
slater	621
slender	621
snowy	621
solitary	621
sst	621
stalls	621
starch	621
supervising	621
surrounds	621
svcd	621
synchronized	621
tds	621
tetris	621
thug	621
tous	621
trajectory	621
transferable	621
trish	621
tweed	621
tyranny	621
uncover	621
utilisation	621
vampires	621
ventricular	621
veto	621
villagers	621
warehouses	621
weary	621
wheeled	621
whipping	621
wilder	621
yugoslav	621
yummy	621
yup	621
aaaa	620
abel	620
abort	620
accelerating	620
accompaniment	620
adept	620
ado	620
afterward	620
agm	620
ais	620
allegheny	620
ambiguity	620
ani	620
annan	620
antoine	620
antrim	620
aquarius	620
arenas	620
artifact	620
artworks	620
astonishing	620
attaching	620
awarding	620
barlow	620
bci	620
beauties	620
bellingham	620
bgp	620
bizjournalshire	620
booths	620
bourne	620
bragg	620
breckenridge	620
butalbital	620
bz	620
captains	620
catalina	620
cereals	620
chardonnay	620
chunks	620
clans	620
coasters	620
coldwell	620
compressors	620
confuse	620
consultative	620
conveyed	620
conveyor	620
cpan	620
creams	620
crossings	620
crowley	620
cso	620
curator	620
curt	620
darrell	620
decode	620
demise	620
depository	620
depts	620
derivation	620
derrick	620
devote	620
discourage	620
disseminate	620
dkk	620
dnc	620
doherty	620
domingo	620
doorway	620
doubtful	620
dripping	620
drs	620
duran	620
duvet	620
eastwood	620
ecm	620
edged	620
eeo	620
ellison	620
elmer	620
elusive	620
encompass	620
endocrinology	620
enigma	620
ensured	620
envoy	620
ester	620
exclusives	620
explosions	620
extranet	620
eyeglasses	620
facets	620
faxing	620
feldman	620
fem	620
fenton	620
fibrosis	620
flatware	620
fleetwood	620
forgetting	620
formulations	620
frightened	620
fungus	620
gabrielle	620
gamestats	620
gareth	620
garry	620
geologic	620
gerber	620
germ	620
gillian	620
glands	620
glare	620
gracious	620
graft	620
grammy	620
grandson	620
graveyard	620
grooves	620
guelph	620
guesthouse	620
halle	620
hallway	620
hampers	620
handbooks	620
handspring	620
haskell	620
hermes	620
heron	620
hmv	620
hob	620
hubert	620
hummingbird	620
hybrids	620
ignores	620
imposition	620
indent	620
inferno	620
insecure	620
insiders	620
instituted	620
intimacy	620
intricate	620
irrespective	620
jaime	620
jens	620
jug	620
kidnapped	620
krona	620
kudos	620
kwazulu	620
lacie	620
latinos	620
loaf	620
longtime	620
looney	620
lothian	620
lounges	620
lst	620
lvl	620
macedonian	620
madeira	620
margarita	620
mash	620
mcg	620
mckay	620
mdot	620
mei	620
merseyside	620
metaphysical	620
meyers	620
militant	620
moth	620
mower	620
musique	620
neg	620
noises	620
normative	620
notary	620
occ	620
offending	620
opel	620
orchestral	620
outrage	620
outset	620
overlook	620
pandora	620
parametric	620
parenthood	620
plotting	620
polaris	620
polyethylene	620
polygon	620
poo	620
poop	620
popping	620
ported	620
proclamation	620
pug	620
puget	620
qs	620
quicken	620
ratified	620
redding	620
redirection	620
refinery	620
reloaded	620
remastered	620
removals	620
replicas	620
resembles	620
reservoirs	620
revert	620
riparian	620
ripping	620
rma	620
robes	620
rst	620
sai	620
sails	620
schroeder	620
schuster	620
scifi	620
scrubs	620
servo	620
sham	620
shaver	620
shawnee	620
showcases	620
skid	620
snail	620
sociological	620
solvents	620
solver	620
spade	620
spe	620
speculative	620
srp	620
sse	620
stad	620
stencil	620
strata	620
stressful	620
succeeding	620
superbowl	620
surg	620
sutra	620
swine	620
tat	620
tco	620
teac	620
tenuate	620
testsuite	620
theoretically	620
thi	620
thriving	620
torrents	620
trophies	620
trunks	620
tug	620
typographical	620
tyrone	620
versatility	620
veterinarian	620
voir	620
votre	620
warden	620
werden	620
whey	620
yan	620
yvonne	620
acknowledgment	619
adolescence	619
africans	619
aggregates	619
aggressively	619
agony	619
allentown	619
amounted	619
archie	619
assistive	619
asymmetric	619
atop	619
axim	619
banging	619
begging	619
bengals	619
bernhard	619
binutils	619
biometric	619
bleach	619
blockers	619
bnwt	619
breads	619
breasted	619
brigham	619
broaden	619
brookfield	619
bully	619
bushes	619
buzznet	619
caregiver	619
casing	619
catastrophe	619
ccs	619
cdm	619
chilled	619
chronograph	619
citadel	619
claiborne	619
clie	619
climatic	619
clinicians	619
clippings	619
cls	619
coincide	619
colourful	619
concurrently	619
cones	619
confederation	619
constantine	619
constructions	619
contemplated	619
contend	619
cozumel	619
cutoff	619
cve	619
cytochrome	619
defiance	619
deloitte	619
detrimental	619
deux	619
dilution	619
disabling	619
dishwashers	619
docks	619
doubling	619
ecn	619
edna	619
electrician	619
elias	619
embarrassed	619
embedding	619
embracing	619
endogenous	619
endorsements	619
enlightened	619
enrich	619
entertained	619
entertainers	619
estimator	619
exchanging	619
excitation	619
facto	619
ferret	619
flange	619
floats	619
foe	619
foreground	619
fortunes	619
freddy	619
ftse	619
gator	619
generously	619
genoa	619
gibbons	619
glover	619
gogh	619
greatness	619
grids	619
haiku	619
haley	619
handout	619
harmon	619
hatfield	619
headlight	619
hearth	619
heller	619
honoring	619
hou	619
hover	619
hydrology	619
icy	619
imprisoned	619
incapable	619
incubation	619
individualized	619
indulge	619
insignificant	619
inventors	619
inversion	619
isi	619
jamaican	619
jewelers	619
juneau	619
juno	619
justices	619
keane	619
kemp	619
labyrinth	619
lacey	619
landowners	619
launcher	619
leaflets	619
leafs	619
louisa	619
lovin	619
lube	619
lupus	619
marseille	619
martina	619
mascot	619
masked	619
mayfield	619
maynard	619
mcc	619
mcgrath	619
mclaughlin	619
mech	619
melodic	619
memberlist	619
memorex	619
mentality	619
microprocessor	619
minimise	619
molds	619
moor	619
mpaa	619
mts	619
naics	619
narcotics	619
nbsp	619
nitric	619
nordstrom	619
normandy	619
nun	619
oceanfront	619
orderly	619
oy	619
paisley	619
parasites	619
parte	619
penetrate	619
petals	619
peterthoeny	619
pip	619
pipermail	619
pledges	619
plotted	619
preach	619
predefined	619
presumption	619
primers	619
puck	619
pup	619
qtek	619
quarantine	619
radicals	619
raffle	619
railroads	619
ramirez	619
realplayer	619
reaper	619
reefs	619
refunded	619
remixes	619
replicate	619
replying	619
repression	619
restraints	619
revelations	619
romero	619
roofs	619
roseville	619
routledge	619
sachs	619
salesman	619
salinity	619
samui	619
seg	619
semen	619
showtime	619
shredder	619
shure	619
sightings	619
sla	619
sonneries	619
spacer	619
spamcop	619
specialising	619
spills	619
sps	619
stash	619
stephenson	619
stride	619
stupidity	619
subsistence	619
sui	619
sul	619
sultan	619
sunnyvale	619
sway	619
taller	619
taped	619
taxed	619
telemarketing	619
thankfully	619
toad	619
topography	619
transgenic	619
triangular	619
tripp	619
truncated	619
turbulent	619
twn	619
unauthorised	619
undergone	619
unicorn	619
utd	619
valiant	619
vertigo	619
veterinarians	619
viscosity	619
visuals	619
wafer	619
walla	619
wharton	619
wolverine	619
wrangler	619
wrinkle	619
xfm	619
youngsters	619
aan	618
aarp	618
accommodated	618
accusations	618
addicts	618
adopts	618
aeronautics	618
afi	618
afr	618
afs	618
aha	618
airway	618
alamos	618
alyssa	618
analysing	618
annoy	618
antec	618
antioxidant	618
antwerp	618
anyhow	618
aopen	618
arbitrator	618
archos	618
ascent	618
aspiring	618
attire	618
barrington	618
bikinis	618
blaine	618
blazers	618
bookcrossing	618
booker	618
booklets	618
bosnian	618
bsa	618
bum	618
bumps	618
callers	618
cambria	618
camelot	618
cameo	618
capacitors	618
caravans	618
caterers	618
charting	618
checkbox	618
chewing	618
christoph	618
chunky	618
cin	618
cirque	618
clap	618
clarks	618
clinique	618
cmc	618
cnt	618
coils	618
colorectal	618
combs	618
commas	618
computations	618
conforms	618
contends	618
convened	618
cornelius	618
cornish	618
coulter	618
crappy	618
crowe	618
cyrillic	618
dazzling	618
debated	618
defends	618
depict	618
depicts	618
descriptors	618
deserted	618
designee	618
dict	618
diffraction	618
diversification	618
dmesg	618
donating	618
drastically	618
dre	618
eek	618
eighteenth	618
ejb	618
elevators	618
elfwood	618
endowed	618
ensembl	618
epithelial	618
equipments	618
eros	618
escondido	618
esrb	618
expr	618
fanny	618
fitch	618
fixation	618
fluent	618
footsteps	618
frightening	618
galleria	618
gettysburg	618
git	618
giveaway	618
gluten	618
goddard	618
golfer	618
grandpa	618
gravitational	618
groupee	618
groupware	618
guessed	618
hardened	618
hardin	618
havent	618
helvetica	618
hillsborough	618
honeywell	618
hurst	618
hydration	618
iain	618
iconv	618
icp	618
ima	618
indefinitely	618
inscription	618
interns	618
inv	618
iseries	618
itineraries	618
jeopardy	618
jupitermedia	618
keepers	618
lancome	618
leach	618
lenovo	618
livermore	618
logically	618
luminous	618
luxor	618
macao	618
malt	618
manifestation	618
marxism	618
matchmaking	618
matic	618
mattel	618
mcintosh	618
mcs	618
medi	618
melrose	618
menlo	618
merritt	618
methodological	618
milky	618
minogue	618
monoxide	618
msp	618
mtn	618
nah	618
narrowed	618
naruto	618
navel	618
neatly	618
necessities	618
netflix	618
nightclubs	618
norsk	618
notepad	618
nps	618
nrt	618
nurseries	618
obispo	618
obtains	618
occupants	618
ohne	618
olga	618
oranges	618
organiser	618
orthopaedic	618
ost	618
outage	618
outlining	618
patel	618
pbx	618
pilgrimage	618
pisa	618
plagiarism	618
pln	618
pods	618
pomona	618
preferential	618
presse	618
prevacid	618
primal	618
prolific	618
quantify	618
quotas	618
radiography	618
raptor	618
reagents	618
receivables	618
refereed	618
refreshments	618
reggie	618
renter	618
retarded	618
rhyme	618
rockefeller	618
rovers	618
rowland	618
sable	618
scientifically	618
scripps	618
semesters	618
sinai	618
singleton	618
snaps	618
snort	618
somerville	618
spaniel	618
spanked	618
spool	618
ssp	618
stallion	618
storyline	618
straits	618
streamlined	618
submitter	618
subsets	618
substitutions	618
subtract	618
sucker	618
suffice	618
sunni	618
tedious	618
tendencies	618
triad	618
turbines	618
typewriter	618
ugm	618
ulrich	618
unconstitutional	618
universally	618
unparalleled	618
unsatisfactory	618
upheld	618
upland	618
vdc	618
vicky	618
vim	618
vmware	618
voiced	618
walkers	618
walkthrough	618
waterfalls	618
webpages	618
weekdays	618
welded	618
wildly	618
wineries	618
wir	618
worthless	618
wsdl	618
xyz	618
yp	618
abdomen	617
abilene	617
abound	617
abrams	617
adapting	617
aggregated	617
aiken	617
aligning	617
ambulatory	617
anglia	617
anonymity	617
anthologies	617
anus	617
authenticate	617
axiom	617
aztec	617
baden	617
balkans	617
bayesian	617
beaufort	617
beckham	617
bedtime	617
binders	617
binghamton	617
bismarck	617
blasts	617
blm	617
bookkeeping	617
bookseller	617
bourbon	617
brewster	617
brink	617
btu	617
calvert	617
camouflage	617
cantonese	617
catfish	617
cfp	617
chamberlain	617
chelmsford	617
chimes	617
cma	617
combi	617
concentrates	617
confer	617
connolly	617
constellation	617
contours	617
cowan	617
cranes	617
croft	617
crowned	617
cures	617
curing	617
custodial	617
dcc	617
depressing	617
deputies	617
dictate	617
dispensers	617
disruptive	617
dissatisfied	617
distributes	617
dkny	617
dms	617
dnp	617
dnr	617
dope	617
doubletree	617
doulton	617
dracula	617
drains	617
duffy	617
dyed	617
dynamical	617
eap	617
effexor	617
eiffel	617
ely	617
embossed	617
emergent	617
ephesians	617
erika	617
exclusions	617
exhibiting	617
expended	617
extracellular	617
fasting	617
fdid	617
fiduciary	617
filmmaker	617
firebird	617
fractal	617
freud	617
fuss	617
gazetteer	617
gimme	617
gotham	617
grounding	617
guildford	617
gujarat	617
gy	617
gyn	617
handycam	617
hardness	617
hassan	617
hbox	617
heirs	617
henley	617
hikes	617
hillsboro	617
hmo	617
hoe	617
homology	617
horseshoe	617
hosiery	617
hotpoint	617
hume	617
humps	617
imitrex	617
inefficient	617
inferred	617
inhibited	617
integrator	617
investigates	617
ism	617
jacobson	617
jaipur	617
javier	617
jock	617
joker	617
karachi	617
kda	617
kennels	617
keychain	617
khaki	617
kicker	617
kickoff	617
kiln	617
kirkland	617
letra	617
lexical	617
lookin	617
loudly	617
lyle	617
magick	617
mandriva	617
mater	617
mathematica	617
maxima	617
missoula	617
modding	617
mohawk	617
monash	617
morally	617
morbidity	617
moreno	617
mould	617
mtg	617
muir	617
narratives	617
nautilus	617
navigating	617
nee	617
newsforge	617
oneida	617
openssl	617
osi	617
overdue	617
pageant	617
pairing	617
parasite	617
paws	617
peaches	617
penal	617
persuaded	617
philharmonic	617
pico	617
pinot	617
pitchers	617
platter	617
plywood	617
poke	617
poorer	617
postsecondary	617
poynter	617
prayed	617
preclude	617
prehistoric	617
proctor	617
prodigy	617
protease	617
psychedelic	617
pune	617
purchasers	617
pvr	617
qu	617
quadratic	617
quran	617
racers	617
radically	617
rapport	617
rbd	617
recital	617
reminiscent	617
reptile	617
responsiveness	617
retirees	617
rhinestone	617
riots	617
romantics	617
rooster	617
rpms	617
rtp	617
rubbed	617
saccharomyces	617
sandstone	617
schwarz	617
sectoral	617
sera	617
seti	617
shakers	617
shaman	617
shortcomings	617
showbiz	617
skipper	617
slough	617
smartphones	617
snes	617
socrates	617
sonnerie	617
sous	617
staggering	617
stamina	617
steamboat	617
stockport	617
strangely	617
strategically	617
sud	617
swat	617
tdd	617
teri	617
terminating	617
testimonial	617
therapeutics	617
thinkers	617
timex	617
toxin	617
tracts	617
transex	617
trashy	617
trimmer	617
trombone	617
truss	617
tudor	617
turnovr	617
twill	617
ugg	617
umm	617
unification	617
uplifting	617
uterus	617
utrecht	617
vents	617
villains	617
waikiki	617
wasp	617
webber	617
webct	617
wimax	617
wiped	617
xff	617
yt	617
zeus	617
zimmerman	617
zn	617
abbas	616
abridged	616
activating	616
advisable	616
amends	616
amidst	616
antioxidants	616
antiqua	616
apes	616
appoints	616
aquifer	616
arroyo	616
asics	616
assassin	616
augmented	616
awaits	616
baird	616
barbeque	616
beforehand	616
bicycling	616
blueberry	616
bona	616
boxers	616
branching	616
bray	616
brooch	616
broward	616
burdens	616
bushnell	616
calibrated	616
campaigning	616
captions	616
checklists	616
cheerleading	616
cherished	616
chilling	616
choke	616
chromosomes	616
civilizations	616
clipper	616
cloak	616
codeine	616
collaborating	616
comforts	616
comprehend	616
condemn	616
congregations	616
constable	616
contrasting	616
cooperating	616
copeland	616
correspondents	616
cougar	616
credential	616
cynical	616
dali	616
delinquent	616
depleted	616
discouraged	616
disguise	616
divinity	616
dobson	616
edmond	616
eleventh	616
emailing	616
embassies	616
emphasizing	616
encrypt	616
eof	616
ergonomics	616
etched	616
etching	616
exiting	616
exon	616
exploiting	616
extrait	616
faceplate	616
finalists	616
finalize	616
finer	616
friendships	616
fueled	616
fullest	616
funniest	616
gall	616
gillespie	616
girlfriends	616
gladstone	616
glaze	616
globus	616
grasses	616
gravy	616
griffiths	616
guangzhou	616
guthrie	616
gynecology	616
hairdryer	616
halter	616
hamburger	616
hamster	616
handing	616
hepatic	616
holiness	616
hue	616
ibs	616
iff	616
ike	616
imperfect	616
imperialism	616
incidentally	616
incontinence	616
inherit	616
ini	616
insurgents	616
invaders	616
invocation	616
irradiation	616
ito	616
itt	616
ives	616
jody	616
johansson	616
jugs	616
kahn	616
keene	616
kf	616
kindred	616
laborer	616
lapse	616
ldl	616
ley	616
lieberman	616
liste	616
lng	616
loi	616
lubricant	616
lumens	616
lymphocytes	616
manic	616
marjorie	616
marlins	616
masculine	616
meme	616
mex	616
mgr	616
mgt	616
michelin	616
mig	616
militants	616
minidv	616
mirrored	616
monochrome	616
montrose	616
moods	616
motifs	616
mouths	616
mrc	616
murdoch	616
mythtv	616
nader	616
ncc	616
ndp	616
nestle	616
newcomer	616
nicola	616
nineteen	616
novelist	616
novotel	616
oblivion	616
oscillator	616
outsource	616
outsourced	616
packer	616
pajamas	616
palate	616
pamphlet	616
parfums	616
payer	616
pds	616
pelvic	616
petitioners	616
pgs	616
phenomenal	616
pir	616
pkwy	616
plasmid	616
polyurethane	616
potomac	616
priceless	616
probabilistic	616
progressively	616
pumpkins	616
punitive	616
quentin	616
quests	616
quirky	616
rachael	616
raster	616
reactivity	616
realizes	616
receptus	616
reco	616
reconsider	616
redesigned	616
referencing	616
rejecting	616
renegade	616
repayments	616
resins	616
roar	616
sacrifices	616
saginaw	616
sanctioned	616
sayings	616
scatter	616
schiavo	616
schumacher	616
scorpion	616
seamlessly	616
seks	616
sel	616
shafts	616
shelly	616
shepard	616
sherlock	616
shrinking	616
shrub	616
siebel	616
sine	616
smack	616
sneakers	616
soaked	616
socioeconomic	616
softcore	616
softpedia	616
songbook	616
spraying	616
sprinkle	616
stereotypes	616
steward	616
stitching	616
storefront	616
strawberries	616
sudanese	616
surreal	616
svensk	616
sverige	616
swallowed	616
swanson	616
swollen	616
teasing	616
tetex	616
textus	616
thier	616
thierry	616
tipped	616
topping	616
toro	616
tougher	616
translucent	616
transmitters	616
transsexuals	616
tuxedo	616
typ	616
umbrellas	616
unbeatable	616
unbound	616
unconditional	616
underwent	616
unexpectedly	616
unmarried	616
upstate	616
vibrations	616
volunteered	616
vue	616
wally	616
wanda	616
watcher	616
wellbeing	616
windchill	616
workouts	616
xanga	616
xga	616
ys	616
ze	616
abdullah	615
abercrombie	615
accueil	615
acquainted	615
adb	615
adventurous	615
aerobics	615
airbus	615
alligator	615
amish	615
amr	615
anand	615
anatomical	615
andhra	615
anglers	615
anh	615
annuities	615
appraisers	615
artistdirect	615
assurances	615
austen	615
ava	615
ayrshire	615
backcountry	615
backpackers	615
bayou	615
bearer	615
beep	615
bidpay	615
bitrate	615
blazing	615
brilliance	615
britannia	615
buckets	615
bun	615
calculates	615
careerbuilder	615
checkins	615
cine	615
cip	615
clemens	615
clitoris	615
cochran	615
cochrane	615
comedian	615
commemorative	615
compendium	615
condor	615
confluence	615
conservancy	615
crd	615
cribs	615
cufflinks	615
cuffs	615
dagger	615
dai	615
daihatsu	615
damascus	615
danbury	615
daryl	615
debating	615
deerfield	615
dependents	615
depicting	615
detectives	615
deuteronomy	615
dielectric	615
dieting	615
diminish	615
disappearance	615
disappears	615
dizziness	615
dizzy	615
dominique	615
duh	615
dunedin	615
eagerly	615
ebayer	615
ecco	615
ecu	615
eldorado	615
electrophoresis	615
elliptical	615
elmo	615
enhancer	615
esmtp	615
eweek	615
ewing	615
famine	615
fdi	615
fendi	615
ffm	615
fic	615
filefront	615
finalized	615
fluoride	615
gaap	615
gabbana	615
gardeners	615
gated	615
gillette	615
giveaways	615
godzilla	615
grabbing	615
grantee	615
haunting	615
heuer	615
hmc	615
horace	615
horrors	615
hoses	615
hse	615
hybridization	615
hydrochloride	615
hymns	615
hyperlinks	615
hypocrisy	615
iana	615
ias	615
imbalance	615
implicitly	615
infra	615
initialized	615
invade	615
invaded	615
invent	615
irb	615
ixus	615
jogging	615
karnataka	615
kingsley	615
kohler	615
lauder	615
lehman	615
lineno	615
lockheed	615
locomotive	615
lsc	615
luigi	615
lycra	615
magnification	615
manifestations	615
manipulating	615
mediocre	615
misdemeanor	615
monet	615
monotone	615
mor	615
morals	615
neumann	615
nicky	615
nid	615
nix	615
nofx	615
nomad	615
nomenclature	615
novak	615
npc	615
occupying	615
omim	615
orally	615
orchids	615
ordnance	615
originate	615
otherosfs	615
otrs	615
outboard	615
outbreaks	615
outta	615
pai	615
palermo	615
palliative	615
palsy	615
parishes	615
passports	615
pastors	615
persuasive	615
petra	615
phased	615
phono	615
pickle	615
pinpoint	615
pitches	615
pivotal	615
planck	615
plata	615
plating	615
plurality	615
preamble	615
priceline	615
prohibiting	615
promulgated	615
proponents	615
propositions	615
prosperous	615
provo	615
provoking	615
psd	615
psych	615
psychiatrist	615
quaker	615
queues	615
raj	615
ralf	615
ransom	615
rascal	615
reactors	615
recieve	615
referees	615
reformation	615
regulates	615
reliant	615
relisted	615
remanufactured	615
rendezvous	615
respectable	615
roberta	615
rochelle	615
rockers	615
rottweiler	615
sabrina	615
salle	615
sasha	615
scarlett	615
scc	615
scranton	615
screenings	615
sharma	615
silverado	615
simplex	615
sissy	615
slit	615
snapped	615
soldering	615
solicit	615
spins	615
spoil	615
spoiled	615
sprinkler	615
ssc	615
stacking	615
staffed	615
stipulated	615
stitches	615
strasbourg	615
strives	615
subcontractor	615
suomi	615
tak	615
tangent	615
tempest	615
thorn	615
thunderstorms	615
tobias	615
trang	615
transcriptional	615
trapping	615
trax	615
trooper	615
trp	615
ture	615
turntable	615
twelfth	615
uneven	615
unmatched	615
verge	615
visualize	615
wah	615
warrington	615
waving	615
webhome	615
whitening	615
xen	615
xenon	615
yugioh	615
acknowledging	614
adaptations	614
adirondack	614
adjournment	614
admired	614
advertisment	614
aggravated	614
ambrose	614
anniversaries	614
antioch	614
apricot	614
arrogant	614
bacillus	614
bankrupt	614
bareback	614
beckett	614
belleville	614
berman	614
blossoms	614
boilers	614
bps	614
braking	614
bratz	614
brow	614
bucharest	614
burglary	614
burnout	614
byu	614
byzantine	614
cali	614
camo	614
carousel	614
casablanca	614
cbr	614
ccg	614
centrino	614
chandigarh	614
chant	614
chihuahua	614
chinook	614
citrate	614
cla	614
classpath	614
coeur	614
colby	614
coliseum	614
commenters	614
cpd	614
crowns	614
crushing	614
cuckold	614
cul	614
culver	614
curvature	614
cylindrical	614
cystic	614
dealerships	614
deem	614
designations	614
designjet	614
destroyer	614
devious	614
dictator	614
discrepancy	614
disrupt	614
ditto	614
divisional	614
dreamer	614
ece	614
edmonds	614
eduardo	614
elves	614
emitted	614
endothelial	614
entails	614
ephedra	614
estuary	614
evanston	614
existent	614
extender	614
factbook	614
fairchild	614
fairway	614
fanatics	614
farmland	614
fay	614
fibromyalgia	614
fide	614
figuring	614
fink	614
fk	614
folly	614
gels	614
glucosamine	614
gpg	614
graeme	614
grilling	614
groves	614
harrow	614
hawthorn	614
hedgehog	614
hermann	614
hines	614
hodges	614
hom	614
homeopathic	614
homeschool	614
homeschooling	614
hons	614
hostility	614
hutch	614
iaea	614
iep	614
iframes	614
imho	614
induces	614
infarction	614
infrastructures	614
installers	614
intermediary	614
interpolation	614
interpretive	614
invariably	614
jehovah	614
jig	614
jupiterweb	614
jurassic	614
jurisprudence	614
kaye	614
kearney	614
killings	614
kimball	614
kostenlos	614
lacoste	614
launchcast	614
leaned	614
lecturers	614
lifehouse	614
lightspeed	614
littleton	614
louder	614
magnus	614
magyar	614
mahal	614
mailboxes	614
mamma	614
mantra	614
markham	614
markov	614
matted	614
maxell	614
mcconnell	614
messageboard	614
microbiol	614
microwaves	614
mkdir	614
modesto	614
mongolian	614
mountaineering	614
mpumalanga	614
mural	614
nafta	614
nana	614
nightmares	614
norwalk	614
ntl	614
nutshell	614
oddly	614
ordained	614
ordinarily	614
orphans	614
osbourne	614
pab	614
pacifica	614
parry	614
parsley	614
passover	614
pattaya	614
peasant	614
perpendicular	614
phosphatase	614
pitfalls	614
platelet	614
polypropylene	614
postdoctoral	614
potty	614
pouches	614
progressed	614
proj	614
prs	614
pulaski	614
purge	614
pursuits	614
qua	614
quadrant	614
raft	614
raining	614
rampage	614
raves	614
recipezaar	614
reckless	614
referrer	614
reflux	614
relocated	614
renters	614
resell	614
reunions	614
revolver	614
riaa	614
ricci	614
rites	614
robyn	614
rootsweb	614
rosewood	614
sae	614
sakura	614
saucer	614
screwdriver	614
sdp	614
sentiments	614
setback	614
sharpe	614
shooters	614
shoutbox	614
sideways	614
skater	614
slid	614
slipping	614
smiths	614
snowman	614
solitude	614
sourced	614
southend	614
spawning	614
spectacle	614
spinner	614
spl	614
spooky	614
sprays	614
ssb	614
stalin	614
stationed	614
stumbled	614
stunned	614
stunts	614
subcategory	614
subpoena	614
succeeds	614
suchen	614
sufficiency	614
superhero	614
tempered	614
thermostat	614
thinkgeek	614
thorpe	614
thrift	614
thrilling	614
tidbits	614
tighten	614
timberlake	614
tomas	614
tomography	614
toms	614
tongues	614
tonic	614
tooling	614
triangles	614
trough	614
tufts	614
tundra	614
tuple	614
turnkey	614
typhoon	614
undesirable	614
undue	614
unreliable	614
untreated	614
vader	614
vars	614
venezuelan	614
vocalist	614
wager	614
waiter	614
weakly	614
wheeling	614
windsurfing	614
yelling	614
youngstown	614
youthful	614
zack	614
zhejiang	614
abortions	613
acquaintance	613
actin	613
activision	613
advocating	613
aed	613
aedst	613
aegis	613
akira	613
alia	613
aliasing	613
altec	613
ambitions	613
ammonium	613
amour	613
ankara	613
ara	613
assertions	613
autor	613
baba	613
bandit	613
bathtub	613
battling	613
bile	613
blouse	613
boosting	613
cambodian	613
canals	613
capcom	613
capitalized	613
cara	613
caramel	613
catheter	613
cato	613
cavern	613
ceos	613
cessna	613
cfl	613
chalets	613
chests	613
choi	613
civ	613
clasp	613
colloquium	613
comix	613
commando	613
composting	613
compulsive	613
conductors	613
craving	613
crested	613
criticisms	613
crossfire	613
cruisers	613
ctc	613
cullen	613
dbi	613
dearborn	613
denomination	613
deodorant	613
derry	613
descended	613
deterministic	613
diplomat	613
disarmament	613
disgusting	613
distinctions	613
distinctly	613
dopamine	613
dsn	613
duet	613
dyslexia	613
earthlink	613
eccentric	613
elevations	613
embodied	613
endeavors	613
ene	613
erwin	613
escaping	613
ese	613
ethel	613
ethyl	613
ets	613
evangelism	613
excused	613
exposes	613
extensible	613
fatalities	613
faulkner	613
feds	613
feline	613
fga	613
fibres	613
flasher	613
flax	613
forage	613
frankenstein	613
freaky	613
fro	613
fused	613
gastroenterology	613
gnupg	613
greer	613
grub	613
guangdong	613
guerrilla	613
gunn	613
hadley	613
hdmi	613
heightened	613
heir	613
hellenic	613
hinduism	613
hiroshima	613
hoo	613
hornets	613
hubbell	613
hubble	613
iced	613
illustrative	613
ils	613
immunodeficiency	613
imposes	613
interagency	613
interviewer	613
intolerance	613
iodine	613
isn	613
iterator	613
jenn	613
jiang	613
juegos	613
knownsite	613
krone	613
kwh	613
lambs	613
lau	613
leaking	613
legged	613
lesbienne	613
lesion	613
lesley	613
liberalism	613
loco	613
loom	613
lotr	613
lucrative	613
macarthur	613
mackie	613
madeleine	613
maint	613
manganese	613
marbella	613
masonic	613
matrox	613
maximise	613
mcpherson	613
meer	613
melon	613
melville	613
menstrual	613
merlot	613
mohamed	613
mohammad	613
monticello	613
motorway	613
mtb	613
muffins	613
multiplier	613
naar	613
nantucket	613
natures	613
nci	613
negatives	613
neuro	613
nga	613
nino	613
oceanography	613
octopus	613
olives	613
organics	613
orr	613
oscars	613
pancreas	613
parc	613
patched	613
patriotism	613
payoff	613
peabody	613
peachtree	613
pebble	613
perky	613
persona	613
phoebe	613
phoneid	613
photocopy	613
phy	613
pixma	613
porous	613
poser	613
possessing	613
powerhouse	613
practicum	613
predictor	613
progesterone	613
prosecuted	613
radiological	613
receptionist	613
recieved	613
reimbursed	613
reinforcing	613
repositories	613
roaring	613
sacd	613
saharan	613
sailed	613
salinas	613
salmonella	613
scalp	613
scarcely	613
scratching	613
shrewsbury	613
shri	613
siegel	613
siren	613
slc	613
slew	613
solves	613
sonar	613
spandex	613
spielberg	613
spoons	613
sportsman	613
springsteen	613
spv	613
staffs	613
stardust	613
sth	613
stopper	613
stump	613
subcontractors	613
subnet	613
successors	613
suicidal	613
suisse	613
summons	613
sumner	613
supplementation	613
sylvester	613
synchronize	613
syslog	613
tablespoon	613
tamara	613
tart	613
tay	613
tearing	613
thirst	613
thom	613
threading	613
thugs	613
tickle	613
timeframe	613
titel	613
titties	613
totes	613
tram	613
transports	613
travelmate	613
tru	613
uhf	613
ulcer	613
unilateral	613
urdu	613
urgently	613
uva	613
vastly	613
verbose	613
viewable	613
vk	613
vms	613
waikato	613
washburn	613
watermark	613
weakened	613
winzip	613
wipes	613
witchcraft	613
withdrew	613
wno	613
xena	613
xtra	613
yarmouth	613
yiddish	613
youre	613
zephyr	613
zipcode	613
zombies	613
aas	612
abolished	612
acton	612
adi	612
adrenal	612
adrienne	612
aeg	612
affordability	612
ambience	612
ame	612
amtrak	612
anonymously	612
antagonists	612
arches	612
assn	612
atrium	612
baccalaureate	612
bachelors	612
banged	612
barge	612
barometer	612
beagle	612
beatrice	612
bengali	612
biennial	612
bing	612
blanchard	612
bonita	612
boosts	612
booting	612
bq	612
brandt	612
broadcaster	612
broom	612
capitalization	612
carbide	612
cardigan	612
carrollton	612
cartilage	612
cascading	612
cbt	612
cdw	612
cel	612
characterised	612
chechnya	612
checkers	612
chesney	612
chops	612
circuitry	612
cohesion	612
colombo	612
comme	612
commentators	612
complements	612
confessional	612
cong	612
contradictory	612
cookery	612
corporal	612
cougars	612
crawling	612
crystalline	612
cse	612
cunts	612
cytology	612
daphne	612
darkroom	612
decorators	612
deduct	612
deems	612
degraded	612
depp	612
destroys	612
devise	612
dianne	612
diem	612
dif	612
disciplined	612
dissolve	612
doctrines	612
dodd	612
donaldson	612
dri	612
dwl	612
earch	612
earnhardt	612
easement	612
eisenhower	612
elasticity	612
elearning	612
encompassing	612
enema	612
engages	612
engel	612
enumerated	612
epi	612
ethic	612
evaporation	612
exclaimed	612
faber	612
factions	612
falmouth	612
famed	612
fannie	612
flannel	612
flashlights	612
foothills	612
forensics	612
genet	612
gestures	612
glider	612
goalie	612
goodyear	612
gpm	612
granville	612
grapefruit	612
grimm	612
grinders	612
groundbreaking	612
guido	612
gutter	612
handyman	612
hangers	612
harlan	612
henrik	612
hfs	612
hla	612
hoax	612
hoh	612
hopeless	612
humility	612
hunts	612
hydrocarbons	612
ibrahim	612
ifndef	612
impeachment	612
indefinite	612
infiltration	612
infor	612
insignia	612
interferon	612
intersections	612
irrational	612
isc	612
jailed	612
jas	612
jizz	612
jpn	612
jurors	612
kidman	612
kinder	612
kinja	612
kitchenaid	612
latham	612
lcs	612
leash	612
lessee	612
licked	612
ligne	612
logistic	612
lotions	612
lowers	612
manageable	612
masturbate	612
mavericks	612
mea	612
meteor	612
metros	612
middlesbrough	612
migratory	612
misunderstood	612
modifier	612
mori	612
motorbikes	612
mpn	612
msgs	612
muck	612
musculus	612
myyahoo	612
nal	612
naturalist	612
nea	612
nemesis	612
neuronal	612
nippon	612
northstar	612
nurture	612
nye	612
observes	612
ohms	612
opium	612
orthogonal	612
oti	612
outsiders	612
overclocking	612
ozzy	612
parachute	612
params	612
parma	612
pca	612
peacekeeping	612
pendleton	612
penetrating	612
personalization	612
phaser	612
photopost	612
plainly	612
plantations	612
pleaded	612
plight	612
policeman	612
pollard	612
pollock	612
postoperative	612
provocative	612
prussia	612
psoriasis	612
pullman	612
punches	612
qv	612
radiators	612
readership	612
reconnaissance	612
recor	612
resid	612
respite	612
responder	612
revising	612
ridden	612
riga	612
robb	612
rockland	612
rory	612
rosenthal	612
rufus	612
rumours	612
safest	612
schemas	612
seams	612
selectable	612
selenium	612
serine	612
serotonin	612
shank	612
sheltered	612
shetland	612
sixties	612
slackware	612
slant	612
sloppy	612
sma	612
snare	612
sorrento	612
spartan	612
spokeswoman	612
stabilized	612
steamer	612
superiority	612
taos	612
tasted	612
taunton	612
taxon	612
thine	612
thoracic	612
tiscover	612
tong	612
topo	612
torrance	612
tostring	612
toying	612
transducer	612
tripods	612
trna	612
turnpike	612
tweaks	612
ulcers	612
uniqueness	612
uns	612
uo	612
uphold	612
utica	612
valuations	612
veneer	612
verdana	612
viewcvs	612
volcanoes	612
wary	612
woodbridge	612
wordperfect	612
worthington	612
wreath	612
yuma	612
zhou	612
zx	612
abandonment	611
abb	611
accomodations	611
administrations	611
admitting	611
affective	611
agilent	611
albans	611
allegation	611
allstate	611
allure	611
alsa	611
alvarez	611
ambassadors	611
ancestral	611
apartheid	611
armageddon	611
articulation	611
assures	611
attenuation	611
autofocus	611
autopsy	611
autres	611
ballast	611
bantam	611
bce	611
bertrand	611
bestseller	611
bianca	611
biodiesel	611
blasting	611
blooming	611
bnc	611
boardwalk	611
bodoni	611
breton	611
brookings	611
broth	611
brownsville	611
burnham	611
bursts	611
businessweek	611
bytecode	611
cadmium	611
candies	611
caracas	611
cdi	611
chai	611
chatroom	611
chiefly	611
cloned	611
clp	611
collaborators	611
colo	611
combos	611
compusa	611
conceive	611
condemnation	611
condenser	611
confronting	611
conjecture	611
contaminant	611
contrasts	611
converge	611
crows	611
cryptographic	611
dahl	611
daunting	611
debtors	611
derives	611
dest	611
detachable	611
detachment	611
diese	611
disastrous	611
discontinue	611
disparate	611
dol	611
dorchester	611
downside	611
dps	611
earthly	611
ejaculating	611
ellington	611
ence	611
enrique	611
entrants	611
executes	611
extinct	611
ey	611
faithfully	611
fallout	611
fertilizers	611
finalist	611
fooled	611
forfeiture	611
formidable	611
forsyth	611
foxpro	611
frist	611
fulham	611
futon	611
futuristic	611
gables	611
galactica	611
galeria	611
geese	611
genotype	611
geriatric	611
giuseppe	611
gladiator	611
glenwood	611
grannies	611
grapevine	611
greenpeace	611
grit	611
grover	611
gymnasium	611
hahaha	611
hairstyles	611
hartman	611
heinrich	611
helens	611
histogram	611
homeopathy	611
honcode	611
horticultural	611
hpv	611
hurdles	611
icing	611
icmp	611
immature	611
impending	611
improperly	611
ina	611
indicted	611
ineligible	611
infinitely	611
informa	611
inode	611
insensitive	611
insolvency	611
integra	611
intestine	611
involuntary	611
isla	611
issuers	611
italiana	611
itv	611
jaguars	611
jain	611
joltsearch	611
joys	611
judah	611
junkie	611
kathmandu	611
kingdoms	611
kluwer	611
kristina	611
laredo	611
lear	611
lesbiana	611
leviticus	611
liberalization	611
lids	611
locust	611
logiciel	611
lsd	611
luca	611
lucie	611
lunches	611
macbeth	611
mace	611
maison	611
malvern	611
malvinas	611
martins	611
masking	611
mastered	611
mathews	611
mayan	611
mccall	611
mcleod	611
mecca	611
mellitus	611
memos	611
messed	611
mga	611
mich	611
microfilm	611
minidisc	611
morphine	611
morphological	611
motorists	611
mou	611
mujeres	611
multiples	611
nada	611
navman	611
nays	611
nearer	611
nebula	611
nfc	611
nntp	611
nyu	611
obsessive	611
oceanside	611
officejet	611
oft	611
oily	611
optimizer	611
originality	611
overrides	611
pageviews	611
patchwork	611
paused	611
penelope	611
pennington	611
pianos	611
pickering	611
pinned	611
pituitary	611
pla	611
plumper	611
poisson	611
polarity	611
polio	611
ponder	611
poplar	611
pore	611
pornographic	611
powders	611
ppg	611
praises	611
proxies	611
pun	611
quail	611
quitting	611
radiance	611
rallies	611
rds	611
reclaim	611
recognises	611
recourse	611
rector	611
referrers	611
regatta	611
reissue	611
rejoice	611
repeater	611
rested	611
restitution	611
revolutions	611
revue	611
rewind	611
ria	611
ricerca	611
richness	611
riff	611
rigging	611
roleplaying	611
rotational	611
russo	611
screams	611
secures	611
seduction	611
sei	611
selectively	611
seminole	611
serge	611
sharm	611
sho	611
shuman	611
sidewalks	611
simons	611
simplification	611
simplifies	611
sinh	611
slain	611
sleeveless	611
smallville	611
smear	611
sophistication	611
sow	611
spamming	611
speedo	611
ssn	611
stalker	611
striker	611
subsidized	611
substituting	611
sugars	611
sym	611
synagogue	611
synthesizer	611
tae	611
taiwanese	611
tanker	611
taper	611
taxing	611
tbsp	611
teamxbox	611
telford	611
tensor	611
topples	611
tracer	611
transplants	611
tre	611
usaf	611
uterine	611
versailles	611
villain	611
waivers	611
waldo	611
waldorf	611
wartime	611
webspace	611
wentworth	611
wheelchairs	611
whitehead	611
whoa	611
widths	611
wilma	611
windham	611
withdrawals	611
wiz	611
wkh	611
workings	611
wrt	611
ying	611
ym	611
zimmer	611
zire	611
abode	610
abrasive	610
acetaminophen	610
acpi	610
adjusts	610
admiration	610
aec	610
afrikaans	610
agra	610
alarming	610
alchemist	610
alessandro	610
allele	610
amused	610
appropriateness	610
armchair	610
assuring	610
astronaut	610
backpacker	610
bainbridge	610
bcc	610
bcs	610
benefiting	610
billet	610
biometrics	610
blanche	610
bonanza	610
bouncy	610
breaches	610
brightly	610
bromley	610
bureaus	610
buspar	610
calender	610
callahan	610
calypso	610
candida	610
catered	610
caviar	610
cba	610
cecilia	610
celery	610
chameleon	610
chandra	610
chaplain	610
cheesecake	610
chevron	610
cinematic	610
clarksville	610
claws	610
collin	610
combating	610
comfy	610
commuting	610
confetti	610
conquered	610
constipation	610
contraceptive	610
corolla	610
courageous	610
courteous	610
coverings	610
danced	610
dav	610
dbm	610
degeneration	610
deity	610
desy	610
dharma	610
dialect	610
disappearing	610
disparities	610
distro	610
drastic	610
dubious	610
ducati	610
dumfries	610
dur	610
ecb	610
ectaco	610
eczema	610
edp	610
emery	610
emit	610
enact	610
energizer	610
enewsletter	610
enforceable	610
ensembles	610
equinox	610
eradication	610
etienne	610
eudora	610
fanatic	610
fearful	610
fellowes	610
flamenco	610
flammable	610
flawless	610
flo	610
fragmented	610
fredericksburg	610
fv	610
galatians	610
gbr	610
gettext	610
grady	610
grammatical	610
grp	610
guantanamo	610
guarded	610
hairs	610
hammock	610
henti	610
herefordshire	610
hilo	610
hinder	610
hiphop	610
hooper	610
horizontally	610
hormonal	610
icu	610
idx	610
ifc	610
ikea	610
illus	610
impairments	610
inertia	610
insecurity	610
instituto	610
interrogation	610
intrigue	610
intruder	610
inxs	610
irda	610
irresistible	610
italics	610
italien	610
iterative	610
iva	610
jennie	610
jesolo	610
kama	610
kari	610
kato	610
keating	610
kelsey	610
kerberos	610
koi	610
koruna	610
libre	610
listens	610
longing	610
louie	610
lowry	610
lubrication	610
luciano	610
lumbar	610
maguire	610
maids	610
malik	610
mammal	610
mandolin	610
manly	610
marr	610
martian	610
mcdonalds	610
mckenna	610
misunderstanding	610
murderer	610
nashua	610
nds	610
necrosis	610
nestled	610
neue	610
neuron	610
nlm	610
nominating	610
northland	610
numb	610
numeracy	610
oats	610
occupies	610
offend	610
ofthe	610
optio	610
osprey	610
oswego	610
otago	610
oth	610
paddling	610
pantry	610
pave	610
pavel	610
pcp	610
pedagogy	610
peril	610
pickups	610
pilgrims	610
pings	610
plank	610
planters	610
platte	610
plume	610
popups	610
porting	610
potency	610
pov	610
predominant	610
presume	610
pretending	610
promos	610
pruning	610
pulsar	610
purifiers	610
quads	610
racine	610
raptors	610
receptions	610
reconcile	610
registries	610
reina	610
reinsurance	610
resultant	610
retina	610
retinal	610
reversing	610
revive	610
revoke	610
rho	610
rhonda	610
rink	610
roadster	610
rocco	610
rolf	610
sau	610
savoy	610
schoolgirls	610
scot	610
screenwriter	610
scs	610
severance	610
sheath	610
sheryl	610
shielded	610
shootout	610
shortened	610
sildenafil	610
slated	610
sleepwear	610
slightest	610
smoothing	610
softwares	610
solstice	610
somali	610
sparta	610
sponsorships	610
sqft	610
squaretrade	610
ssw	610
stratton	610
strut	610
sues	610
swiftly	610
swirl	610
sylvania	610
tame	610
teaser	610
telefon	610
tempting	610
tera	610
textrm	610
ting	610
transceiver	610
trustworthy	610
tshirts	610
twists	610
ugh	610
umass	610
uniformity	610
unrealistic	610
upton	610
vandalism	610
vcrs	610
veg	610
veggie	610
ven	610
vendio	610
vh	610
virgo	610
vnu	610
vogel	610
voyages	610
wagons	610
warhammer	610
wasnt	610
webserver	610
weil	610
wilt	610
wolff	610
wolfram	610
xlibmesa	610
zanzibar	610
abbreviated	609
absentee	609
accordion	609
admittedly	609
adoptive	609
advantageous	609
adwords	609
airs	609
airy	609
allotted	609
amadeus	609
ambiance	609
angst	609
asparagus	609
atrocities	609
attends	609
bakeries	609
bangle	609
barns	609
barracks	609
battered	609
battlestar	609
beachfront	609
behaviours	609
bertha	609
bespoke	609
boast	609
bog	609
bounced	609
brightest	609
brute	609
caleb	609
calligraphy	609
campo	609
canister	609
canning	609
carpenters	609
carpentry	609
cda	609
cem	609
charley	609
chez	609
christening	609
chun	609
clickable	609
clubbing	609
cmt	609
codex	609
communists	609
compartments	609
complexities	609
corollary	609
coronado	609
cosmology	609
covenants	609
cra	609
cradles	609
crashers	609
craven	609
criticize	609
crosswords	609
cutler	609
cyclists	609
damian	609
darryl	609
deregulation	609
despatch	609
dialer	609
dietrich	609
disseminated	609
distracted	609
distraction	609
disturb	609
divergence	609
dmr	609
doh	609
dole	609
dominates	609
donnie	609
downey	609
dreadful	609
drifting	609
drowned	609
dubois	609
duplicates	609
electorate	609
electricians	609
embarrassment	609
embed	609
emmy	609
encapsulation	609
envision	609
enzymology	609
escorted	609
exempted	609
exploding	609
facet	609
faceted	609
falun	609
fascinated	609
fdic	609
fearless	609
fey	609
filibuster	609
fitzpatrick	609
fmt	609
foi	609
fucker	609
fugitive	609
fullscreen	609
galapagos	609
gecko	609
geil	609
gents	609
gerhard	609
gertrude	609
getnetwise	609
gilles	609
giochi	609
glamorgan	609
godfrey	609
gromit	609
groupwise	609
gurus	609
gushing	609
hagen	609
haines	609
harnesses	609
hispanics	609
hobo	609
homage	609
hooters	609
hops	609
hospitalization	609
hst	609
humping	609
icd	609
iceberg	609
ici	609
illustrating	609
imax	609
immaculate	609
immunoglobulin	609
importation	609
inflicted	609
inquirer	609
integrative	609
interchangeable	609
intuit	609
iterations	609
jealousy	609
jericho	609
jetta	609
jodi	609
judas	609
kelowna	609
kidneys	609
kimberley	609
kitchenware	609
knitted	609
lagos	609
lans	609
lesbicas	609
levied	609
levitt	609
liturgy	609
livelihood	609
lizzie	609
loma	609
londonderry	609
lsb	609
mailings	609
maj	609
markedly	609
matchups	609
mellow	609
merrell	609
metaphysics	609
metz	609
microelectronics	609
mideast	609
miele	609
minerva	609
minimally	609
minimized	609
mismatch	609
monique	609
mooney	609
morley	609
morningstar	609
mss	609
mulder	609
multivariate	609
mustek	609
namespaces	609
narrowly	609
nativity	609
nexium	609
nicer	609
noodle	609
ntfs	609
nurturing	609
nys	609
observational	609
ono	609
opposes	609
ortiz	609
oshkosh	609
owes	609
oxides	609
palladium	609
paranoia	609
partnered	609
passwd	609
peat	609
perch	609
picker	609
planter	609
plumber	609
podium	609
polka	609
precip	609
predetermined	609
pref	609
privatisation	609
progresses	609
proprietor	609
pubchem	609
pur	609
qualifiers	609
quintet	609
raids	609
rampant	609
rankin	609
rapper	609
raul	609
recessed	609
reconstructed	609
redneck	609
reductase	609
reindeer	609
remstats	609
resent	609
respiration	609
retaliation	609
ritter	609
rivalry	609
rollins	609
rooney	609
rq	609
ruben	609
ruiz	609
saddles	609
sag	609
samsonite	609
sargent	609
scents	609
schwab	609
scotsman	609
scp	609
secluded	609
seeded	609
shaken	609
shan	609
shenandoah	609
shipper	609
shutterfly	609
silverstone	609
silvia	609
sito	609
skoda	609
sly	609
smokey	609
solos	609
spectators	609
spree	609
spyder	609
squeezed	609
staircase	609
starship	609
steinberg	609
stiffness	609
suitcase	609
sunk	609
superseded	609
surety	609
svs	609
sweetie	609
syntactic	609
synthesized	609
telechargement	609
telegram	609
terminates	609
thrifty	609
tighter	609
tofu	609
totaled	609
tranquil	609
trimester	609
tucked	609
tulane	609
turmoil	609
twat	609
ucc	609
uconn	609
unhcr	609
uniden	609
unigene	609
unitary	609
unjust	609
userid	609
usm	609
usp	609
vacuums	609
valle	609
vba	609
vd	609
verve	609
vj	609
warbler	609
wares	609
watersheds	609
waverly	609
webpreferences	609
wellesley	609
wick	609
wiper	609
workmanship	609
wrappers	609
wrinkles	609
wtc	609
xls	609
xpath	609
abduction	608
ach	608
advocated	608
aimee	608
aip	608
ait	608
alles	608
allotment	608
amenity	608
antelope	608
aortic	608
arcs	608
arrowhead	608
assembling	608
astral	608
atpase	608
ayes	608
balkan	608
baptized	608
barnard	608
bartender	608
betrayal	608
betrayed	608
binocular	608
birthdate	608
blackout	608
blurred	608
bois	608
bookcase	608
boon	608
bora	608
bratislava	608
buccaneers	608
buckles	608
budgeted	608
burmese	608
butch	608
calves	608
camille	608
capricorn	608
carly	608
castings	608
ceases	608
cellphones	608
chores	608
claimants	608
clarifying	608
clueless	608
collie	608
comparatively	608
composing	608
consignment	608
consolidating	608
cordoba	608
cordova	608
crafting	608
crave	608
csf	608
csp	608
cuisinart	608
davey	608
deacon	608
deans	608
defer	608
degli	608
desi	608
desmond	608
detectable	608
detergent	608
devotional	608
diaphragm	608
dipped	608
divides	608
donuts	608
dorsal	608
dosing	608
dpkg	608
drc	608
duality	608
dumps	608
eda	608
els	608
empress	608
enclose	608
enclosing	608
endemic	608
esperanto	608
estradiol	608
exaggerated	608
expelled	608
expulsion	608
farechase	608
ficken	608
flanders	608
flashback	608
flourish	608
focussed	608
folsom	608
fontana	608
fortified	608
fpic	608
freelancers	608
gathers	608
generalization	608
gettin	608
ginseng	608
givenchy	608
gmp	608
goldsmith	608
graf	608
grenade	608
grievances	608
hamper	608
handicrafts	608
hanes	608
hanks	608
hawking	608
healed	608
heed	608
hereditary	608
hin	608
hoa	608
huber	608
huddersfield	608
hutton	608
hydrologic	608
igg	608
inclination	608
inducing	608
inr	608
instincts	608
interacial	608
itching	608
ivillage	608
jag	608
jarrett	608
jeu	608
joyful	608
jurisdictional	608
kabul	608
kang	608
karin	608
keepsake	608
kidnapping	608
kites	608
knicks	608
konami	608
lacy	608
lair	608
lana	608
lancet	608
lawton	608
liars	608
lighters	608
lille	608
lipids	608
liv	608
lyn	608
maarten	608
maintainers	608
maneuver	608
mapa	608
martens	608
masquerade	608
mayfair	608
mcd	608
mcfarlane	608
mckinley	608
mcmillan	608
measles	608
mein	608
mercure	608
messing	608
minifig	608
misco	608
modalities	608
mowers	608
mth	608
multiplying	608
nautica	608
neoprene	608
nep	608
newsflash	608
newtown	608
nigga	608
normalization	608
noticias	608
occured	608
offeror	608
onward	608
orbits	608
pancakes	608
parallels	608
pawn	608
paycheck	608
pcc	608
pdc	608
pedestrians	608
pellets	608
perm	608
permeability	608
pha	608
pharaoh	608
photometry	608
pmi	608
policymakers	608
pooled	608
portman	608
profoundly	608
prototyping	608
questo	608
rackmount	608
radiotherapy	608
rar	608
reasoned	608
recombination	608
reconsideration	608
reimburse	608
remortgages	608
responders	608
ridder	608
ripple	608
romano	608
rosetta	608
rte	608
rupees	608
sabre	608
saith	608
salty	608
sams	608
scart	608
schaefer	608
seedlings	608
seinfeld	608
sensational	608
shen	608
sheppard	608
shu	608
shutting	608
sienna	608
silverman	608
sinners	608
skillet	608
slogans	608
smoother	608
smuggling	608
snippet	608
sod	608
sofitel	608
southport	608
spartans	608
specialise	608
spectrometry	608
spleen	608
sporty	608
spr	608
stabilize	608
stansted	608
starcraft	608
starred	608
stigma	608
stitched	608
strobe	608
structuring	608
subwoofers	608
sutter	608
sweeper	608
sweeps	608
taft	608
tcs	608
tdm	608
terence	608
terminus	608
thermo	608
tourney	608
transduction	608
transfusion	608
triggering	608
trusting	608
tumour	608
unep	608
upbeat	608
valor	608
vanished	608
vlc	608
waffle	608
walkthroughs	608
watford	608
waukesha	608
whence	608
withhold	608
witt	608
woodruff	608
wren	608
wsu	608
xj	608
yarns	608
yelled	608
zend	608
zeros	608
achilles	607
acidic	607
adjective	607
adore	607
adulthood	607
aga	607
anc	607
angling	607
arrears	607
artikel	607
asymptotic	607
atlases	607
attaches	607
attendants	607
audiovisual	607
avenged	607
ayp	607
bakeware	607
banco	607
banda	607
bavaria	607
bikers	607
bingham	607
bleu	607
bolivar	607
booming	607
booze	607
bounces	607
bpo	607
brampton	607
bubba	607
bukake	607
bulky	607
businessmen	607
caches	607
cadence	607
carmichael	607
caste	607
categorised	607
cdf	607
celtics	607
censored	607
certifying	607
chandeliers	607
cheddar	607
chilly	607
chs	607
cipher	607
cleans	607
cleanse	607
cleanser	607
closeup	607
codecs	607
colds	607
coo	607
corrugated	607
corset	607
cortical	607
cov	607
cramps	607
crore	607
csb	607
cta	607
cummins	607
cys	607
czk	607
daft	607
debadmin	607
defeating	607
deliverables	607
denominations	607
dependant	607
deserving	607
desnudos	607
desperation	607
deus	607
devastation	607
devine	607
diagnoses	607
diagnosing	607
diamondbacks	607
digger	607
digs	607
diplomats	607
dips	607
disciple	607
diss	607
distal	607
dmv	607
dnl	607
dob	607
doin	607
dunk	607
dvp	607
elegans	607
emanuel	607
enid	607
entertainer	607
ephedrine	607
eraser	607
espionage	607
estee	607
estes	607
eth	607
ethylene	607
everton	607
experiential	607
experimenting	607
exploratory	607
exponent	607
facade	607
fallon	607
fascination	607
fascism	607
fascist	607
felicity	607
fer	607
fil	607
flaps	607
fluke	607
forbid	607
fpga	607
fragrant	607
frankfort	607
frommer	607
frosted	607
futura	607
galerias	607
gangster	607
geothermal	607
glade	607
glaucoma	607
goofy	607
gopher	607
guilford	607
harcourt	607
harmonica	607
hdr	607
hearty	607
herbicide	607
hereunder	607
heroine	607
herrera	607
heterosexual	607
hinged	607
hodge	607
homosexuals	607
honoured	607
hosp	607
hotter	607
iea	607
incubator	607
indifferent	607
inet	607
infancy	607
ingestion	607
inhibits	607
inject	607
inset	607
instantaneous	607
insults	607
interrupts	607
irritating	607
isotope	607
itchy	607
jel	607
jiwire	607
jordanian	607
joss	607
jus	607
khi	607
kohl	607
leafstaff	607
lennox	607
lewiston	607
libra	607
licks	607
lido	607
lista	607
literate	607
locales	607
longview	607
lonsdale	607
lorazepam	607
lott	607
lures	607
manifested	607
mappings	607
marlene	607
matchbox	607
mcclellan	607
mcintyre	607
meier	607
mhc	607
mietwagen	607
mimic	607
mindset	607
moblog	607
monarchy	607
moneys	607
monograph	607
monumental	607
mq	607
mtu	607
mutt	607
nehemiah	607
neutrino	607
noch	607
nonprofits	607
norte	607
nzd	607
oatmeal	607
obligatory	607
odp	607
olaf	607
openers	607
operatives	607
opm	607
orwell	607
ouch	607
outsole	607
oversees	607
parlor	607
pathological	607
pendulum	607
photonics	607
physicist	607
pkgsrc	607
polynomials	607
preventative	607
progressing	607
prolog	607
psx	607
psyche	607
pups	607
ql	607
queenstown	607
raglan	607
rattle	607
rebirth	607
redeemed	607
regex	607
renewals	607
requiem	607
rhine	607
rhythmic	607
robbed	607
robins	607
rosters	607
rtl	607
rudolf	607
salford	607
sampson	607
scandals	607
schubert	607
screamed	607
serene	607
setter	607
shasta	607
shielding	607
shortfall	607
sighed	607
sil	607
slows	607
smd	607
snip	607
sono	607
soto	607
spectrometer	607
splendor	607
srv	607
starving	607
statystyki	607
stirred	607
stomp	607
stormy	607
stowe	607
stubborn	607
subj	607
subtype	607
tagalog	607
tartan	607
teflon	607
temperate	607
texmf	607
thelist	607
thermaltake	607
thessaloniki	607
thicker	607
thinner	607
ticks	607
tld	607
tmc	607
tore	607
toughest	607
traduzca	607
trimming	607
triton	607
trl	607
tsx	607
tucows	607
twisting	607
ultracet	607
unaffected	607
unhealthy	607
uniprot	607
velocities	607
venous	607
vide	607
vigil	607
vulgar	607
weeping	607
widen	607
winona	607
womb	607
wouldnt	607
wysiwyg	607
yachting	607
zar	607
abstinence	606
abyss	606
activator	606
agro	606
aia	606
alleging	606
allocating	606
altos	606
anchored	606
andres	606
anecdotes	606
angelica	606
anorexia	606
appended	606
arisen	606
arkon	606
artisans	606
asic	606
asl	606
aspiration	606
assimilation	606
attaining	606
attentive	606
autoimmune	606
avantgo	606
aviator	606
bahama	606
ballads	606
bangs	606
bashing	606
bassett	606
bastards	606
bic	606
ble	606
bobcats	606
bodied	606
boosters	606
bradshaw	606
braided	606
brunettes	606
bureaucratic	606
capillary	606
cascades	606
cassandra	606
catchy	606
cath	606
cathode	606
ccr	606
cec	606
cellulose	606
changeset	606
cheatscodesguides	606
cheeses	606
chicas	606
chong	606
citibank	606
civilized	606
clements	606
clientele	606
clipping	606
clk	606
clockwise	606
closings	606
coder	606
colder	606
commercialization	606
concorde	606
conducive	606
confectionery	606
conformation	606
consciously	606
consular	606
contestants	606
cooperatives	606
cours	606
cristina	606
cto	606
cyl	606
darkest	606
dax	606
denominator	606
designating	606
destin	606
devastated	606
digitized	606
distilled	606
dmca	606
dogsex	606
drown	606
druid	606
dudes	606
dunbar	606
dzwonki	606
eec	606
elise	606
empathy	606
emt	606
endo	606
enrolling	606
errno	606
esprit	606
eyewitness	606
familial	606
faye	606
femmes	606
flask	606
footprints	606
franks	606
freestanding	606
frisco	606
fruitful	606
gaia	606
gamermetrics	606
gaston	606
germain	606
gilt	606
gq	606
gratuito	606
greeley	606
gretchen	606
grupo	606
gusts	606
harpercollins	606
heartburn	606
hereof	606
heterogeneity	606
hippo	606
historia	606
hopping	606
hort	606
hostages	606
hotties	606
hts	606
hugely	606
hydrocarbon	606
ica	606
idl	606
idols	606
ihr	606
implicated	606
implying	606
incredibles	606
indemnify	606
inhabited	606
intensely	606
interfering	606
intimidation	606
irl	606
irresponsible	606
islamabad	606
islington	606
jovencitas	606
juveniles	606
kelvin	606
kline	606
knockout	606
krakow	606
laborers	606
lakeview	606
lanterns	606
lcds	606
ledge	606
lingvosoft	606
lobbyist	606
loneliness	606
loretta	606
lyrical	606
magistrates	606
makita	606
malachi	606
marched	606
marquee	606
marta	606
masterpieces	606
mathew	606
maytag	606
mdl	606
meridien	606
methamphetamine	606
mfa	606
microorganisms	606
mikhail	606
mitzvah	606
monographs	606
monsoon	606
motivating	606
motown	606
mulberry	606
murals	606
mythical	606
nag	606
napier	606
nectar	606
nests	606
newell	606
niece	606
nlp	606
norco	606
nra	606
nugget	606
obi	606
observable	606
offsite	606
omnibus	606
ortholog	606
ospf	606
outsider	606
overs	606
paladin	606
paralysis	606
peasants	606
platoon	606
pleas	606
pom	606
poodle	606
priscilla	606
procession	606
propelled	606
prosper	606
pryor	606
pulley	606
pvp	606
quizilla	606
raceway	606
radon	606
ramos	606
realaudio	606
reckon	606
registrars	606
regrets	606
relentless	606
reminding	606
replicated	606
resilience	606
resilient	606
rewriting	606
ribbed	606
ris	606
roget	606
rosario	606
rosary	606
rotated	606
rupture	606
satisfactorily	606
sato	606
scotty	606
scully	606
secondhand	606
sequoia	606
seriousness	606
seton	606
sevilla	606
shutters	606
sidekick	606
sighted	606
sinful	606
sitter	606
slammed	606
sleeved	606
smt	606
softer	606
sopranos	606
spartanburg	606
spiritually	606
stables	606
stefano	606
stimulates	606
stricken	606
strife	606
strlen	606
subgroups	606
supremacy	606
swahili	606
swarm	606
symbolism	606
synaptic	606
synonymous	606
tarzan	606
tasmanian	606
taxa	606
tcb	606
technica	606
tenancy	606
terrell	606
texttt	606
thermodynamics	606
thinker	606
ticketing	606
tig	606
timelines	606
timetables	606
trad	606
treason	606
trung	606
tulips	606
tunneling	606
twister	606
uncontrolled	606
unhelpful	606
unrest	606
untold	606
vers	606
vigorously	606
visio	606
watercraft	606
whispers	606
whitehall	606
winthrop	606
wooded	606
workplaces	606
wunder	606
xo	606
xviii	606
yc	606
yong	606
zappa	606
abolition	605
aches	605
achievable	605
addictions	605
adjudication	605
ahmedabad	605
akai	605
aldrich	605
algarve	605
alum	605
andrei	605
appointing	605
archipelago	605
argent	605
arse	605
assent	605
assignee	605
asteroid	605
asx	605
ation	605
autoconf	605
awd	605
barclay	605
barnet	605
barren	605
behaved	605
benzene	605
bibliographies	605
bilbao	605
bla	605
blot	605
bonnet	605
boomers	605
bowers	605
bradenton	605
breezy	605
cana	605
capitalize	605
caribou	605
castillo	605
cataloging	605
cheesy	605
cheetah	605
chime	605
chobe	605
chomsky	605
cic	605
claudio	605
cloths	605
clowns	605
coasts	605
coax	605
cocoon	605
colocation	605
commentator	605
competed	605
comrades	605
conceal	605
concur	605
condensation	605
conductive	605
congratulate	605
connelly	605
conner	605
constance	605
constel	605
conv	605
conveyance	605
convoy	605
corbett	605
cou	605
coz	605
cpanel	605
craftsmanship	605
criminology	605
crocker	605
csd	605
cultivate	605
cupboard	605
curr	605
currie	605
cwa	605
czechoslovakia	605
dang	605
danmark	605
dbs	605
deceptive	605
deletes	605
delinquency	605
denali	605
depended	605
dhabi	605
dialogues	605
dictatorship	605
dla	605
donegal	605
doth	605
douglass	605
dup	605
echostar	605
elan	605
electrolux	605
electrostatic	605
elephantlist	605
embargo	605
emitting	605
endings	605
entitlements	605
epidemiological	605
escalation	605
espana	605
ewan	605
excelsior	605
exert	605
exhaustion	605
expansive	605
farsi	605
fec	605
fingerprints	605
flashcards	605
flowed	605
fnal	605
foes	605
footing	605
foresight	605
forging	605
frantic	605
frazier	605
freshmeat	605
fridges	605
frm	605
fsc	605
fsu	605
gardiner	605
genera	605
gladys	605
glamorous	605
gli	605
grail	605
greenspan	605
grossman	605
gti	605
hammers	605
hangover	605
harmed	605
hatchery	605
hdl	605
healey	605
hemingway	605
histoire	605
hobbynutten	605
hollis	605
homologene	605
horne	605
hospitalized	605
hotbot	605
hove	605
hui	605
idioms	605
imam	605
influx	605
ingrid	605
inhibitory	605
interacts	605
interception	605
interleukin	605
ittoolbox	605
jabra	605
javadoc	605
jeanette	605
judgements	605
judo	605
kenmore	605
kip	605
kitchener	605
kroner	605
lanier	605
lapel	605
lavoro	605
ldp	605
leaked	605
lees	605
legislator	605
lep	605
litchfield	605
lombard	605
longman	605
ltc	605
madeline	605
manny	605
manu	605
mari	605
matador	605
mcdermott	605
mcp	605
medic	605
meetups	605
meningitis	605
merced	605
mesquite	605
microarray	605
microscopes	605
mildly	605
milne	605
milo	605
mischief	605
mizuno	605
motivations	605
motocross	605
msr	605
mundane	605
mwf	605
nac	605
nailed	605
neff	605
nostalgic	605
notifying	605
opc	605
opml	605
orc	605
osteoarthritis	605
overseeing	605
oversize	605
padre	605
palmetto	605
paternity	605
patterned	605
pecan	605
peep	605
peppermint	605
permittee	605
pew	605
philippians	605
phonics	605
pisces	605
plead	605
plow	605
poisonous	605
polymorphism	605
primera	605
promenade	605
pyle	605
pyramids	605
pz	605
qmail	605
qual	605
qualcomm	605
quattro	605
rasmussen	605
reagent	605
reb	605
rees	605
refs	605
remit	605
remnants	605
rendition	605
rial	605
rift	605
rin	605
rios	605
roundabout	605
sami	605
sanskrit	605
saviour	605
scrubbed	605
seine	605
semitism	605
sentimental	605
seuss	605
sevenfold	605
sewn	605
shading	605
sheen	605
sia	605
sled	605
sligo	605
smh	605
smut	605
snowboards	605
sooo	605
sourcebook	605
soybeans	605
sparked	605
specter	605
spence	605
starvation	605
stc	605
strengthens	605
stumble	605
syd	605
tabled	605
tafe	605
tailgate	605
talkin	605
taxonomic	605
telco	605
tesla	605
thaliana	605
tinted	605
tod	605
topological	605
topper	605
tortoise	605
torvalds	605
tshirt	605
ttc	605
turk	605
unborn	605
undertakings	605
undertook	605
unk	605
unleaded	605
unlisted	605
unplugged	605
unsuitable	605
valance	605
vanishing	605
venezia	605
voltages	605
vow	605
waitress	605
warts	605
wedgwood	605
wendell	605
westinghouse	605
westlake	605
whitaker	605
wingate	605
woodbury	605
yamamoto	605
yokohama	605
youngs	605
yun	605
zachary	605
zhu	605
zr	605
zulu	605
accompanies	604
actuator	604
addicting	604
admiralty	604
adversary	604
ahh	604
ain	604
akg	604
alleges	604
amigo	604
anastasia	604
antimicrobial	604
antiquity	604
arbitrarily	604
archivist	604
arrogance	604
artemis	604
astronauts	604
attackers	604
bakers	604
battlefront	604
bedside	604
behringer	604
bergman	604
berkley	604
biologist	604
blaming	604
bleak	604
blondie	604
bootleg	604
bourgeois	604
boyer	604
bret	604
bridesmaid	604
brits	604
bsn	604
bumpers	604
burrows	604
caddy	604
cadets	604
canaan	604
careless	604
cbi	604
celeste	604
cesar	604
cfc	604
chemists	604
chichester	604
chopin	604
christophe	604
clooney	604
cnr	604
cobol	604
coby	604
colgate	604
colossians	604
communicates	604
copa	604
corded	604
couldnt	604
councilman	604
cropping	604
damping	604
dandy	604
dekalb	604
delegations	604
deployments	604
desnudas	604
dhl	604
dimlist	604
diplomas	604
dipping	604
discerning	604
diversions	604
diverted	604
doesn	604
dolores	604
domaine	604
dominating	604
dressings	604
drudge	604
drwxr	604
drywall	604
elsa	604
embark	604
enchanting	604
endured	604
ensuite	604
eruption	604
esoteric	604
explorations	604
expressway	604
facilitators	604
factsheet	604
fad	604
fansite	604
fermentation	604
fieldwork	604
fips	604
fishers	604
follando	604
foreseeable	604
forgiven	604
fruity	604
furnaces	604
fz	604
gallerys	604
gallup	604
gentry	604
geotrack	604
gerd	604
germantown	604
glacial	604
gmac	604
gosh	604
granger	604
granular	604
graphically	604
grassland	604
gtp	604
guadalupe	604
guaranty	604
guerra	604
hauling	604
hcv	604
healy	604
heats	604
heb	604
heirloom	604
hematology	604
heuristic	604
homolog	604
hsa	604
hsc	604
hurd	604
ibanez	604
ihre	604
imation	604
immunol	604
inca	604
incompetent	604
inconsistencies	604
indebtedness	604
infer	604
instr	604
insurgency	604
inte	604
intellectuals	604
invoking	604
isu	604
iw	604
jana	604
jeffery	604
johanna	604
joiner	604
juggling	604
julien	604
kayaks	604
kenyan	604
kidd	604
kolkata	604
lads	604
lancer	604
lander	604
landings	604
lausanne	604
leftist	604
legality	604
lessen	604
limoges	604
lindholm	604
livingstone	604
lobe	604
lockers	604
lookups	604
lousy	604
lucid	604
lumix	604
luxe	604
luz	604
manned	604
martindale	604
marxist	604
marys	604
mays	604
mccullough	604
mcnamara	604
mdc	604
messengers	604
methanol	604
mica	604
microfiber	604
midlothian	604
minis	604
miscellany	604
mollige	604
motherhood	604
motorbike	604
moulin	604
muffin	604
mysticism	604
naperville	604
napkins	604
narcotic	604
newmarket	604
niles	604
noticing	604
nutritionists	604
oboe	604
occupant	604
olde	604
oop	604
oppressed	604
oswald	604
ott	604
oxidative	604
paine	604
pamphlets	604
partridge	604
pears	604
perceptual	604
pero	604
pfam	604
pharm	604
pinto	604
pleasantly	604
plextor	604
pliers	604
plutonium	604
porte	604
portray	604
powdered	604
preached	604
predecessors	604
prevailed	604
procure	604
prosecute	604
pulitzer	604
quaint	604
rambler	604
rambling	604
refurbishment	604
regan	604
regulars	604
reinstall	604
resistors	604
reston	604
revere	604
rhs	604
risc	604
robson	604
rvs	604
saliva	604
scala	604
scramble	604
seductive	604
selma	604
sergei	604
sftp	604
shameless	604
shiva	604
shredded	604
simplifying	604
slowdown	604
solemn	604
sorcerer	604
squarepants	604
stearns	604
steelhead	604
stillwater	604
stm	604
stratus	604
subsurface	604
summed	604
sumo	604
sunsets	604
suzy	604
swaps	604
synod	604
syringe	604
tapered	604
tdi	604
techweb	604
tektronix	604
tequila	604
thatcher	604
tif	604
toners	604
toothbrush	604
topsites	604
torches	604
torre	604
tramp	604
transistors	604
troopers	604
tsa	604
tse	604
ttm	604
turntables	604
tzu	604
unbranded	604
unloading	604
upfront	604
urea	604
usn	604
valparaiso	604
valtrex	604
viejo	604
villanova	604
webstatistics	604
wedges	604
weller	604
wenn	604
wexford	604
whitespace	604
wildcard	604
wildfire	604
wildwood	604
winfield	604
winslow	604
worldly	604
wwwroot	604
wynn	604
yeh	604
zeal	604
zee	604
zippo	604
zlib	604
absences	603
ache	603
acyclovir	603
adbrite	603
admissible	603
airbag	603
alcoholics	603
alejandro	603
alfalfa	603
anarchist	603
andes	603
anu	603
argyll	603
armagh	603
ase	603
asme	603
backlog	603
bah	603
bayside	603
benoit	603
bhp	603
biologists	603
biophys	603
birthstone	603
bizwomen	603
bjc	603
bolster	603
bong	603
borderline	603
borg	603
braxton	603
bursting	603
butthole	603
bylaw	603
cai	603
calming	603
campfire	603
camry	603
capacitance	603
cardbus	603
categorical	603
catholicism	603
cea	603
ceremonial	603
cfm	603
chainsaw	603
chippewa	603
citigroup	603
ciudad	603
cleopatra	603
climbs	603
cline	603
cog	603
commend	603
compounded	603
constituencies	603
contender	603
conveys	603
corfu	603
corgi	603
correlate	603
cosmo	603
cottonwood	603
counterfeit	603
cout	603
coyotes	603
cromwell	603
crook	603
crooks	603
ctw	603
cupid	603
cushing	603
custer	603
cytoplasmic	603
darcy	603
davison	603
debuts	603
deletions	603
deliberations	603
demolished	603
dents	603
descend	603
devin	603
diaspora	603
diskette	603
disparity	603
dissertations	603
dives	603
doa	603
drummond	603
drury	603
dti	603
duval	603
dykes	603
earle	603
eet	603
eldest	603
ellie	603
ellsworth	603
emil	603
ensuing	603
entrusted	603
envisaged	603
epiphany	603
esi	603
essen	603
exilim	603
expansions	603
expedite	603
fertilization	603
fillmore	603
filmmaking	603
flakes	603
fol	603
fourteenth	603
freshness	603
funnel	603
gaa	603
galvanized	603
gaskets	603
gasp	603
gatlinburg	603
gayle	603
gearbox	603
gent	603
glitch	603
globals	603
glutamate	603
glutamine	603
gms	603
goodnight	603
graphing	603
grayson	603
greenhouses	603
halen	603
halliburton	603
halves	603
hap	603
harlow	603
haste	603
hci	603
hedges	603
hempstead	603
herbicides	603
highlander	603
hind	603
hippie	603
hodgkin	603
homewood	603
hosea	603
hoy	603
hubby	603
hummel	603
igp	603
immensely	603
immoral	603
improv	603
inadvertently	603
incarnation	603
indifference	603
inductive	603
inflated	603
inscribed	603
instapundit	603
intending	603
intercom	603
internationale	603
invading	603
iter	603
jakob	603
jap	603
jayne	603
joachim	603
joking	603
josie	603
jy	603
kenyon	603
knapp	603
kpmg	603
krystal	603
kuhn	603
lal	603
lanarkshire	603
lar	603
lathe	603
laughlin	603
leaps	603
lemonade	603
lends	603
levers	603
lingual	603
linkout	603
livechat	603
lobbyists	603
loot	603
lutz	603
lyman	603
mak	603
malice	603
malkin	603
marbles	603
maxon	603
mckee	603
mcmaster	603
mcphee	603
mcrae	603
melancholy	603
melton	603
mikey	603
mildred	603
mitigating	603
moons	603
moratorium	603
morrissey	603
moulding	603
mujer	603
newsquest	603
nietzsche	603
nonstop	603
notfound	603
observance	603
oneworld	603
organizes	603
orkney	603
oscillations	603
osg	603
outskirts	603
overwrite	603
painfully	603
pathogen	603
patsy	603
pdr	603
perks	603
persists	603
petri	603
pharmacol	603
pho	603
photoblog	603
piers	603
pittsburg	603
plainfield	603
pny	603
poc	603
pooling	603
postmodern	603
primitives	603
programa	603
propeller	603
prospecting	603
psychosocial	603
punched	603
punto	603
putty	603
puzzled	603
qaida	603
quilted	603
racquet	603
rancid	603
reacted	603
realtone	603
rearing	603
relapse	603
remnant	603
renaming	603
republication	603
resonant	603
revitalization	603
revived	603
rocked	603
rz	603
sacrificed	603
safes	603
sant	603
sct	603
seasonally	603
sedo	603
sfo	603
shabby	603
shox	603
slutty	603
solarium	603
solicitations	603
sonnet	603
southland	603
sphinx	603
spie	603
spiegel	603
splice	603
splicing	603
spotlights	603
sprintf	603
sprung	603
squire	603
stale	603
stalking	603
stang	603
startling	603
steakhouse	603
strained	603
stubs	603
sturgeon	603
sua	603
submerged	603
summertime	603
sunless	603
surgeries	603
survives	603
swans	603
swe	603
sweating	603
sweetness	603
sweetwater	603
swimmers	603
syllable	603
tablature	603
tbs	603
teapot	603
telephoto	603
tensile	603
terrifying	603
thema	603
thermometers	603
thinkcentre	603
thirsty	603
tins	603
tint	603
tmdl	603
tories	603
townhomes	603
trafalgar	603
trident	603
trims	603
typos	603
ubs	603
uci	603
unaudited	603
unclaimed	603
undecided	603
underscore	603
unequal	603
unexplained	603
unframed	603
uprising	603
usf	603
usgenweb	603
ust	603
varchar	603
veneto	603
vero	603
vhosts	603
vibes	603
viewfinder	603
virgil	603
vom	603
walled	603
waller	603
wavelengths	603
weaken	603
wird	603
wwi	603
xix	603
xlr	603
xorg	603
yoke	603
zagreb	603
zap	603
zhao	603
zionist	603
aap	602
abruptly	602
acacia	602
accesskey	602
accuse	602
adaptable	602
adf	602
agribusiness	602
airflow	602
aiwa	602
alerting	602
anodized	602
anthems	602
appellants	602
atrial	602
aubrey	602
ayurveda	602
aziz	602
azure	602
babel	602
bain	602
bariatric	602
barracuda	602
barrymore	602
beading	602
beetles	602
bereavement	602
berth	602
bestand	602
bitte	602
blob	602
bluffs	602
botox	602
bozeman	602
breathable	602
brood	602
budding	602
burnaby	602
calais	602
caspian	602
cataract	602
cee	602
celsius	602
centerpiece	602
chalmers	602
chaplin	602
cheaptickets	602
cherish	602
cheung	602
chmod	602
cleo	602
clits	602
clustered	602
coauthor	602
commenter	602
commun	602
compel	602
complication	602
compromising	602
congresses	602
contemplating	602
contradictions	602
converged	602
councilmember	602
crabs	602
critters	602
crotch	602
csm	602
cuckoo	602
cybershot	602
cygnus	602
dangling	602
ddd	602
deph	602
depiction	602
descarga	602
devry	602
dfw	602
dickies	602
dieter	602
differed	602
diminishing	602
diodes	602
dipole	602
divas	602
doggy	602
donnelly	602
doorstep	602
drawback	602
einer	602
ela	602
electrically	602
embraces	602
emulate	602
encyclopaedia	602
endl	602
endorses	602
equalizer	602
erasmus	602
errata	602
expos	602
exxon	602
eyebrows	602
fait	602
fang	602
farber	602
festivities	602
flavours	602
fleur	602
flicks	602
folic	602
foyer	602
frying	602
fundamentalist	602
gael	602
giga	602
gilman	602
glanced	602
gliding	602
goblin	602
gonzo	602
grizzlies	602
gustav	602
hackney	602
halted	602
hardwear	602
harlequin	602
harrogate	602
hebron	602
helmut	602
hermitage	602
hesitation	602
histology	602
hitchhiker	602
honeymooners	602
hostess	602
howie	602
hunted	602
hurdle	602
iam	602
ical	602
ifn	602
impair	602
impala	602
imprinted	602
initiates	602
innate	602
insofar	602
inspires	602
insulting	602
interconnected	602
interplay	602
intrepid	602
ipa	602
jax	602
jdk	602
jodie	602
johnstown	602
jpl	602
kant	602
karlsruhe	602
kata	602
keyring	602
klamath	602
kurds	602
lager	602
lancia	602
landscaped	602
leopold	602
leveling	602
lew	602
lexis	602
lhc	602
lilo	602
lingo	602
lint	602
liza	602
lotteries	602
ludlow	602
lula	602
lynda	602
macleod	602
maher	602
mainline	602
majorca	602
mation	602
medallion	602
meditations	602
metastatic	602
methadone	602
midday	602
migrated	602
monterrey	602
mosquitoes	602
mplayer	602
murano	602
muy	602
nadia	602
nazareth	602
negligent	602
netting	602
nge	602
nocturnal	602
norbert	602
norge	602
nothin	602
nucl	602
nueva	602
offsets	602
okidata	602
ong	602
oper	602
ophthalmic	602
optima	602
optimised	602
outings	602
overwhelmingly	602
oxfam	602
palaces	602
parrish	602
parrots	602
pathogenesis	602
perf	602
philosophies	602
photons	602
piggy	602
pixie	602
platt	602
playable	602
posse	602
practising	602
prefixes	602
primate	602
produits	602
programmatic	602
projecting	602
prominence	602
prominently	602
prong	602
proofing	602
pto	602
pundits	602
purcell	602
pwd	602
racquetball	602
rahman	602
rapture	602
ratchet	602
reacts	602
realestate	602
recalling	602
recognizable	602
reinstatement	602
resemblance	602
revisit	602
rhetorical	602
ridley	602
roam	602
robustness	602
saba	602
saber	602
sabine	602
sainte	602
seward	602
shepherds	602
silt	602
simmer	602
smallpox	602
smileys	602
smyrna	602
sniff	602
sop	602
sprague	602
stadiums	602
starlight	602
stn	602
stun	602
subsystems	602
subtraction	602
sunbeam	602
sunos	602
superstars	602
surrendered	602
surrogate	602
susanna	602
svcs	602
tallinn	602
tangled	602
teammates	602
terrified	602
thankyou	602
thur	602
tiered	602
toto	602
tranquility	602
transactional	602
trenches	602
trey	602
trs	602
tryin	602
tunning	602
tuscan	602
unattached	602
undead	602
uninterrupted	602
unreleased	602
unset	602
unwind	602
usergroups	602
uz	602
validator	602
vallejo	602
vax	602
vbscript	602
vehicular	602
vert	602
vidal	602
virology	602
walsall	602
waterway	602
wavelet	602
waxing	602
weep	602
weldon	602
westward	602
whitepaper	602
whiting	602
wicca	602
willingly	602
woe	602
workbench	602
yak	602
yee	602
yl	602
yuri	602
yz	602
zipped	602
abacus	601
aber	601
adenosine	601
adriana	601
affirmation	601
agence	601
aire	601
almonds	601
amoxicillin	601
angled	601
angler	601
apec	601
apostolic	601
aptitude	601
astounding	601
astronomers	601
atheism	601
augment	601
auspices	601
automating	601
backdoor	601
backlash	601
bale	601
barclays	601
basingstoke	601
biblio	601
birt	601
blatant	601
blister	601
blueprints	601
brookline	601
bryn	601
bumped	601
campsite	601
canciones	601
carthage	601
cate	601
caterer	601
caucasus	601
cellars	601
centenary	601
centerville	601
chao	601
cicero	601
cob	601
coles	601
combinatorial	601
comin	601
complemented	601
conduction	601
conjugate	601
conservatism	601
corbin	601
coronation	601
cosy	601
countess	601
crafty	601
crawler	601
cripple	601
cropped	601
cursors	601
dao	601
darlene	601
dateline	601
dca	601
dermatitis	601
deserts	601
dictated	601
dissenting	601
dissipation	601
divert	601
dogma	601
dogpile	601
doha	601
dossier	601
drexel	601
dropdown	601
dropout	601
ebsco	601
ebuyer	601
ecclesiastes	601
ecg	601
eid	601
elektra	601
endnote	601
enormously	601
entail	601
entrez	601
envisioned	601
equator	601
ere	601
ergo	601
erich	601
erm	601
eucalyptus	601
evils	601
extrem	601
fallujah	601
farley	601
fart	601
favoured	601
fearing	601
fecal	601
fel	601
fen	601
finders	601
finley	601
fiori	601
fishnet	601
flares	601
floss	601
fluxes	601
formulae	601
fortuna	601
fraunhofer	601
frontage	601
fundraisers	601
funerals	601
galley	601
gallo	601
gelatin	601
glastonbury	601
gorman	601
grabber	601
graz	601
gripping	601
groupings	601
gto	601
guilds	601
guile	601
gust	601
hammered	601
haus	601
hayek	601
hazzard	601
healthday	601
henson	601
hinton	601
horrific	601
huff	601
humid	601
huntingdon	601
inconsistency	601
intervening	601
irix	601
isabelle	601
isotopes	601
jazeera	601
jcpenney	601
jimmie	601
jocks	601
jonny	601
jrst	601
kam	601
kanji	601
katalog	601
keel	601
kettering	601
kjv	601
kombat	601
lacquer	601
lbp	601
leighton	601
leland	601
lifeline	601
limos	601
llama	601
lockhart	601
lockout	601
lofty	601
longhorns	601
lpg	601
lua	601
lyndon	601
marketer	601
mashed	601
mcl	601
melee	601
melons	601
mems	601
mendoza	601
merton	601
mics	601
midterm	601
midwifery	601
milking	601
milliseconds	601
mined	601
moan	601
montague	601
montpelier	601
moron	601
nagoya	601
naturalization	601
nellie	601
neurosci	601
newsstand	601
nighttime	601
nts	601
ntt	601
objected	601
opacity	601
opec	601
opti	601
orch	601
outages	601
oxidase	601
oysters	601
pacers	601
pacing	601
parton	601
pastures	601
pedagogical	601
peridot	601
peroxide	601
perturbation	601
phnom	601
playwright	601
ple	601
pleading	601
poa	601
pornos	601
portrayal	601
praxis	601
pregnancies	601
prem	601
primates	601
priori	601
prnewswire	601
proclaim	601
produc	601
prompting	601
proximal	601
psion	601
puberty	601
punjabi	601
pws	601
qm	601
qp	601
questa	601
qvc	601
qw	601
radcliffe	601
raman	601
ration	601
ravi	601
rbc	601
receptacle	601
recreate	601
redefine	601
reeds	601
reluctance	601
remission	601
rensselaer	601
resend	601
reuben	601
rfi	601
richly	601
ridges	601
rmi	601
rochdale	601
roxio	601
ruthless	601
sabotage	601
salvatore	601
sank	601
sarge	601
scribe	601
seer	601
selves	601
sempron	601
seniority	601
sfc	601
sharpening	601
shawl	601
shedding	601
shes	601
shorten	601
shovel	601
siberia	601
sinner	601
skechers	601
sleigh	601
smackdown	601
smog	601
snowfall	601
songwriting	601
sores	601
spontaneously	601
sprite	601
sss	601
stdout	601
sthn	601
suitably	601
summoned	601
suppressor	601
swatch	601
tainted	601
tangerine	601
tbc	601
tcc	601
telugu	601
thanh	601
therefor	601
thrills	601
titty	601
tnf	601
torquay	601
tottenham	601
townhouses	601
townsville	601
treble	601
troubling	601
turing	601
tutti	601
ucl	601
unassigned	601
unattended	601
unavoidable	601
unfold	601
unfolding	601
unintended	601
unzip	601
userland	601
vaguely	601
validating	601
veggies	601
vial	601
vod	601
vorbis	601
vowel	601
wandered	601
warhol	601
webtrends	601
westcott	601
whispering	601
wilbur	601
winch	601
yam	601
zechariah	601
zs	601
abbot	600
abd	600
abusing	600
accented	600
accrual	600
administers	600
aiding	600
amateure	600
amir	600
amo	600
anglais	600
antics	600
antidepressants	600
appetizer	600
appraised	600
archiv	600
ard	600
arson	600
assaults	600
attest	600
atwood	600
automata	600
avenir	600
badgers	600
bahia	600
bangles	600
barbarian	600
bassist	600
baum	600
bebop	600
bedrock	600
bends	600
berwick	600
bia	600
biomed	600
blum	600
bnib	600
botanic	600
bronco	600
burroughs	600
canoes	600
canucks	600
cappuccino	600
capt	600
catalysts	600
caveat	600
cay	600
cdl	600
charisma	600
chased	600
chet	600
chilli	600
chino	600
chp	600
clio	600
comforting	600
concerted	600
conspicuous	600
constructors	600
consul	600
consumable	600
contagious	600
corso	600
crawley	600
creatively	600
cree	600
creeping	600
cricos	600
crockett	600
crouch	600
cti	600
cuisines	600
dakar	600
dangle	600
datetime	600
dazzle	600
decentralized	600
dedicate	600
degrading	600
depressive	600
dewitt	600
deze	600
dhaka	600
disbursement	600
distinguishes	600
dnf	600
doj	600
dongle	600
dormant	600
draining	600
dspace	600
ealing	600
eaters	600
ecran	600
ects	600
ecumenical	600
egan	600
elmira	600
embarked	600
emile	600
emulators	600
entomology	600
euclid	600
evacuated	600
exceedingly	600
executions	600
ezboard	600
falsely	600
ferc	600
ferrous	600
fireman	600
flops	600
fodder	600
fonda	600
footed	600
forklift	600
formative	600
formulating	600
forster	600
freaking	600
functionally	600
gaines	600
gangbangs	600
gar	600
garter	600
ginny	600
goshen	600
gradients	600
grimes	600
gritty	600
groff	600
gtr	600
guarding	600
hailed	600
hammersmith	600
hannibal	600
hirsch	600
hounds	600
hsu	600
iac	600
impetus	600
inaccessible	600
inauguration	600
inbred	600
industrialized	600
initiator	600
inquired	600
interactivity	600
intercultural	600
interfaith	600
intermediaries	600
internacional	600
intrusive	600
invicta	600
ioc	600
ipm	600
ipx	600
jama	600
jog	600
karat	600
kerosene	600
keychains	600
kinh	600
knoppix	600
krause	600
kunst	600
kwan	600
lagrange	600
lahore	600
lamentations	600
layton	600
lenin	600
libros	600
lice	600
llvm	600
lms	600
logcheck	600
lok	600
lsi	600
ltr	600
lucille	600
luminosity	600
lynchburg	600
maclean	600
magma	600
mainboard	600
malfunction	600
malnutrition	600
maniac	600
marsha	600
matilda	600
merle	600
midwestern	600
miers	600
mink	600
miraculous	600
modis	600
modulus	600
moh	600
montessori	600
moodle	600
multipart	600
murine	600
musk	600
nagar	600
napkin	600
nell	600
nfpa	600
northwood	600
nss	600
oakville	600
officio	600
orthopedics	600
oscillation	600
ovary	600
overriding	600
ozark	600
paradigms	600
parasitic	600
parkland	600
paroles	600
patronage	600
payers	600
pcbs	600
peacefully	600
peeled	600
pel	600
pence	600
perpetrators	600
pfeiffer	600
physicists	600
placid	600
plagued	600
pobox	600
poi	600
posh	600
prefecture	600
punching	600
putter	600
quickest	600
rabies	600
racket	600
rags	600
readability	600
reborn	600
receptive	600
reclaimed	600
recognising	600
rect	600
recursion	600
reforming	600
refreshed	600
refrigerated	600
renewing	600
repentance	600
repurchase	600
restorative	600
restrained	600
retrieves	600
retrospect	600
ritalin	600
rnd	600
rodent	600
rotations	600
rune	600
samaritan	600
savory	600
sdi	600
sebring	600
seeding	600
sensibility	600
sentry	600
sickle	600
simulators	600
skateboards	600
skaters	600
skim	600
smashed	600
smi	600
smithfield	600
soaking	600
stabilizer	600
stature	600
stereos	600
streamlining	600
submittal	600
suckers	600
sunscreen	600
suspensions	600
swallows	600
tabular	600
tanaka	600
tanf	600
tapestries	600
tei	600
telemetry	600
thunderstorm	600
thyme	600
tightening	600
toefl	600
toiletries	600
tolls	600
touche	600
trainings	600
transatlantic	600
treadmills	600
tremendously	600
tropics	600
ulysses	600
unison	600
unprotected	600
untouched	600
uwe	600
veal	600
vices	600
vickers	600
violently	600
vnc	600
vulcan	600
wachovia	600
weblinks	600
welt	600
werewolf	600
whining	600
whittier	600
wilshire	600
windmill	600
winn	600
wnw	600
wordsworth	600
wrongly	600
wsw	600
xvii	600
zeiss	600
zillion	600
zines	600
zorro	600
acd	599
adoptions	599
adress	599
adultery	599
aeronautical	599
agar	599
agc	599
aig	599
airbrush	599
albright	599
alder	599
alfredo	599
algebras	599
alleles	599
alp	599
amphibians	599
ance	599
angina	599
announcer	599
anticipating	599
antiquities	599
aquariums	599
arginine	599
arundel	599
associative	599
asymmetry	599
audiobook	599
avengers	599
awning	599
azimuth	599
balboa	599
barbour	599
barnsley	599
beaverton	599
belinda	599
biases	599
blinded	599
blockade	599
bonner	599
boosted	599
boucher	599
braid	599
brilliantly	599
britt	599
broome	599
brownie	599
buoy	599
burglar	599
californian	599
candidacy	599
carlyle	599
castor	599
cayenne	599
cdg	599
cfd	599
chadwick	599
chariot	599
charismatic	599
chimp	599
chipping	599
chiropractors	599
choking	599
circulate	599
clemente	599
cleric	599
cmg	599
cmo	599
collide	599
comms	599
compensatory	599
computes	599
conclusive	599
congregational	599
contactos	599
coolant	599
cortez	599
coupler	599
couplings	599
cunning	599
cyclobenzaprine	599
daimler	599
dani	599
defeats	599
deja	599
deuce	599
dictates	599
dill	599
disbursements	599
disclosing	599
disgrace	599
divider	599
drawbacks	599
dung	599
dunham	599
dvm	599
dwg	599
echoed	599
edo	599
eigenvalues	599
eighties	599
elisha	599
encapsulated	599
endpoints	599
ensign	599
equiv	599
erased	599
esri	599
ests	599
everglades	599
evoked	599
exhibitionism	599
faiths	599
firenze	599
fis	599
fists	599
flashcoders	599
forester	599
freehold	599
freeing	599
frontend	599
frye	599
fuses	599
gaim	599
gard	599
gardenjewelrykids	599
gazing	599
gearing	599
geeky	599
geelong	599
geraldine	599
giftshealth	599
giraffe	599
girard	599
glued	599
glutathione	599
gmat	599
grained	599
groupe	599
guadalajara	599
hackett	599
halftime	599
hamiltonian	599
handwritten	599
hanford	599
haunt	599
healer	599
hedging	599
hemorrhage	599
hepa	599
heres	599
hillsdale	599
hive	599
hoes	599
hutchison	599
hydraulics	599
hypnotic	599
impacting	599
impl	599
individuality	599
inhaled	599
injector	599
insulating	599
ionization	599
irritable	599
itanium	599
itat	599
itch	599
jai	599
jak	599
jansen	599
jeezy	599
jos	599
kali	599
keine	599
kessler	599
kilkenny	599
korg	599
lamont	599
lark	599
lasalle	599
launceston	599
lawns	599
lda	599
lefty	599
leung	599
lexapro	599
logistical	599
lullaby	599
macrophages	599
madras	599
mankato	599
marantz	599
marlow	599
massively	599
masthead	599
matrimonial	599
mccann	599
mcclure	599
mediate	599
mejores	599
midas	599
minimizes	599
minivan	599
mirroring	599
mma	599
monsanto	599
monsieur	599
montage	599
moot	599
munro	599
nanaimo	599
nearing	599
newsday	599
newt	599
niet	599
niv	599
npt	599
occidental	599
ocular	599
oda	599
oid	599
ointment	599
okavango	599
ola	599
oma	599
osce	599
paddington	599
paisapay	599
parsed	599
payback	599
penh	599
pennies	599
perrin	599
pia	599
pickett	599
pigments	599
pinellas	599
plac	599
pleasanton	599
plentiful	599
polluted	599
polycarbonate	599
polycom	599
potts	599
ppb	599
prilosec	599
prostitutes	599
pwr	599
qed	599
quantification	599
quickstart	599
quits	599
quotient	599
raced	599
reacting	599
realisation	599
redress	599
redux	599
regexp	599
rein	599
relatos	599
reopen	599
resisted	599
resisting	599
restores	599
restraining	599
rfq	599
rigs	599
riser	599
rnb	599
rsync	599
ruff	599
sacrificing	599
sanderson	599
sandman	599
schmitt	599
scoops	599
scratched	599
seaman	599
segregated	599
settles	599
seventeenth	599
shamrock	599
shiraz	599
shuts	599
simplistic	599
skepticism	599
skulls	599
smelling	599
solicited	599
sonora	599
spalding	599
spared	599
spilled	599
spo	599
sprawl	599
sprayed	599
squads	599
squirrels	599
stately	599
stroud	599
studded	599
sycamore	599
syst	599
tadalafil	599
technologist	599
teleconference	599
televised	599
temperament	599
tenderness	599
tenn	599
testimonies	599
thq	599
tijuana	599
tinker	599
treatise	599
tributes	599
tripping	599
trucker	599
truetype	599
tuscaloosa	599
tux	599
tweaking	599
tween	599
tyco	599
umts	599
undersigned	599
undressing	599
ursula	599
vbr	599
victorinox	599
vigor	599
virtualization	599
wainwright	599
warmers	599
warped	599
waterfowl	599
weiner	599
weitere	599
wembley	599
westmoreland	599
westside	599
whitepapers	599
whsle	599
willamette	599
withdrawing	599
wmf	599
wordlet	599
xpass	599
yahooligans	599
yao	599
zane	599
zanussi	599
zappos	599
abiding	598
aborted	598
accommodating	598
activates	598
adjourn	598
adolf	598
aetna	598
affluent	598
agatha	598
aggies	598
agonist	598
airfield	598
alistair	598
alltel	598
alphabetic	598
amore	598
animate	598
apnea	598
aqui	598
archiver	598
arcserve	598
argyle	598
asker	598
aspell	598
asserting	598
assesses	598
asteroids	598
augsburg	598
autoscan	598
avocado	598
avp	598
awg	598
ayers	598
backlinks	598
banded	598
bao	598
bev	598
beverley	598
bextra	598
bil	598
blacklist	598
blenders	598
bobble	598
booties	598
bran	598
brody	598
buren	598
cala	598
calumet	598
calvary	598
cancels	598
carve	598
cassini	598
ccna	598
changers	598
chromosomal	598
circumcision	598
citrine	598
clashes	598
clermont	598
cling	598
clinician	598
closets	598
cmf	598
comets	598
commended	598
commune	598
concurrence	598
condolences	598
confessed	598
continous	598
conveying	598
copywriting	598
corduroy	598
cots	598
covariance	598
craftsmen	598
craze	598
crohn	598
crusader	598
curacao	598
cuttings	598
cyclical	598
cytokines	598
delonghi	598
democracies	598
deportation	598
desiring	598
determinant	598
discern	598
dispatches	598
disqualified	598
disrupted	598
distortions	598
dix	598
doggie	598
doggystyle	598
dor	598
drinkers	598
drumming	598
dubuque	598
eai	598
ebert	598
edmunds	598
eel	598
ell	598
elliptic	598
ethos	598
eucharist	598
euthanasia	598
evaluator	598
experimentally	598
extremetech	598
extremists	598
fabian	598
faro	598
federer	598
feedster	598
felipe	598
fenced	598
ffa	598
flatts	598
flipping	598
floodplain	598
foodservice	598
fredericton	598
freezes	598
fret	598
frs	598
fumes	598
futile	598
gangsta	598
gauntlet	598
gesellschaft	598
gid	598
gideon	598
giro	598
glo	598
governs	598
grated	598
grenoble	598
grundig	598
gss	598
gulfport	598
gump	598
harald	598
harms	598
hauppauge	598
haut	598
heartfelt	598
herbie	598
hereto	598
hermione	598
hibernate	598
hickman	598
hitter	598
hodgson	598
hoffmann	598
hplc	598
huffman	598
humber	598
hyperion	598
improvisation	598
incubated	598
indus	598
inflow	598
inlay	598
inventive	598
invertebrates	598
invests	598
jacquard	598
jumpers	598
junkies	598
kaspersky	598
kildare	598
knoll	598
kristy	598
labourer	598
laserdisc	598
lerner	598
lgbt	598
liberated	598
liters	598
livelihoods	598
lonesome	598
luscious	598
lymphocyte	598
magnetism	598
mallory	598
manifolds	598
martyrs	598
massager	598
mcdonnell	598
mdr	598
mechanically	598
mediums	598
metaphors	598
mgp	598
michelangelo	598
mkt	598
mmorpg	598
modernity	598
montego	598
morpheus	598
msw	598
muffler	598
musculoskeletal	598
muster	598
nae	598
napoli	598
narrowing	598
navarro	598
neoplasm	598
neutrality	598
newline	598
newsblog	598
nikita	598
ning	598
nombre	598
objectivity	598
octets	598
okanagan	598
okinawa	598
olp	598
orientations	598
osc	598
ovulation	598
paco	598
parting	598
partypoker	598
patching	598
paxton	598
pellet	598
pertain	598
peta	598
pki	598
playmate	598
pnp	598
powerline	598
precincts	598
prereq	598
primrose	598
prioritize	598
profanity	598
prophetic	598
protesting	598
provoke	598
psf	598
quantified	598
quasar	598
quicklinks	598
rainer	598
rapporteur	598
reckoning	598
reddy	598
relic	598
reproducing	598
resembling	598
restocking	598
rethink	598
rethinking	598
rockingham	598
rohs	598
romana	598
rooftop	598
roper	598
rsc	598
runescape	598
safeguarding	598
saigon	598
salesperson	598
sandler	598
schulz	598
schweiz	598
sculptor	598
scum	598
seasoning	598
sergey	598
shavers	598
sighting	598
sistema	598
slipper	598
snoring	598
solenoid	598
speculate	598
stis	598
subclasses	598
submarines	598
superfamily	598
swish	598
sylvan	598
symphonic	598
tailoring	598
tarrant	598
technol	598
telluride	598
tep	598
teton	598
texan	598
thinning	598
tobin	598
torpedo	598
totem	598
toured	598
tpc	598
trembling	598
troublesome	598
truckers	598
tupac	598
turnovers	598
tut	598
uab	598
unconventional	598
underdog	598
unitarian	598
unnatural	598
uppsala	598
valera	598
vargas	598
variances	598
victorious	598
volta	598
wadsworth	598
weinberg	598
wenger	598
wep	598
whiteboard	598
wic	598
widows	598
wildcat	598
xfn	598
yabb	598
zoos	598
accesories	597
accrue	597
acf	597
aci	597
acr	597
actuators	597
adsorption	597
adt	597
airing	597
airspace	597
alden	597
alf	597
allyn	597
alternately	597
anaerobic	597
andersson	597
andromeda	597
animator	597
anomalous	597
antagonist	597
anvil	597
aoc	597
artificially	597
atty	597
atypical	597
bachelorette	597
bae	597
barbra	597
barebone	597
barter	597
baskerville	597
beatty	597
bjorn	597
blasted	597
blinking	597
bloomsbury	597
boutiques	597
brahms	597
brio	597
brooches	597
brunton	597
brutality	597
bsp	597
cabot	597
cadre	597
caf	597
calibex	597
campsites	597
caron	597
caster	597
casters	597
cci	597
cedric	597
cer	597
climbers	597
cna	597
coders	597
cohesive	597
colossal	597
condi	597
consequent	597
consolation	597
constitutions	597
contraceptives	597
controversies	597
conversational	597
convertor	597
cora	597
correlates	597
crates	597
critiquer	597
csiro	597
cumbersome	597
curtin	597
cyril	597
dalai	597
danube	597
dared	597
dbl	597
delaying	597
descargar	597
devoid	597
dilemmas	597
directtv	597
dishonest	597
dispatcher	597
dogfart	597
doping	597
doves	597
downtempo	597
dreaded	597
dryden	597
dutton	597
dword	597
easygals	597
edwardian	597
eich	597
eject	597
electrolyte	597
elegantly	597
elites	597
emea	597
emf	597
encyclopedias	597
ennis	597
entrances	597
erred	597
escada	597
etf	597
evasion	597
exalted	597
excessively	597
expiring	597
extraordinarily	597
extremist	597
favorably	597
favours	597
faxed	597
feminization	597
fictitious	597
fifo	597
filenames	597
firestone	597
firth	597
flanagan	597
foreigner	597
foxx	597
francesca	597
frazer	597
freeview	597
freshest	597
frugal	597
gees	597
genomes	597
geospatial	597
glib	597
glycol	597
goldfish	597
gospels	597
gracefully	597
graco	597
gresham	597
gro	597
groundwork	597
guerrero	597
gums	597
gwynedd	597
hacienda	597
haircare	597
hanukkah	597
hatcher	597
hathaway	597
heaps	597
heisse	597
hemoglobin	597
henning	597
herbalife	597
herndon	597
hetatm	597
higgs	597
hives	597
hobbit	597
hornet	597
horowitz	597
hppa	597
hydra	597
idf	597
ignite	597
illuminating	597
immersed	597
immortality	597
improbable	597
inert	597
insecticides	597
inspirations	597
intakes	597
internationalization	597
interruptions	597
intrigued	597
irreversible	597
irrigated	597
ith	597
jaeger	597
janine	597
jesuit	597
jewellers	597
jitter	597
jms	597
jsf	597
jst	597
kann	597
karting	597
katharine	597
kenzo	597
kew	597
kinney	597
knockers	597
koran	597
kun	597
landowner	597
lazarus	597
leiden	597
letterhead	597
lgpl	597
lifebook	597
lighthouses	597
lingering	597
loire	597
looping	597
loughborough	597
lowercase	597
lse	597
lunchtime	597
mabel	597
madera	597
mailbag	597
mainz	597
mandalay	597
manicure	597
maricopa	597
martyr	597
mayors	597
mbs	597
mccabe	597
mcdaniel	597
medial	597
medway	597
mendocino	597
mirc	597
miro	597
misguided	597
mocha	597
modelled	597
modifies	597
montel	597
mounds	597
multipurpose	597
munster	597
narrated	597
neopets	597
ninemsn	597
nitrous	597
noc	597
noe	597
noi	597
northfield	597
northridge	597
nouns	597
nudge	597
nurs	597
nytimes	597
ocala	597
ordinate	597
origination	597
outlay	597
overthrow	597
pancake	597
parted	597
patiently	597
peerless	597
philemon	597
photostream	597
pima	597
pioneered	597
pixies	597
pizzeria	597
placer	597
policemen	597
polypeptide	597
pont	597
postpartum	597
postwar	597
ppi	597
preachers	597
pred	597
psychotic	597
pubic	597
pulsed	597
quito	597
ragged	597
ramadan	597
ramona	597
rayon	597
reconstruct	597
reiterated	597
restricts	597
reunited	597
roasting	597
rodents	597
rosebud	597
rowley	597
rumour	597
saffron	597
santorini	597
satelite	597
saucepan	597
saunas	597
screener	597
seeming	597
seminal	597
serb	597
seventies	597
shingles	597
sixteenth	597
skinned	597
skunk	597
slams	597
slimline	597
slimming	597
smartmedia	597
smarty	597
solubility	597
sph	597
squat	597
sro	597
stalk	597
starry	597
strat	597
sufferers	597
supernova	597
svga	597
swearing	597
sweetest	597
syndromes	597
tabloid	597
takahashi	597
technologically	597
temptations	597
thanking	597
thrombosis	597
tiara	597
tms	597
toned	597
tonne	597
trampoline	597
transmembrane	597
tribunals	597
trimble	597
triples	597
troubleshoot	597
tung	597
tuttle	597
ubbcode	597
undated	597
undergrad	597
understandings	597
underwriters	597
unfavorable	597
uso	597
vdr	597
velour	597
vented	597
vile	597
vilnius	597
vocation	597
watanabe	597
webinars	597
whistles	597
whitley	597
wht	597
wicket	597
windermere	597
witherspoon	597
witnessing	597
workable	597
writeshield	597
xg	597
xn	597
yoda	597
ytd	597
yw	597
zi	597
zoned	597
abingdon	596
abolish	596
abr	596
abrupt	596
accu	596
aceh	596
afa	596
ailments	596
akc	596
alfonso	596
alpes	596
altman	596
amigos	596
amman	596
annexation	596
applaud	596
archibald	596
arrl	596
ashby	596
atoll	596
aureus	596
autistic	596
awsome	596
beckinsale	596
belgique	596
belongings	596
beltway	596
biztalk	596
blight	596
bobbi	596
boldly	596
bonneville	596
bowed	596
bravery	596
broadening	596
brownies	596
brushing	596
bungalows	596
busiest	596
calder	596
camisole	596
canaria	596
captivity	596
cartel	596
cassie	596
categorization	596
cde	596
celia	596
cep	596
ceres	596
certifies	596
cgc	596
charlene	596
cheering	596
chm	596
climates	596
clogs	596
cloves	596
cocker	596
colonization	596
commemorate	596
conc	596
contemplate	596
contentious	596
contradict	596
coon	596
corvallis	596
counsellor	596
crackdown	596
cram	596
crock	596
ctf	596
ctxt	596
cysteine	596
davos	596
defamation	596
delaney	596
dempsey	596
departs	596
detoxification	596
dfi	596
dic	596
disagreed	596
discus	596
dissatisfaction	596
dissection	596
dlt	596
downright	596
doxygen	596
dredging	596
dtv	596
duchess	596
ducts	596
easements	596
ebitda	596
ecd	596
egyptians	596
einen	596
electors	596
eliminator	596
emancipation	596
epicor	596
equalization	596
etfs	596
eviction	596
extrusion	596
eyebrow	596
fantasia	596
fastener	596
fergus	596
filament	596
fillers	596
flagged	596
flank	596
fleeing	596
fleurs	596
florian	596
fordham	596
fosters	596
foxy	596
frappr	596
fray	596
frosty	596
furman	596
futurama	596
gags	596
gambler	596
gaping	596
gazebo	596
geotechnical	596
giftware	596
glaciers	596
globalspec	596
grader	596
grosse	596
gsi	596
haben	596
hairless	596
harden	596
hari	596
hav	596
hawkes	596
hefty	596
hens	596
hilbert	596
hiram	596
hitherto	596
hof	596
hogs	596
hoist	596
hol	596
holman	596
hpc	596
htc	596
httpdocs	596
hula	596
humberside	596
hydroxy	596
imagining	596
implantation	596
inclusions	596
independents	596
inexperienced	596
inferences	596
informationweek	596
infringe	596
innsbruck	596
insisting	596
intensified	596
intercollegiate	596
internals	596
iom	596
ipr	596
ironman	596
iscsi	596
itmj	596
jcb	596
jupiterimages	596
khmer	596
kinases	596
knocks	596
koala	596
kofi	596
lactation	596
lambeth	596
landau	596
landry	596
laramie	596
larkin	596
legislatures	596
lessor	596
lethbridge	596
lifespan	596
limbaugh	596
lire	596
liturgical	596
lizards	596
loci	596
looms	596
lurking	596
machined	596
maidstone	596
manfred	596
marketable	596
marmot	596
maturation	596
maxine	596
maybach	596
mcnally	596
mennonite	596
mindful	596
moaning	596
molten	596
msd	596
mules	596
mullins	596
musharraf	596
nanotech	596
narration	596
narrower	596
naxos	596
newsfeeds	596
nia	596
nightingale	596
niosh	596
numerically	596
oar	596
offbeat	596
onkyo	596
originates	596
outraged	596
overloaded	596
painless	596
panelists	596
pasco	596
penang	596
peng	596
penicillin	596
perforated	596
peri	596
perish	596
peyton	596
phendimetrazine	596
physique	596
pio	596
pma	596
polska	596
ponies	596
porta	596
postmaster	596
praha	596
precursors	596
preggo	596
preprint	596
presets	596
presto	596
primes	596
primo	596
proteomics	596
protonix	596
protons	596
putt	596
qms	596
radford	596
rainier	596
realistically	596
recordable	596
ree	596
refractive	596
refractory	596
regionally	596
reissues	596
relevancy	596
relics	596
relish	596
remand	596
renton	596
repaid	596
resentment	596
resolves	596
responsibly	596
retry	596
reused	596
rfa	596
rips	596
riu	596
rtd	596
rtn	596
sacrament	596
saf	596
samplers	596
sash	596
scarcity	596
sda	596
separations	596
serbs	596
sexiest	596
sexton	596
shalom	596
shortening	596
shorthand	596
showcasing	596
shredders	596
shrugged	596
simi	596
sincerity	596
slideshows	596
smother	596
snapper	596
snd	596
southwark	596
spammer	596
spawned	596
speakerphone	596
spectre	596
spoof	596
sporadic	596
spout	596
stds	596
steph	596
strickland	596
subtitled	596
subunits	596
symposia	596
systemax	596
tamworth	596
technologists	596
techtarget	596
teenie	596
telex	596
templeton	596
tess	596
theorems	596
theorists	596
theron	596
thurman	596
toothpaste	596
transducers	596
transsexuel	596
trois	596
truro	596
typography	596
ulead	596
unchecked	596
uneasy	596
unnecessarily	596
unopened	596
valdosta	596
vari	596
verdi	596
volokh	596
warmly	596
washes	596
whimsical	596
wiener	596
wpa	596
xin	596
yeas	596
zippered	596
zithromax	596
zona	596
adair	595
adder	595
admirable	595
adventist	595
aeon	595
aforesaid	595
agate	595
agitation	595
aic	595
aida	595
alerted	595
alonso	595
amicus	595
analyzers	595
anew	595
anguish	595
annoyance	595
anticipates	595
antiquarian	595
arco	595
arlene	595
ascot	595
asd	595
assword	595
autre	595
avenger	595
avionics	595
avn	595
babysitting	595
bai	595
bally	595
bangers	595
beehive	595
begged	595
behaves	595
bernd	595
bette	595
biblia	595
billabong	595
bioethics	595
biologically	595
blackstone	595
blogarama	595
boar	595
bom	595
bookcases	595
bordering	595
bradbury	595
brasileiro	595
brat	595
bri	595
brighten	595
buffering	595
bulge	595
bunnies	595
bunting	595
cafepress	595
calle	595
captivating	595
carpal	595
carribean	595
carvings	595
casanova	595
cautions	595
cautiously	595
censor	595
centurion	595
cervix	595
chas	595
chechen	595
cheeky	595
choppers	595
choreography	595
chrono	595
circumference	595
cjk	595
climber	595
clipped	595
cmu	595
coates	595
coercion	595
commandment	595
commonplace	595
communicable	595
competitively	595
complains	595
conceded	595
conceivable	595
condiments	595
contingencies	595
cooley	595
corsica	595
cosby	595
coun	595
cruces	595
ctv	595
denison	595
desoto	595
dina	595
discontinuity	595
disguised	595
disproportionate	595
dividers	595
dolan	595
downfall	595
downturn	595
dressage	595
dries	595
earphones	595
eastside	595
eax	595
eggplant	595
elbows	595
ele	595
elixir	595
eller	595
enews	595
enquirer	595
enzymatic	595
epc	595
eriksson	595
esb	595
exogenous	595
exponentially	595
extravaganza	595
fades	595
fdc	595
feral	595
fission	595
flor	595
fluency	595
flushed	595
fractured	595
freakonomics	595
frees	595
funders	595
gabe	595
gamblers	595
gators	595
gaylord	595
genesee	595
germs	595
gifford	595
gma	595
grating	595
gratuitement	595
grays	595
guardianship	595
guillaume	595
gutierrez	595
hampstead	595
hana	595
handgun	595
hartmann	595
herds	595
himalayan	595
holbrook	595
hollister	595
hooking	595
horner	595
hrc	595
illuminate	595
impatient	595
implanted	595
impreza	595
incline	595
injecting	595
inno	595
innovator	595
intellectually	595
intraday	595
intron	595
inuit	595
itp	595
jamal	595
jed	595
jonesboro	595
kamloops	595
kar	595
keyes	595
killarney	595
kiosks	595
krabi	595
kurtz	595
lactose	595
lago	595
laird	595
lavish	595
leblanc	595
linearly	595
listers	595
littlewoods	595
livin	595
lofts	595
lsp	595
ltl	595
lucinda	595
lufthansa	595
mammography	595
mandela	595
mantis	595
marches	595
marguerite	595
marrying	595
mejor	595
melanogaster	595
mewn	595
mina	595
minimization	595
miscategorized	595
mite	595
mitochondria	595
modulator	595
monaghan	595
montpellier	595
morbid	595
msnshopping	595
mtl	595
multiplex	595
multiplicity	595
mycareer	595
nahum	595
natalia	595
nbr	595
needham	595
nepalese	595
neurosurgery	595
nextlast	595
nik	595
nome	595
nth	595
nutritious	595
objectively	595
octane	595
odors	595
oilers	595
oleg	595
oneness	595
openafs	595
ordinated	595
outflow	595
outweigh	595
parmesan	595
pedersen	595
peeps	595
pell	595
penetrated	595
perfected	595
perscription	595
perverted	595
petal	595
pheasant	595
photocopying	595
phylogenetic	595
physiotherapy	595
picard	595
piranha	595
pluck	595
pnt	595
poignant	595
postpone	595
pra	595
preis	595
prepayment	595
prick	595
propagate	595
proponent	595
prosecuting	595
prostitute	595
pseudomonas	595
psyc	595
psychiatrists	595
ptc	595
punishable	595
qe	595
quicksearch	595
raja	595
raunchy	595
rawlings	595
recoverable	595
redirecting	595
redo	595
refresher	595
remodel	595
resided	595
resigns	595
reverence	595
rfe	595
ringgit	595
riyadh	595
rockstar	595
rojo	595
rol	595
roscoe	595
rotherham	595
rps	595
rubble	595
rving	595
salient	595
sardinia	595
sault	595
scarab	595
schaumburg	595
scoping	595
scorer	595
scrambled	595
sein	595
semitic	595
sername	595
sewerage	595
sfx	595
shih	595
shorty	595
sikh	595
skiers	595
slabs	595
slavic	595
smo	595
soliciting	595
sotheby	595
sou	595
spar	595
specialises	595
spss	595
spybot	595
sram	595
srm	595
srt	595
stairway	595
streisand	595
strides	595
swami	595
tca	595
terriers	595
tftp	595
thorne	595
thoroughbred	595
thrash	595
tiers	595
titleist	595
toasted	595
toasters	595
tombstone	595
tomlinson	595
transmits	595
trolls	595
truce	595
truthful	595
ukranian	595
uncompressed	595
underestimate	595
undetermined	595
undocumented	595
uniting	595
uranus	595
usmc	595
ute	595
vaccinations	595
vanish	595
vapour	595
venerable	595
verne	595
vertebrate	595
vijay	595
vixen	595
vps	595
waterman	595
waugh	595
weakening	595
weakest	595
weasel	595
wedi	595
whips	595
widowed	595
willem	595
wip	595
wits	595
woodpecker	595
woodrow	595
wordnet	595
worldview	595
wrexham	595
wycombe	595
xinhua	595
xxi	595
yah	595
zijn	595
zyrtec	595
accorded	594
accusing	594
ackerman	594
actionscript	594
ade	594
adele	594
adhered	594
afternoons	594
aikido	594
aland	594
alanis	594
alarmed	594
alb	594
alderman	594
alternet	594
amador	594
angelic	594
apathy	594
apj	594
apts	594
aquamarine	594
argc	594
asher	594
ashore	594
assessors	594
astrological	594
atleast	594
attendee	594
authorship	594
babysitter	594
badness	594
ballarat	594
bandits	594
banked	594
bari	594
baroness	594
batches	594
bayern	594
bearded	594
bellagio	594
bessie	594
bestellen	594
blackhawk	594
blasen	594
blogwise	594
bmd	594
boardroom	594
bolivian	594
boron	594
bpa	594
briana	594
brightstor	594
brittle	594
bromide	594
bts	594
buffered	594
buxton	594
caesars	594
calmly	594
calphalon	594
canyons	594
capitalists	594
carlow	594
carnage	594
carols	594
carotid	594
cav	594
cavities	594
ccp	594
centrifugal	594
cflags	594
chenille	594
childish	594
cinematography	594
cirrus	594
citi	594
clarins	594
cny	594
coalitions	594
cochin	594
commences	594
comps	594
comput	594
confidently	594
constituting	594
convene	594
convent	594
coroner	594
coughing	594
cravings	594
cray	594
creeks	594
creighton	594
crumbs	594
crusaders	594
ctl	594
cyclones	594
cytokine	594
dammit	594
dangerously	594
dap	594
datafieldname	594
dda	594
deanna	594
dearly	594
decidedly	594
dehydration	594
delimited	594
deliverable	594
demonstrators	594
descendant	594
desde	594
deterrent	594
dialogs	594
disgust	594
dismal	594
dispense	594
dispersal	594
dlls	594
dortmund	594
duplicating	594
edema	594
editable	594
edm	594
edn	594
eeg	594
elaboration	594
electrified	594
ellipse	594
elongation	594
encodes	594
enrol	594
environmentalists	594
eskimo	594
evangelist	594
fables	594
fai	594
fatah	594
fcs	594
federico	594
fetched	594
fhwa	594
figaro	594
fms	594
freakin	594
fryer	594
fsbo	594
garamond	594
garda	594
gbc	594
geocities	594
geronimo	594
ghraib	594
gloom	594
gorham	594
greasy	594
greats	594
greco	594
gregor	594
gypsum	594
haggai	594
haircut	594
haryana	594
hectic	594
hepburn	594
herr	594
herts	594
hiatus	594
hibiscus	594
hierarchies	594
hijack	594
hone	594
horribly	594
hsv	594
huf	594
huxley	594
ifa	594
imaginable	594
incarceration	594
incompleteness	594
indesign	594
infested	594
infused	594
ingenious	594
ingenuity	594
iol	594
irregularities	594
ischemia	594
ivf	594
jagged	594
jest	594
jockeys	594
justine	594
kal	594
kilometer	594
kingman	594
kontakte	594
kournikova	594
lactating	594
lakeshore	594
lament	594
lanzarote	594
laude	594
leaderboard	594
leapfrog	594
lesbica	594
libel	594
linotype	594
livecams	594
lockwood	594
loon	594
louvre	594
luce	594
lui	594
lun	594
malloc	594
mannheim	594
marcy	594
marge	594
maxx	594
mce	594
mec	594
mediators	594
mercantile	594
mfrs	594
mgi	594
midwives	594
milosevic	594
miscarriage	594
misconceptions	594
mobilize	594
modblog	594
modifiers	594
moritz	594
mort	594
moshe	594
motorhome	594
mro	594
mtc	594
mullen	594
nab	594
namco	594
nara	594
nerds	594
netbeans	594
newberry	594
nico	594
niki	594
nobility	594
noncompliance	594
nsta	594
nuns	594
obadiah	594
ofsted	594
openvms	594
optometry	594
ori	594
orton	594
osa	594
ota	594
outlaws	594
overt	594
pag	594
palisades	594
palos	594
patrols	594
pau	594
pauls	594
peaked	594
pelham	594
pelicula	594
pensioners	594
periphery	594
pes	594
phobia	594
piercings	594
politely	594
polygons	594
ppo	594
precio	594
predatory	594
predictors	594
priesthood	594
produkte	594
produkter	594
prologue	594
pronounce	594
protested	594
provoked	594
raiser	594
ramifications	594
ranches	594
rationality	594
rattan	594
redondo	594
reluctantly	594
retrofit	594
rheumatology	594
riffs	594
riggs	594
ronin	594
rowbox	594
rpt	594
rrr	594
sadie	594
sadler	594
sanding	594
sanger	594
scorpions	594
screwing	594
seater	594
sedimentation	594
selectivity	594
severn	594
sexchat	594
shippers	594
simulating	594
sinn	594
sips	594
sitio	594
skier	594
slime	594
slo	594
slump	594
sna	594
snl	594
snowflake	594
snuff	594
soapbox	594
somatic	594
somers	594
songwriters	594
soooo	594
spurious	594
squeak	594
squish	594
ssr	594
stalled	594
sterilization	594
stink	594
stoned	594
storyteller	594
strapped	594
stronghold	594
stumbling	594
stylesheets	594
suggestive	594
summing	594
superfund	594
swimmer	594
swung	594
tactile	594
tapety	594
taping	594
terraces	594
tetra	594
thermoplastic	594
thomasville	594
thurston	594
tiled	594
tolerances	594
towne	594
trajectories	594
tuba	594
unbalanced	594
undeclared	594
undertakes	594
unload	594
upholstered	594
upi	594
vai	594
valdez	594
vcc	594
verbally	594
vidsvidsvids	594
viktor	594
vivitar	594
vowed	594
vulgate	594
wacom	594
wakes	594
wanderers	594
wanking	594
wannabe	594
waterbury	594
watermelon	594
waved	594
webapp	594
webcrawler	594
weinstein	594
whaling	594
wildflowers	594
winnings	594
wipo	594
wolfenstein	594
woodwind	594
woodwork	594
workman	594
wort	594
wristbands	594
wycliffe	594
xmms	594
xps	594
yb	594
yg	594
abbotsford	593
abstain	593
accomplishing	593
accusation	593
acn	593
afflicted	593
affords	593
afm	593
airbags	593
albumin	593
alienation	593
alpaca	593
altoona	593
anecdotal	593
antalya	593
anthropological	593
antidepressant	593
antispam	593
antispyware	593
appellee	593
approximations	593
aprons	593
arboretum	593
arent	593
aroused	593
arturo	593
atms	593
atol	593
ayr	593
backlight	593
bahasa	593
ballpark	593
barring	593
bcp	593
benevolent	593
bernardo	593
bestowed	593
binge	593
bioscience	593
biosciences	593
biosphere	593
bipartisan	593
birkenstock	593
bjp	593
bloch	593
blogged	593
blowers	593
bls	593
bowler	593
brainstorming	593
breakaway	593
bronson	593
buckeye	593
budd	593
bumble	593
burnley	593
cabriolet	593
cae	593
camilla	593
caprice	593
carrington	593
carta	593
cations	593
centos	593
chakra	593
chantal	593
chappell	593
cics	593
clothed	593
clumsy	593
cohorts	593
colitis	593
coltrane	593
columbian	593
commensurate	593
concurrency	593
conseil	593
contemplation	593
convict	593
copd	593
cortland	593
courseware	593
coveted	593
crewe	593
criticised	593
cryogenic	593
cyst	593
daley	593
datamonitor	593
deadlock	593
dearest	593
deceived	593
decorator	593
degrade	593
depaul	593
deriving	593
despatched	593
dfa	593
didn	593
diflucan	593
dilute	593
dinghy	593
dirham	593
dollhouse	593
doubleday	593
dougherty	593
dulles	593
dumas	593
dunhill	593
ecole	593
edc	593
edgewood	593
eea	593
eee	593
elects	593
elizabethtown	593
elsie	593
emulsion	593
eradicate	593
erc	593
escalade	593
esf	593
esophageal	593
exchanger	593
federalism	593
feedbacks	593
fielder	593
fireball	593
flake	593
flashpoint	593
flemish	593
flied	593
flutes	593
forzieri	593
fowl	593
franken	593
gaseous	593
gforge	593
gizmodo	593
gloomy	593
gnus	593
goethe	593
goliath	593
grantees	593
granules	593
grassy	593
guidant	593
guidebooks	593
gurgaon	593
habakkuk	593
habeas	593
harmonious	593
hassles	593
hating	593
headboard	593
healthgrades	593
hester	593
hexadecimal	593
hollands	593
homebrew	593
homegrown	593
homie	593
homologous	593
horned	593
hors	593
housings	593
hoya	593
hysterectomy	593
illustrators	593
impulses	593
inactivity	593
infoplease	593
informationen	593
integrators	593
intensities	593
intermediates	593
interpol	593
intimidating	593
iona	593
ischemic	593
italians	593
iverson	593
jammu	593
januar	593
janus	593
jazzy	593
jem	593
jester	593
joliet	593
jolt	593
juelz	593
kgs	593
kira	593
kirkwood	593
krista	593
laminating	593
laval	593
lawfully	593
leahy	593
leesburg	593
leftover	593
liang	593
liberalisation	593
liebe	593
likeness	593
limbo	593
limpopo	593
loopback	593
loveland	593
lowepro	593
lrc	593
lucida	593
macbook	593
macgregor	593
mahmoud	593
mahoney	593
mailers	593
maloney	593
marques	593
mascara	593
maximus	593
mcdonough	593
megabytes	593
melia	593
midwife	593
mikasa	593
minced	593
mobygames	593
modality	593
modernisation	593
modernism	593
molina	593
montclair	593
morristown	593
mott	593
moulded	593
movado	593
mucho	593
multidimensional	593
muni	593
munitions	593
muschi	593
muskegon	593
myc	593
myx	593
nai	593
nasd	593
naturist	593
nema	593
netpbm	593
nicholls	593
nne	593
nook	593
notifies	593
ollie	593
oncogene	593
orca	593
orchards	593
ornate	593
overturned	593
parable	593
paramedic	593
pate	593
ped	593
peo	593
pertains	593
pharmacokinetics	593
pheromone	593
placenta	593
pleads	593
plethora	593
plugging	593
plummer	593
plumpers	593
potable	593
pounded	593
powys	593
preseason	593
produkt	593
progra	593
prohibitions	593
proline	593
prophecies	593
qcd	593
qf	593
quadrangle	593
ral	593
randi	593
rarity	593
rcd	593
recordkeeping	593
recount	593
reddish	593
regularity	593
reinforces	593
remittance	593
remodeled	593
repellent	593
repo	593
residuals	593
retiree	593
revista	593
rheims	593
rhodium	593
riverdale	593
riverview	593
rollout	593
rotorua	593
rousseau	593
rtc	593
rwxr	593
sarcasm	593
sarcoma	593
sativa	593
schiller	593
scissor	593
scotts	593
sdr	593
sealants	593
septuagint	593
sewers	593
sharealike	593
shears	593
shove	593
shred	593
sieve	593
sino	593
situational	593
skb	593
skew	593
slade	593
smyth	593
sniffer	593
snoopy	593
snug	593
sonet	593
sorcery	593
sorta	593
spores	593
standardised	593
steamed	593
stereotype	593
stint	593
stressing	593
sumter	593
superstition	593
sykes	593
symmetrical	593
symptomatic	593
tabernacle	593
talon	593
tented	593
tid	593
torsion	593
tossing	593
trademanager	593
trademarked	593
tricia	593
tvr	593
tylenol	593
ubisoft	593
uhr	593
ultrastructure	593
undermined	593
uniformed	593
unincorporated	593
unleash	593
unlv	593
unter	593
uphill	593
upn	593
uship	593
utilise	593
vignette	593
vivendi	593
warmed	593
wea	593
westerly	593
wetsuits	593
whitby	593
wipers	593
wollongong	593
woodside	593
wrc	593
wsj	593
wye	593
xref	593
yh	593
zephaniah	593
abducted	592
aberdeenshire	592
abrasion	592
academically	592
acadia	592
acetyl	592
addons	592
agfa	592
agreeable	592
ahl	592
almeria	592
alters	592
alumina	592
amaya	592
ambush	592
anakin	592
analogs	592
andalucia	592
andi	592
ankles	592
appreciates	592
ary	592
ascendant	592
automake	592
aversion	592
awaken	592
bagels	592
balconies	592
ballerina	592
bancroft	592
bandai	592
banter	592
baritone	592
bartholomew	592
bateman	592
baud	592
bba	592
behaving	592
bellies	592
belvedere	592
bennington	592
bohemia	592
bonfire	592
boomer	592
borrowings	592
bowden	592
bowes	592
brainstorm	592
bravenet	592
breakup	592
bryson	592
bulletproof	592
caitlin	592
canes	592
cantor	592
captioned	592
cartons	592
catalonia	592
cautioned	592
cbo	592
ccl	592
centrum	592
chanting	592
chg	592
chilton	592
chirac	592
chlamydia	592
chou	592
chute	592
clasps	592
clique	592
cllr	592
clovis	592
coffeehouse	592
colbert	592
collingwood	592
condemns	592
confines	592
connective	592
conscientious	592
contoured	592
corcoran	592
corrosive	592
crease	592
cremation	592
cri	592
crippled	592
cro	592
crp	592
cru	592
crue	592
curran	592
curses	592
curso	592
cushioning	592
cuyahoga	592
daimlerchrysler	592
daredevil	592
dass	592
deepen	592
degenerate	592
designline	592
diabetics	592
diam	592
diced	592
dido	592
dio	592
disbelief	592
discriminating	592
divergent	592
dojo	592
donut	592
dorian	592
dorsey	592
driscoll	592
duffel	592
durch	592
dysfunctional	592
eam	592
ecclesiastical	592
econometric	592
edd	592
eft	592
egcs	592
eindhoven	592
elkhart	592
elmore	592
emigration	592
emphasised	592
enc	592
endometriosis	592
enrico	592
eserver	592
eso	592
etsi	592
euler	592
evolves	592
exclamation	592
fairgrounds	592
fastening	592
fatality	592
fiche	592
fifteenth	592
figurative	592
fisk	592
fleets	592
flickrblog	592
flirting	592
flung	592
foaf	592
follower	592
fonds	592
fouls	592
franciscan	592
fuchs	592
fulbright	592
fulltext	592
fuselage	592
gait	592
gallant	592
gateshead	592
gcn	592
genitals	592
ghc	592
gleason	592
goggle	592
gon	592
goodrich	592
goss	592
gow	592
grads	592
granddaughter	592
gratefully	592
guerilla	592
hardcopy	592
harwood	592
headwear	592
hendricks	592
heparin	592
hermit	592
hillcrest	592
hilltop	592
hir	592
hkd	592
hobs	592
holliday	592
howl	592
howtos	592
hrt	592
htaccess	592
iberia	592
icm	592
icom	592
idm	592
iglesias	592
impede	592
independant	592
infotrac	592
insecticide	592
intercepted	592
interfacing	592
ivr	592
jeweler	592
josiah	592
judi	592
juli	592
juror	592
jvm	592
jx	592
kayla	592
kinks	592
kodiak	592
koss	592
landfills	592
landslide	592
letterman	592
libido	592
localpref	592
locates	592
locomotives	592
loo	592
looming	592
lz	592
maastricht	592
malayalam	592
marinas	592
marshes	592
marysville	592
matchmaker	592
maud	592
mcallen	592
mcfarland	592
mcgowan	592
mcknight	592
mcneil	592
mcr	592
mep	592
metabolites	592
misplaced	592
misrepresentation	592
mobipocket	592
mora	592
morgantown	592
mosques	592
mountainous	592
mpgs	592
mrp	592
mulch	592
mulher	592
multichannel	592
murcia	592
museo	592
mussels	592
mustangs	592
nar	592
nihon	592
nin	592
noarch	592
noni	592
nonresident	592
nuremberg	592
nus	592
officiating	592
ogre	592
ook	592
openssh	592
opie	592
opportunistic	592
oso	592
ostrich	592
paediatric	592
palazzo	592
pallets	592
palmos	592
paq	592
paseo	592
pats	592
pcl	592
perennials	592
perinatal	592
perseverance	592
petr	592
peut	592
pharmacological	592
pickles	592
pigeons	592
pinoy	592
plt	592
poisoned	592
prank	592
prepay	592
preschools	592
printout	592
probationary	592
progeny	592
prosecutions	592
ptsd	592
pulpit	592
ragnarok	592
railing	592
ranma	592
recentchanges	592
reciprocity	592
recollection	592
redheads	592
relativistic	592
remy	592
repent	592
researches	592
riddles	592
ringers	592
roo	592
rosy	592
rotors	592
sagittarius	592
satanic	592
schematics	592
schenectady	592
scitech	592
segal	592
sequentially	592
serendipity	592
sheboygan	592
shoals	592
signify	592
singularity	592
skool	592
smeg	592
smu	592
soulful	592
sped	592
spiked	592
spline	592
squeezing	592
stampede	592
stenosis	592
streptococcus	592
strung	592
stubbs	592
subdirectory	592
subfamily	592
subliminal	592
submissive	592
summarised	592
summarizing	592
tabor	592
tackled	592
tecra	592
telemedicine	592
tenet	592
terrence	592
tierra	592
tilted	592
torment	592
towson	592
tq	592
trafford	592
tributary	592
trieste	592
trolling	592
ucsd	592
uga	592
undies	592
undisclosed	592
unforeseen	592
unisys	592
universiteit	592
unqualified	592
uplink	592
utilised	592
valentin	592
vicar	592
warlock	592
websearch	592
wel	592
whine	592
wis	592
wiser	592
wrestler	592
wstrict	592
wtb	592
xh	592
yogi	592
yorktown	592
zo	592
accelerators	591
accommodates	591
adkins	591
adorned	591
aegean	591
alc	591
alignments	591
alternator	591
alu	591
amin	591
amorphous	591
amulet	591
andere	591
anil	591
aon	591
apar	591
apm	591
appel	591
arb	591
arcane	591
armand	591
armoire	591
assaulted	591
assy	591
astronomer	591
atherosclerosis	591
authoritarian	591
awakened	591
awk	591
azur	591
bak	591
barbell	591
batavia	591
bcl	591
beastie	591
bebe	591
beet	591
beos	591
beowulf	591
bibs	591
bigtits	591
biophysics	591
bitten	591
bombed	591
boobies	591
borden	591
boz	591
braintree	591
breitling	591
briefed	591
brig	591
brine	591
britton	591
bulova	591
cabrera	591
cabs	591
carcass	591
cardholder	591
carney	591
cartography	591
cartwright	591
casually	591
cavalli	591
cellulite	591
cfg	591
chastity	591
chauffeur	591
cheated	591
chromatin	591
chronologically	591
clickz	591
clonazepam	591
cmi	591
coached	591
cohn	591
collaborated	591
communicative	591
complexion	591
conceptions	591
conserving	591
cowgirl	591
coy	591
cty	591
cymraeg	591
cysts	591
daisies	591
danes	591
ddc	591
decays	591
decentralization	591
decking	591
delft	591
demography	591
dialects	591
diligently	591
dispositions	591
distractions	591
doanh	591
doodle	591
douay	591
drg	591
dru	591
dunlap	591
dusseldorf	591
dwyer	591
dynamo	591
easing	591
ebi	591
effortlessly	591
eide	591
einem	591
elicit	591
elongated	591
elt	591
emilia	591
emmett	591
enhancers	591
evoke	591
eyre	591
fabio	591
failover	591
fasta	591
faust	591
fca	591
fila	591
findlay	591
firstprevious	591
flicker	591
flipped	591
fluff	591
fluoxetine	591
forfeit	591
forfeited	591
framingham	591
freedman	591
fright	591
gaithersburg	591
gcs	591
geld	591
geocaching	591
gizmo	591
glam	591
glycoprotein	591
gonzaga	591
gothenburg	591
grieving	591
grouse	591
grunge	591
guaranteeing	591
halton	591
hanley	591
harbors	591
hardening	591
harvester	591
hawke	591
haywood	591
helms	591
henrietta	591
hernia	591
hobson	591
honeymoons	591
hoodwinked	591
hos	591
howstuffworks	591
hump	591
hwang	591
hydroxide	591
ident	591
iggy	591
illogical	591
ills	591
impractical	591
impurities	591
imputed	591
incompetence	591
indemnification	591
informally	591
informant	591
ingersoll	591
inscriptions	591
inspecting	591
interlude	591
invoicing	591
iridium	591
irr	591
isoform	591
ite	591
jac	591
joann	591
judaica	591
kenosha	591
kermit	591
kilograms	591
kokomo	591
krusell	591
lankan	591
lash	591
layoffs	591
lcr	591
ligands	591
lightwave	591
lii	591
lila	591
lind	591
lingua	591
ljubljana	591
lmao	591
lodgings	591
loginlogin	591
loosen	591
lorna	591
lpn	591
lsa	591
maitland	591
margarine	591
marginally	591
marsden	591
martyn	591
marvellous	591
mathieu	591
mathis	591
matures	591
maturing	591
mchenry	591
mcqueen	591
meek	591
mena	591
meow	591
michal	591
midsize	591
migraines	591
mindy	591
mmol	591
mmv	591
mortimer	591
moths	591
msf	591
mtd	591
mtr	591
nadine	591
nakamura	591
nclb	591
neighbourhoods	591
newborns	591
nickelodeon	591
nit	591
nnw	591
nouvelle	591
nsc	591
nucleotides	591
nutr	591
nysgrc	591
oates	591
obnoxious	591
obstructive	591
ocs	591
omen	591
opensource	591
operas	591
ordeal	591
ovid	591
packager	591
pacman	591
pacs	591
paddles	591
panhandle	591
parchment	591
passat	591
pasted	591
peavey	591
pebbles	591
pegs	591
pembrokeshire	591
penney	591
pepe	591
phonebook	591
photoes	591
picket	591
piled	591
plasmas	591
plotter	591
populate	591
predicates	591
preisvergleich	591
preprocessor	591
primetime	591
produ	591
pullover	591
queued	591
quicksilver	591
ramsay	591
refurb	591
reginald	591
relieving	591
reprise	591
republics	591
restarted	591
restroom	591
retainer	591
retroactive	591
rnc	591
rouse	591
roxanne	591
rumanian	591
sab	591
sacked	591
salamanca	591
sandia	591
sarcastic	591
sbd	591
scamp	591
seu	591
shabbat	591
shaggy	591
shay	591
sherpa	591
shifter	591
simms	591
skeletons	591
slapped	591
slaughtered	591
slotted	591
sluggish	591
smalltalk	591
smarts	591
sneaker	591
sneaky	591
snorkel	591
socom	591
soi	591
sorghum	591
sorrows	591
southside	591
spatially	591
spiel	591
springhill	591
srcdir	591
stabilizing	591
stacker	591
staunton	591
stemming	591
stewards	591
stiles	591
stipend	591
stow	591
suing	591
summon	591
supple	591
surfaced	591
synthetase	591
tcg	591
tending	591
tentatively	591
teva	591
thayer	591
thrones	591
tiempo	591
tipton	591
toppers	591
touchdowns	591
towering	591
townships	591
tragedies	591
tributaries	591
tropicana	591
tuff	591
tvc	591
twinkle	591
tyan	591
underwriter	591
undiscovered	591
unfit	591
unpopular	591
uttered	591
vas	591
vca	591
vicente	591
videography	591
vito	591
wabash	591
wallingford	591
waning	591
wasteland	591
whitfield	591
wierd	591
wikiname	591
willows	591
wms	591
wsis	591
yucca	591
zeitgeist	591
zig	591
absorbent	590
acdbvertex	590
affixed	590
affleck	590
agora	590
agua	590
algonquin	590
alpharetta	590
amana	590
amaze	590
angiotensin	590
annexed	590
antiviral	590
apn	590
appalling	590
archaic	590
arf	590
artistry	590
asbury	590
ascend	590
assam	590
atheists	590
autonomic	590
awnings	590
azores	590
azul	590
baer	590
bagel	590
bambi	590
banding	590
bathurst	590
bbcode	590
bec	590
bef	590
bellows	590
bitterness	590
bleaching	590
blythe	590
boswell	590
bounding	590
boyce	590
bribery	590
brill	590
brookhaven	590
buildup	590
bullion	590
busting	590
canceling	590
carer	590
carling	590
caro	590
chained	590
chaps	590
chiffon	590
chil	590
chiral	590
chisholm	590
chl	590
cholera	590
choo	590
chula	590
cie	590
clarifies	590
cleft	590
clog	590
clutches	590
cmms	590
cmr	590
coda	590
colouring	590
comedians	590
commuters	590
consumes	590
contemporaries	590
coos	590
corpora	590
cranky	590
crit	590
cryptic	590
cuddly	590
cults	590
cyanide	590
darius	590
davie	590
deafness	590
deceit	590
deflection	590
defy	590
delong	590
dieser	590
dimes	590
diocesan	590
dispensed	590
disqualification	590
donates	590
doubtless	590
dtp	590
dtr	590
duracell	590
durbin	590
dwayne	590
dystrophy	590
easel	590
elaborated	590
elevate	590
emailemail	590
embellishments	590
emusic	590
enthusiastically	590
entrees	590
ephemera	590
epithelium	590
epp	590
esac	590
esquire	590
essences	590
estado	590
estrada	590
evra	590
faceplates	590
falkirk	590
fanfare	590
feinstein	590
felicia	590
fermi	590
fetching	590
fia	590
fiddler	590
flinders	590
fof	590
footballs	590
foss	590
foursome	590
foxes	590
fq	590
freephone	590
gable	590
gac	590
gallatin	590
gatos	590
gauss	590
geeklog	590
gfp	590
glencoe	590
gnl	590
gpc	590
grandeur	590
grossly	590
grotesk	590
gts	590
gully	590
gunner	590
hangar	590
hateful	590
hawley	590
haydn	590
headlamp	590
hearst	590
heli	590
hideaway	590
hiroyuki	590
hongkong	590
humankind	590
hurried	590
huston	590
icf	590
icts	590
illini	590
impoverished	590
infomation	590
informationhide	590
infringing	590
interceptor	590
interlibrary	590
intoxicated	590
inverters	590
isolde	590
isr	590
jamster	590
jaya	590
jerks	590
johnnie	590
journalistic	590
joyous	590
kays	590
keats	590
kettles	590
keyed	590
kilt	590
kingfisher	590
klm	590
kostenlose	590
kristi	590
kwon	590
laced	590
lanai	590
landline	590
laureate	590
lawrenceville	590
leftfield	590
lemons	590
lettings	590
lian	590
linz	590
listinfo	590
livres	590
lod	590
lodi	590
loeb	590
lovingly	590
lucknow	590
macho	590
macpherson	590
magnavox	590
magnify	590
mame	590
manassas	590
mansions	590
mapper	590
marek	590
mares	590
marketwatch	590
mathematician	590
mccormack	590
mcmurray	590
mdi	590
merida	590
midsummer	590
minimalist	590
miramar	590
mise	590
mites	590
mlk	590
moisturizing	590
moline	590
motorhomes	590
mousse	590
multiculturalism	590
mysore	590
nantes	590
neill	590
newsreader	590
nilsson	590
ningbo	590
nonstick	590
noritake	590
novartis	590
numark	590
numerals	590
nutmeg	590
operand	590
origami	590
orthodoxy	590
ovation	590
overheard	590
overviews	590
paddock	590
palmyra	590
pantheon	590
paparazzi	590
pathname	590
pdu	590
persisted	590
petrochemical	590
phpnuke	590
pitts	590
plame	590
plm	590
plough	590
potion	590
ppe	590
pragma	590
precautionary	590
pricey	590
primedia	590
primus	590
pritchard	590
priv	590
procter	590
profiler	590
propensity	590
protagonist	590
provenance	590
puddle	590
pwc	590
querying	590
quill	590
rab	590
rata	590
raytheon	590
rcp	590
readout	590
realnetworks	590
reclining	590
reeve	590
refseq	590
reisen	590
rembrandt	590
restrain	590
reverb	590
revlon	590
riken	590
rodrigo	590
rox	590
rubric	590
saa	590
sala	590
samoan	590
sdm	590
servlets	590
severed	590
shameful	590
shekel	590
shp	590
sill	590
sloane	590
smelly	590
smokes	590
sob	590
sog	590
spitfire	590
springdale	590
sra	590
stabbed	590
staggered	590
staphylococcus	590
startled	590
stor	590
stratum	590
substring	590
summation	590
surpassed	590
suunto	590
swann	590
symphonies	590
syncmaster	590
syphilis	590
takers	590
teaspoons	590
tendon	590
testicular	590
thc	590
thirteenth	590
thrush	590
ticking	590
travail	590
tso	590
tsr	590
tss	590
umbilical	590
umpire	590
unmarked	590
untested	590
untrue	590
vacated	590
vegetative	590
vendetta	590
vente	590
ventilated	590
venting	590
verifies	590
verso	590
vigilance	590
vino	590
vir	590
walkway	590
walleye	590
weaponry	590
wearable	590
webbing	590
welivetogether	590
wfp	590
whereabouts	590
wherefore	590
whit	590
wholesome	590
wicklow	590
willful	590
winkler	590
wists	590
wolverines	590
wooster	590
worldcom	590
wrists	590
xfx	590
yasmin	590
yeats	590
yeti	590
yf	590
yhoo	590
zalman	590
zheng	590
zinkle	590
zucchini	590
abandoning	589
abp	589
absorber	589
adjectives	589
adversity	589
affirming	589
afrikaanse	589
agr	589
alastair	589
aldo	589
algerian	589
allie	589
almanacs	589
alphanumeric	589
amico	589
anesthesiology	589
aneurysm	589
anode	589
applique	589
apprehension	589
apprentices	589
archdiocese	589
armory	589
arne	589
asr	589
audiology	589
authorizations	589
avert	589
azim	589
backorder	589
bancorp	589
bandwagon	589
beattie	589
believable	589
bendigo	589
benelux	589
biggs	589
bij	589
birdie	589
blacksmith	589
blurb	589
bnp	589
bobbie	589
bodywork	589
bol	589
boomerang	589
booted	589
bottleneck	589
bower	589
brisk	589
bronchitis	589
buckeyes	589
buns	589
burnside	589
busters	589
butyl	589
byval	589
calico	589
caliper	589
caters	589
caveats	589
cebu	589
cerca	589
checkpoints	589
civilisation	589
classifier	589
classifying	589
closeups	589
cnbc	589
coagulation	589
coffees	589
coined	589
colognes	589
colonialism	589
colosseum	589
colossus	589
compiles	589
compromises	589
concave	589
conjugated	589
connexions	589
consents	589
contestant	589
corpses	589
corral	589
countertop	589
crepe	589
crispy	589
cushioned	589
dada	589
dann	589
dawes	589
deceive	589
deepening	589
defiant	589
defra	589
derechos	589
diligent	589
dishonesty	589
disseminating	589
dissociation	589
distract	589
dmitry	589
dominatrix	589
drapes	589
drugstore	589
dum	589
dura	589
edgewater	589
eeprom	589
eerie	589
egress	589
egullet	589
electrics	589
emilio	589
empowers	589
emptiness	589
encoders	589
epsom	589
erode	589
eroded	589
esophagus	589
excavations	589
exited	589
extremity	589
fafsa	589
feedburner	589
fingered	589
fitz	589
fixedhf	589
flashed	589
fodor	589
forearm	589
forested	589
forthwith	589
fortnight	589
frat	589
fremantle	589
frivolous	589
ful	589
furl	589
gannon	589
gef	589
generality	589
geometrical	589
gfx	589
ghg	589
gigagalleries	589
gingerbread	589
girly	589
gla	589
goalkeeper	589
greenway	589
groin	589
groningen	589
grumpy	589
gtx	589
hartlepool	589
hastily	589
hcc	589
hectare	589
helene	589
heresy	589
hickey	589
hogg	589
holm	589
holographic	589
holsters	589
homeownership	589
hora	589
hornby	589
horst	589
howling	589
hrm	589
humphreys	589
hypnotherapy	589
ibuprofen	589
imager	589
indecent	589
industrie	589
informix	589
innovators	589
installments	589
integrals	589
interlock	589
intimately	589
invader	589
jackass	589
jackpots	589
jacobsen	589
jamahiriya	589
janssen	589
javac	589
jena	589
jewell	589
johnstone	589
joni	589
kaleidoscope	589
kannada	589
kardon	589
kaufmann	589
keyless	589
kinsey	589
kirkpatrick	589
knowhere	589
koreans	589
krueger	589
labview	589
lain	589
lanyard	589
larval	589
latte	589
lcc	589
lem	589
lfs	589
lia	589
linton	589
lmb	589
longs	589
lonnie	589
lysine	589
macroeconomics	589
maddox	589
madsen	589
maidenhead	589
manatee	589
mata	589
mcf	589
meath	589
mercenaries	589
metroid	589
microbes	589
microprocessors	589
middlebury	589
misinformation	589
mistakenly	589
mnh	589
moab	589
modulated	589
moray	589
moser	589
mourn	589
mse	589
mua	589
muon	589
muppet	589
myst	589
nachrichten	589
nationale	589
nessus	589
netball	589
neuropathy	589
newmap	589
nikkor	589
nils	589
nop	589
norcross	589
noses	589
nozzles	589
oat	589
ocz	589
oddities	589
officemax	589
oiled	589
onslaught	589
oppressive	589
opticians	589
optometrists	589
orbiter	589
orphaned	589
osborn	589
osiris	589
pagers	589
partying	589
pasting	589
pastries	589
patriarch	589
perjury	589
phonetic	589
pieter	589
plunged	589
pmp	589
polymerization	589
polynesian	589
ponce	589
pores	589
powerfully	589
ppd	589
prasad	589
prescreened	589
priory	589
pronto	589
prp	589
prudence	589
puritan	589
qh	589
radiative	589
raisins	589
randomness	589
reals	589
realy	589
redefined	589
regressions	589
reinventing	589
repatriation	589
repro	589
reqs	589
requisites	589
resettlement	589
respirator	589
restructure	589
ringo	589
roadways	589
rpi	589
sailboat	589
salaam	589
salud	589
sav	589
scorers	589
sdf	589
seaport	589
sens	589
sequin	589
sexshow	589
shale	589
shaolin	589
sharpen	589
sharpness	589
sheepskin	589
shoemaker	589
shopped	589
sideshow	589
simeon	589
sio	589
sirens	589
sitcom	589
siting	589
sizzling	589
slp	589
snell	589
snitz	589
socal	589
soften	589
spamassassin	589
sprouts	589
startseite	589
starved	589
stencils	589
stipulation	589
stk	589
stonewall	589
strcmp	589
structurally	589
studi	589
suicides	589
supermicro	589
svr	589
swain	589
tasteful	589
temecula	589
termite	589
thawte	589
therese	589
thirdly	589
thule	589
timesselect	589
tio	589
tito	589
tol	589
tors	589
tortilla	589
torts	589
tots	589
tpa	589
tps	589
treasured	589
tris	589
troupe	589
turkeys	589
turnbull	589
ucb	589
uclibc	589
ufos	589
unbelievably	589
undermining	589
unethical	589
unfairly	589
unis	589
unlicensed	589
unrivaled	589
vacances	589
varna	589
vcs	589
viacom	589
vigilant	589
vistas	589
waite	589
watercolour	589
weatherford	589
westbrook	589
whirlwind	589
whos	589
wiggins	589
wiping	589
wolcott	589
womans	589
woolf	589
wrestlers	589
wrongs	589
zak	589
zeu	589
aachen	588
abreast	588
acces	588
accuses	588
acidity	588
addis	588
adhering	588
aer	588
afar	588
albrecht	588
alesis	588
algo	588
alhambra	588
amit	588
amusements	588
anaesthesia	588
annihilation	588
answerer	588
aotearoa	588
apologise	588
aquatics	588
argon	588
aromas	588
arranger	588
ascertained	588
assassins	588
atherton	588
ato	588
attrition	588
australasian	588
avc	588
aws	588
axioms	588
ayurvedic	588
baa	588
babcock	588
beasley	588
benthic	588
bihar	588
billboards	588
bioterrorism	588
biotin	588
bloke	588
blount	588
bluebird	588
boasting	588
bogart	588
bongo	588
boop	588
boroughs	588
breached	588
breakthroughs	588
brenner	588
brevard	588
briefcases	588
brutally	588
bruxelles	588
brw	588
buffett	588
bugtraq	588
butchers	588
bvlgari	588
byers	588
calibre	588
calif	588
carefree	588
cari	588
carlin	588
cashback	588
causeway	588
cedex	588
centering	588
cess	588
charlestown	588
chc	588
chews	588
chlorophyll	588
cirrhosis	588
clams	588
cleary	588
clockwork	588
codified	588
codon	588
coheed	588
colton	588
comforters	588
compounding	588
compte	588
conglomerate	588
connexion	588
conservatories	588
cotswold	588
cpage	588
cranberries	588
culminating	588
curiously	588
cyndi	588
cyp	588
cytoplasm	588
darin	588
decadent	588
decency	588
deformed	588
delia	588
deliberation	588
deliverance	588
densely	588
detriment	588
digests	588
discos	588
discourses	588
dismantling	588
distrust	588
dlc	588
dpf	588
droit	588
dsr	588
dtc	588
duets	588
duplicator	588
dvorak	588
dxf	588
eastbourne	588
ebb	588
echelon	588
econometrics	588
electrochemical	588
elmhurst	588
eloquent	588
emb	588
engr	588
erisa	588
escalating	588
etch	588
existential	588
expatriate	588
extradition	588
extremities	588
falk	588
fastened	588
fawn	588
fdr	588
ferrell	588
fiercely	588
flac	588
flatshare	588
flexi	588
flightplan	588
fluctuation	588
fora	588
formaldehyde	588
foro	588
fraternal	588
freescale	588
fsf	588
fuer	588
fullness	588
fumble	588
fundamentalism	588
gab	588
gaba	588
gabba	588
geologist	588
germination	588
gershwin	588
geschichte	588
gestation	588
gianni	588
gls	588
glycine	588
gmake	588
goldie	588
goode	588
gooshing	588
grasslands	588
groton	588
groupsex	588
guid	588
guillermo	588
guise	588
gutters	588
gwent	588
habitual	588
hampden	588
hampered	588
handshake	588
hatton	588
hellometro	588
hideous	588
hindus	588
hitman	588
hogwarts	588
homebuyers	588
hoodies	588
hooray	588
humanist	588
hydrolysis	588
hysteria	588
immunizations	588
imputation	588
incarcerated	588
ine	588
infotech	588
ings	588
inhabit	588
innovate	588
insistence	588
insuring	588
intelligently	588
interstellar	588
intranets	588
intuitively	588
iras	588
isk	588
iucn	588
jah	588
jeannie	588
jeb	588
jerky	588
jetty	588
juicer	588
junctions	588
kaufen	588
keenan	588
kelli	588
kendra	588
kenton	588
kershaw	588
kipling	588
krumble	588
labia	588
lak	588
lassen	588
laurier	588
leas	588
leatherman	588
leavenworth	588
levee	588
levies	588
lipoprotein	588
liteon	588
lithograph	588
lloyds	588
logins	588
loomis	588
lorenz	588
loudspeakers	588
lovell	588
lta	588
ludacris	588
lurker	588
luster	588
mab	588
macomb	588
magee	588
magnifying	588
mahjong	588
mailinglist	588
makin	588
mangrove	588
manley	588
marconi	588
massimo	588
mathias	588
mcmanus	588
mdf	588
mecklenburg	588
mee	588
mehta	588
melatonin	588
memoranda	588
mercenary	588
mercier	588
merrimack	588
metacrawler	588
metallurgy	588
metrology	588
microns	588
millar	588
misha	588
mockingbird	588
moda	588
mogul	588
moncton	588
monolithic	588
monstrous	588
morph	588
mountaineers	588
msec	588
muncie	588
murderers	588
murderous	588
narrows	588
ncs	588
necks	588
nei	588
nepa	588
neq	588
nexrad	588
nha	588
nicest	588
nikko	588
nls	588
nobles	588
nogroup	588
norah	588
nukes	588
obscured	588
ocaml	588
odin	588
olney	588
ond	588
osceola	588
osnews	588
ote	588
overlays	588
overrun	588
oxnard	588
palais	588
panoramas	588
papal	588
pathogenic	588
pennant	588
perched	588
perils	588
phony	588
piccadilly	588
pietro	588
planetarium	588
pleated	588
plenum	588
polifoniczne	588
pompano	588
ponte	588
populace	588
positional	588
powering	588
powerless	588
prejudices	588
prin	588
priser	588
prophylaxis	588
proportionate	588
proverb	588
publib	588
purported	588
pylori	588
queuing	588
raffles	588
raritan	588
rasmus	588
receiverdvb	588
reconnect	588
rectum	588
redman	588
refinements	588
reis	588
remo	588
reopened	588
repost	588
rerun	588
resists	588
restated	588
resurfacing	588
rhys	588
riverfront	588
rmb	588
robles	588
rounder	588
rudder	588
ruskin	588
sadism	588
salter	588
scaffolding	588
scares	588
scop	588
searcher	588
sedimentary	588
segmented	588
segond	588
selby	588
sensed	588
sequenced	588
serra	588
sess	588
sfr	588
shaky	588
shiite	588
shipyard	588
skewed	588
slalom	588
snowmobiling	588
snowshoeing	588
soles	588
souza	588
speck	588
sprang	588
steaming	588
stetson	588
stoner	588
stoneware	588
stoppers	588
subcontract	588
subdued	588
sunroof	588
surpass	588
suspicions	588
sweaty	588
switcher	588
tantra	588
teaming	588
teeny	588
terr	588
testicles	588
texinfo	588
thingy	588
throwback	588
tightened	588
tla	588
tompkins	588
tourmaline	588
traci	588
transferase	588
tribeca	588
tron	588
twenties	588
tyrant	588
ulm	588
umbro	588
umc	588
underestimated	588
undone	588
unifying	588
unstructured	588
unsurpassed	588
untranslated	588
uplift	588
uppercase	588
ure	588
usefull	588
uttar	588
valuing	588
varnish	588
vee	588
vfs	588
vials	588
videoconferencing	588
videogame	588
vila	588
vomit	588
vsize	588
vst	588
waterhouse	588
wausau	588
webnotify	588
welder	588
wiccan	588
willoughby	588
wnd	588
wretched	588
xiao	588
xlt	588
xw	588
accords	587
acoustical	587
adecco	587
afrika	587
agi	587
agus	587
amerisuites	587
ane	587
anno	587
annuals	587
anson	587
antiretroviral	587
antonia	587
anzeigen	587
apl	587
apportionment	587
aquinas	587
arousal	587
artefacts	587
astonished	587
atvs	587
aural	587
auteur	587
automates	587
bane	587
battleship	587
beastility	587
bene	587
bigfoot	587
bisque	587
bittersweet	587
blindly	587
bobs	587
boi	587
bourke	587
branched	587
brandi	587
brava	587
breakage	587
bridgestone	587
brno	587
broadest	587
bustling	587
canadiens	587
capstone	587
carbondale	587
caretaker	587
categorize	587
cdata	587
champlain	587
characterisation	587
chianti	587
chipped	587
cial	587
coffey	587
coincides	587
coldwater	587
columbine	587
combatants	587
comprar	587
confiscated	587
constrain	587
contax	587
contended	587
contractions	587
contraindications	587
conveyancing	587
cortislim	587
creamer	587
cris	587
csn	587
cultivars	587
cultivating	587
custard	587
cwt	587
damper	587
dancehall	587
darien	587
davidoff	587
dce	587
ddt	587
deacons	587
declan	587
decommissioning	587
decrees	587
designates	587
despise	587
deteriorated	587
dias	587
diddy	587
differentials	587
disables	587
disagreements	587
disambiguation	587
disappoint	587
discharging	587
disobedience	587
disp	587
divination	587
dobbs	587
domestically	587
dormitory	587
dowling	587
drayton	587
drenched	587
droits	587
dugout	587
dunne	587
durant	587
dwarfs	587
echinacea	587
edonkey	587
eels	587
effingham	587
einai	587
embo	587
emir	587
etext	587
evangelion	587
excretion	587
fag	587
fbo	587
federalist	587
feeble	587
feminists	587
fesseln	587
fff	587
fiasco	587
fifties	587
finden	587
firewood	587
fledged	587
floated	587
flue	587
fopen	587
foreskin	587
forgiving	587
forts	587
foundries	587
fresco	587
frigidaire	587
frown	587
fulfilment	587
galt	587
garnish	587
gat	587
gatekeeper	587
gatt	587
genevieve	587
gentile	587
gentiles	587
geophys	587
gestion	587
gfs	587
gizmos	587
goodmans	587
goody	587
gout	587
gra	587
grandview	587
grieve	587
gunmen	587
gustavo	587
hah	587
halibut	587
handicapping	587
hasan	587
haw	587
heinemann	587
helphelp	587
hidalgo	587
hillman	587
hobbes	587
hoboken	587
hombres	587
homemaker	587
horsham	587
hourglass	587
hoyle	587
hoyt	587
hyperbolic	587
ideologies	587
incandescent	587
inetpub	587
inhibiting	587
inhuman	587
interprets	587
intersect	587
inventing	587
ioffer	587
irritated	587
ise	587
isolating	587
iy	587
jae	587
janvier	587
jardin	587
jing	587
jornada	587
kailua	587
karan	587
kenai	587
kepler	587
kfc	587
kidz	587
kiel	587
kristine	587
lawless	587
levis	587
linuxworld	587
lizzy	587
loa	587
loaders	587
lockport	587
loudspeaker	587
lucerne	587
madman	587
magicians	587
malden	587
mammary	587
margo	587
marius	587
massa	587
microfiche	587
midgets	587
mildew	587
minsk	587
mip	587
misfortune	587
mita	587
mitac	587
mlo	587
mmmm	587
mobs	587
mortensen	587
moschino	587
mugabe	587
mul	587
muvo	587
mvn	587
mycobacterium	587
mystique	587
nationalities	587
nazarene	587
nda	587
negra	587
nephrology	587
neverwinter	587
notations	587
nq	587
nrw	587
oai	587
oakdale	587
objectweb	587
oes	587
okc	587
olin	587
orchestras	587
orissa	587
oup	587
oxo	587
pagetop	587
paloma	587
patrice	587
peeling	587
peering	587
pelvis	587
penrith	587
petro	587
phish	587
photovoltaic	587
pittsfield	587
pleasurable	587
pollack	587
portables	587
portrays	587
postgres	587
potluck	587
potsdam	587
ppa	587
premierguide	587
preservatives	587
prius	587
privy	587
profiled	587
prosthetic	587
pstn	587
publicized	587
qantas	587
qstring	587
rcra	587
rebuttal	587
redline	587
refineries	587
reflexology	587
reggaeton	587
registrants	587
rehearsals	587
reigns	587
reins	587
reinstated	587
reo	587
repertory	587
ridicule	587
rigidity	587
roadshow	587
rockabilly	587
rok	587
rollin	587
ronan	587
rta	587
rubs	587
rudd	587
rundown	587
russel	587
sabah	587
sabi	587
santorum	587
sarajevo	587
scrambling	587
sculpted	587
sensei	587
sepia	587
serenade	587
setbacks	587
shaffer	587
shiloh	587
shimmering	587
shipbuilding	587
shun	587
sidelines	587
silas	587
silverware	587
slings	587
slumber	587
smokin	587
solano	587
solihull	587
solvers	587
sophos	587
sor	587
spitzer	587
squamous	587
ssangyong	587
ssrn	587
standoff	587
steels	587
subconscious	587
superbly	587
surat	587
sweats	587
swimsuits	587
talisman	587
tama	587
tation	587
tatu	587
tchaikovsky	587
teatro	587
teoma	587
tga	587
thaw	587
thermodynamic	587
thoreau	587
toi	587
tombs	587
toolbars	587
touchstone	587
trampolines	587
transessuale	587
trimmers	587
triumphant	587
trouser	587
truffles	587
tsc	587
tumbling	587
tumours	587
tunis	587
ucd	587
underscores	587
unintentional	587
unnoticed	587
unpack	587
unpacking	587
unplanned	587
uq	587
valence	587
vandals	587
vfr	587
vgn	587
virol	587
wagga	587
wank	587
watergate	587
wcities	587
weathered	587
westbury	587
whitehouse	587
whomever	587
wmissing	587
wondrous	587
wylie	587
wz	587
xine	587
yahweh	587
yamada	587
abrasives	586
accessoires	586
accumulating	586
aching	586
acuity	586
addi	586
adrenergic	586
aerosols	586
ako	586
alene	586
allrecipes	586
alumnus	586
amb	586
amounting	586
annealing	586
antidote	586
applicator	586
archeological	586
archeology	586
arun	586
ashe	586
assholes	586
aster	586
atcc	586
auctioneer	586
auctioneers	586
audigy	586
baseman	586
bca	586
benito	586
berne	586
bexley	586
beyer	586
bianchi	586
bibl	586
billig	586
bjork	586
blackhawks	586
blackwood	586
bloomingdale	586
blouses	586
bobcat	586
boch	586
boer	586
bogota	586
boils	586
bonaire	586
bor	586
botanicals	586
bottling	586
bracknell	586
brant	586
breakpoint	586
breathed	586
breezes	586
bremer	586
brigitte	586
brl	586
buscador	586
buyout	586
cag	586
caine	586
caldera	586
canola	586
canteen	586
caricature	586
carpeting	586
casket	586
cdd	586
cga	586
chants	586
chiapas	586
chills	586
circulars	586
cocksucking	586
collapses	586
comanche	586
combustible	586
completions	586
concede	586
coquitlam	586
corinth	586
covey	586
cranial	586
ctp	586
culprit	586
cupertino	586
curated	586
curls	586
cymbals	586
dachshund	586
daniela	586
darkened	586
datagram	586
davy	586
daze	586
decipher	586
decoded	586
decontamination	586
deforestation	586
defunct	586
deities	586
delgado	586
descr	586
detour	586
dha	586
diag	586
dials	586
dickey	586
dioxin	586
disapprove	586
discogs	586
disinfection	586
disponible	586
distillation	586
dodger	586
donde	586
donne	586
drone	586
drowsiness	586
dtm	586
duc	586
edging	586
effortless	586
elsif	586
emblems	586
enchantment	586
enhydra	586
enr	586
ens	586
entrenched	586
equilibria	586
esr	586
esteemed	586
euclidean	586
eukaryotic	586
euphoria	586
eurasia	586
experi	586
eyepiece	586
facelift	586
fallacy	586
farce	586
farr	586
fein	586
feingold	586
fenders	586
ferns	586
fft	586
fibroblasts	586
fick	586
fim	586
finalised	586
formalism	586
fpc	586
freedict	586
freehand	586
friendliness	586
frisbee	586
frustrations	586
gamepro	586
geog	586
giggle	586
glittering	586
godly	586
greenbelt	586
gregorian	586
greta	586
gry	586
gund	586
guo	586
gyfer	586
haggard	586
hammocks	586
hangzhou	586
hardstyle	586
harmonies	586
harrah	586
hashcode	586
hayman	586
healthiest	586
heatsink	586
hehehe	586
hemlock	586
hindsight	586
hmmmm	586
howdy	586
hss	586
humidifier	586
husbandry	586
hydroelectric	586
hyperactivity	586
hysterical	586
iata	586
icrc	586
idp	586
ihs	586
iia	586
incapacity	586
indebted	586
ines	586
intensify	586
intramural	586
invincible	586
islamist	586
itil	586
jab	586
jails	586
jamming	586
jkt	586
jsr	586
killeen	586
kinship	586
krw	586
kubrick	586
kyrgyz	586
langdon	586
layoff	586
lazio	586
leandro	586
lessig	586
leuven	586
lewisville	586
libexec	586
liga	586
lighten	586
lismore	586
loathing	586
lockdown	586
logarithmic	586
logfile	586
longwood	586
ltsn	586
ltte	586
lunatic	586
mainstay	586
manger	586
mani	586
marisa	586
marlon	586
mathematicians	586
maximizes	586
meghan	586
megs	586
melts	586
merciful	586
metastasis	586
mezzanine	586
milligrams	586
misfits	586
misled	586
mittens	586
morissette	586
mucosa	586
musically	586
nameless	586
nanjing	586
nanotubes	586
nbs	586
nella	586
nepali	586
nicknames	586
nicks	586
nineties	586
nlrb	586
nmfs	586
noam	586
northrop	586
novi	586
noxious	586
nsp	586
nugent	586
nwn	586
ominous	586
omnibook	586
ontologies	586
orientated	586
ous	586
overkill	586
padilla	586
pamper	586
parlour	586
pena	586
perfusion	586
perverse	586
philipp	586
platelets	586
pld	586
poisons	586
poking	586
polos	586
popper	586
postseason	586
practised	586
preise	586
printk	586
prometheus	586
pron	586
pse	586
pss	586
puncture	586
punisher	586
pyrenees	586
quieter	586
quiksilver	586
radioactivity	586
raisin	586
rapidshare	586
reachable	586
recoil	586
reconciled	586
recovers	586
rectify	586
reece	586
regimens	586
reorder	586
replays	586
reproducible	586
requester	586
requisition	586
resection	586
revell	586
revo	586
rhone	586
roadrunner	586
robby	586
roderick	586
rpgs	586
rushes	586
salina	586
sandalwood	586
sce	586
sched	586
schon	586
seagull	586
serialized	586
sexape	586
shitty	586
shroud	586
shrug	586
sions	586
siu	586
skydiving	586
slicing	586
smoothie	586
snails	586
sniffing	586
snohomish	586
soe	586
sof	586
somethin	586
spiced	586
spinners	586
spire	586
springtime	586
sqlite	586
stead	586
stoney	586
stork	586
strathclyde	586
streaks	586
stringer	586
susanne	586
syringes	586
tabbed	586
tallest	586
tamiya	586
tania	586
tarantino	586
tascam	586
tasman	586
tcu	586
techie	586
telus	586
thunderbirds	586
tigerdirect	586
timmy	586
tipo	586
tipperary	586
touchscreen	586
tradeshow	586
trannies	586
transact	586
transmittal	586
transparencies	586
transporters	586
trickle	586
trot	586
tsb	586
tun	586
tunic	586
uncanny	586
underside	586
unveil	586
userpics	586
versiontracker	586
videographers	586
virtuous	586
visibly	586
voltaire	586
vpns	586
vtech	586
waistband	586
wald	586
wcs	586
whack	586
wince	586
wok	586
woodford	586
woof	586
wor	586
worden	586
wot	586
wrecked	586
wrestle	586
wxga	586
yearning	586
yoko	586
yorkers	586
yung	586
zaf	586
zed	586
zf	586
zim	586
abusers	585
adderall	585
addon	585
adjuster	585
adresse	585
affectionate	585
aidan	585
airman	585
airwaves	585
aml	585
amplitudes	585
anamorphic	585
antler	585
apologetics	585
arias	585
ashtray	585
atg	585
atr	585
azz	585
babble	585
bales	585
bangladeshi	585
baptiste	585
barm	585
barth	585
basalt	585
begs	585
bernadette	585
bhopal	585
bizarr	585
blackbird	585
boces	585
bode	585
bok	585
bolle	585
borneo	585
bosom	585
bowles	585
boynton	585
brandenburg	585
brite	585
brittney	585
brixton	585
brocade	585
bureaucrats	585
burlingame	585
busts	585
buzzing	585
buzzwords	585
bybel	585
cadiz	585
callmanager	585
cally	585
camargo	585
camels	585
candice	585
candlelight	585
carats	585
cashing	585
causation	585
centerline	585
chairmen	585
characterizing	585
chatrooms	585
checkbook	585
chien	585
cif	585
cim	585
circ	585
circulatory	585
clarifications	585
clc	585
cleats	585
cognac	585
concertos	585
configurator	585
conley	585
connell	585
continuance	585
convocation	585
conyers	585
coolidge	585
copley	585
corals	585
corsets	585
cowley	585
coworkers	585
crabtree	585
criticizing	585
critter	585
crunchy	585
cus	585
cutaneous	585
cuthbert	585
cuties	585
cyclin	585
cyclist	585
cypriot	585
dauphin	585
deciduous	585
deng	585
deprive	585
desking	585
deteriorating	585
dexterity	585
dfes	585
diamante	585
dieses	585
disagrees	585
disallow	585
disjoint	585
distracting	585
diversify	585
dolor	585
dowd	585
drawstring	585
dreamworks	585
drifted	585
drwxrwxr	585
dubya	585
earmarked	585
eased	585
efi	585
ehrlich	585
elkins	585
ema	585
emphasise	585
empirically	585
empresa	585
encephalitis	585
endlessly	585
endoscopy	585
endowments	585
energized	585
englisch	585
enlightening	585
eno	585
entert	585
ephraim	585
epo	585
eroticos	585
erratic	585
escrituras	585
excellency	585
exch	585
executables	585
expats	585
extracurricular	585
fairytale	585
faithless	585
familiarize	585
fascia	585
fea	585
feelin	585
ferrara	585
fidel	585
filer	585
firefighting	585
foggy	585
fondue	585
foothill	585
foraging	585
forgery	585
friendster	585
frodo	585
fryers	585
gagging	585
gawker	585
generics	585
geriatrics	585
gilchrist	585
gio	585
goddesses	585
gpu	585
grasping	585
greener	585
grimsby	585
grinned	585
grudge	585
guerlain	585
gyno	585
hamm	585
hardships	585
harriers	585
hasty	585
haverhill	585
hbp	585
helical	585
hemscott	585
hesitant	585
highspeed	585
hijacked	585
hikers	585
histone	585
hugging	585
hussain	585
icalendar	585
ifp	585
imitate	585
impeccable	585
incision	585
inest	585
infrequent	585
inman	585
institutionalized	585
insufficiency	585
interstitial	585
invert	585
jagger	585
jalan	585
jamison	585
jarhead	585
jer	585
jumble	585
junit	585
justifying	585
karla	585
kds	585
keaton	585
kenner	585
kilo	585
klicken	585
koenig	585
kors	585
kowloon	585
kremlin	585
layering	585
leafy	585
lehmann	585
limewire	585
lnb	585
loadavg	585
lowdown	585
ludhiana	585
lumen	585
lusty	585
lvm	585
magneto	585
mallard	585
maneuvers	585
maniacs	585
marche	585
marketplaces	585
matured	585
mcdonell	585
mcfadden	585
mcgovern	585
mclachlan	585
mcm	585
merrick	585
messina	585
metart	585
micheal	585
microchip	585
microcontroller	585
microdrive	585
midrange	585
mille	585
millet	585
minimums	585
mitre	585
mln	585
mnem	585
modulo	585
moisturizer	585
momo	585
mooring	585
mortuary	585
mosaics	585
msx	585
mull	585
murfreesboro	585
musicmatch	585
nacl	585
nance	585
nedstat	585
needlepoint	585
neiman	585
neurobiology	585
niches	585
nikolai	585
nmap	585
nnn	585
nods	585
norse	585
notecards	585
nuys	585
nvq	585
oas	585
objc	585
ocd	585
oems	585
olivetti	585
openldap	585
opioid	585
ort	585
othello	585
overboard	585
overlooks	585
overton	585
paraffin	585
partie	585
passionately	585
payton	585
pedo	585
peppermill	585
pereira	585
perla	585
persecuted	585
pessimistic	585
philanthropic	585
photosynthesis	585
phpgroupware	585
pickens	585
picky	585
pious	585
playmates	585
pocatello	585
poco	585
pon	585
porters	585
portlet	585
postman	585
potpourri	585
precaution	585
preheat	585
premiered	585
premieres	585
pressured	585
pretreatment	585
prevails	585
procured	585
propagated	585
proscar	585
psychoanalysis	585
pti	585
puzzling	585
pyobject	585
qj	585
quaternary	585
quid	585
rapes	585
rcmp	585
rdr	585
realising	585
recliner	585
redlands	585
regained	585
remanded	585
remotes	585
retin	585
richey	585
rightful	585
robo	585
rookies	585
roto	585
ryu	585
sabres	585
sagradas	585
scarecrow	585
schindler	585
schumann	585
sealant	585
seaweed	585
seb	585
setups	585
sfa	585
shangri	585
shari	585
shoebox	585
shone	585
shortwave	585
shs	585
signatory	585
sigs	585
siti	585
slay	585
sml	585
sodimm	585
songtext	585
spankings	585
spousal	585
squirters	585
statenvertaling	585
statm	585
steed	585
stimulant	585
straighten	585
stratified	585
stroking	585
subspace	585
subtracted	585
sudo	585
suonerie	585
superpower	585
supersonic	585
susquehanna	585
sysadmin	585
tanzanite	585
tarts	585
tch	585
tcmseq	585
technische	585
tefl	585
teletext	585
texarkana	585
thea	585
thelma	585
thorns	585
threonine	585
tianjin	585
timberwolves	585
tix	585
tomatometer	585
tonal	585
tonnage	585
totalling	585
tou	585
translational	585
trisha	585
trium	585
tropez	585
trove	585
ttt	585
twikipreferences	585
twinlab	585
ucf	585
uit	585
uncheck	585
underfull	585
undeveloped	585
undisputed	585
unfolds	585
unimportant	585
unites	585
unrecognized	585
untill	585
urns	585
urs	585
userinfo	585
utm	585
utterance	585
uzbek	585
vermilion	585
vick	585
virtuoso	585
vivaldi	585
vlad	585
vob	585
votive	585
wading	585
wafers	585
wasps	585
webmasterworld	585
webrings	585
wetting	585
wham	585
windscreen	585
winnebago	585
woburn	585
wres	585
wyeth	585
youll	585
zaragoza	585
zionism	585
zoological	585
acceptability	584
acdbcircle	584
adenocarcinoma	584
adjuvant	584
adl	584
adventurer	584
afghans	584
agg	584
ags	584
ahhh	584
aleph	584
alimony	584
alkali	584
allman	584
amine	584
anaconda	584
angelfire	584
ano	584
arable	584
arched	584
arresting	584
ashrae	584
astor	584
auntie	584
avila	584
avondale	584
awfully	584
awoke	584
azres	584
backside	584
barebones	584
barium	584
basf	584
basilica	584
battleground	584
bavarian	584
beckman	584
berks	584
bewitched	584
bidirectional	584
blames	584
bmj	584
bobo	584
bordered	584
boro	584
boxset	584
brandeis	584
bree	584
brut	584
bsnl	584
btn	584
budweiser	584
builtin	584
bumpy	584
burley	584
buscar	584
cahill	584
cairn	584
cancelling	584
candace	584
candlewood	584
canopies	584
carfax	584
celestron	584
chapin	584
chatsworth	584
chia	584
chica	584
chn	584
churn	584
claritin	584
clove	584
cmm	584
coburn	584
coc	584
colpo	584
concomitant	584
congestive	584
connery	584
conroy	584
constitutionally	584
conveniences	584
corbis	584
corneal	584
cornelia	584
countermeasures	584
cranston	584
crayons	584
creationism	584
crl	584
crockpot	584
crucified	584
crusher	584
curfew	584
decca	584
decompression	584
diameters	584
dictation	584
dirs	584
disapproval	584
disclaim	584
discontent	584
disgusted	584
dislikes	584
distort	584
dmd	584
donner	584
dork	584
dra	584
draco	584
drinker	584
duvall	584
dwellers	584
ecotourism	584
efa	584
electing	584
elmwood	584
elo	584
emphysema	584
endanger	584
enlist	584
epistemology	584
epl	584
equate	584
eral	584
ett	584
evacuate	584
exemplified	584
exerted	584
expend	584
farrar	584
feats	584
fei	584
fenway	584
fetchmail	584
feud	584
ffs	584
fillet	584
firsthand	584
fod	584
fontaine	584
foreseen	584
frail	584
francine	584
frans	584
freesex	584
freiburg	584
fueling	584
fukuoka	584
galen	584
galena	584
garnett	584
gaz	584
gestational	584
gian	584
gigi	584
gist	584
giver	584
glbt	584
gmo	584
grantham	584
greensburg	584
grosvenor	584
grumman	584
gujarati	584
gwinnett	584
haifa	584
hamlin	584
handicraft	584
hangman	584
happiest	584
hayley	584
hdv	584
hea	584
healthwise	584
heartbreak	584
heuristics	584
hijackthis	584
hinckley	584
hkcu	584
hologram	584
hombre	584
horney	584
humming	584
hydrophobic	584
ibc	584
ilford	584
illiterate	584
impart	584
inactivation	584
indented	584
inflatables	584
intimidated	584
irina	584
irma	584
irradiated	584
iwork	584
jello	584
jscript	584
jse	584
juliana	584
justifies	584
kava	584
kendrick	584
ketchup	584
keylogger	584
kiefer	584
kiki	584
knits	584
knopf	584
kravitz	584
kronos	584
kroon	584
kurdistan	584
lada	584
langston	584
latitudes	584
leadtek	584
leech	584
leisurely	584
leno	584
leveraged	584
leyland	584
lga	584
libro	584
limitless	584
linger	584
lisboa	584
literatures	584
loki	584
loosing	584
looting	584
lowland	584
lucca	584
lymphatic	584
maar	584
macaroni	584
macular	584
madre	584
mallet	584
marshfield	584
masons	584
mastermind	584
matisse	584
mauro	584
mayflower	584
mayonnaise	584
mbna	584
mccarty	584
memoriam	584
meng	584
merino	584
metafilter	584
mika	584
militaria	584
millard	584
millie	584
millimeter	584
minnetonka	584
mitt	584
modeler	584
morehead	584
mountable	584
mouthpiece	584
mowing	584
msft	584
mtime	584
mulligan	584
mun	584
munch	584
muted	584
myeloma	584
mylar	584
myles	584
naacp	584
nagasaki	584
neale	584
newswatch	584
nigger	584
nimbus	584
niro	584
nog	584
nomadic	584
nonzero	584
noticeboard	584
nrg	584
nutty	584
nymph	584
oceanographic	584
ods	584
ofc	584
ofertas	584
ohs	584
olap	584
olfactory	584
oliveira	584
orthopaedics	584
osteopathic	584
oui	584
paddlesports	584
painkiller	584
pajama	584
palmerston	584
parallelism	584
parka	584
parr	584
pathologist	584
peking	584
permutation	584
piling	584
plasmids	584
pob	584
pocahontas	584
predictability	584
prefs	584
prematurely	584
preps	584
preventable	584
prized	584
proactively	584
profane	584
progressives	584
prolong	584
prune	584
psychosis	584
ptcldy	584
punishing	584
rawk	584
reassuring	584
rectifi	584
refinishing	584
regenerate	584
reincarnation	584
rejuvenation	584
reloading	584
reserving	584
restrooms	584
resumption	584
resuscitation	584
returnable	584
revamped	584
riva	584
rmit	584
rns	584
robber	584
robbers	584
rollback	584
rollercoaster	584
rolleyes	584
romney	584
roundups	584
roving	584
rsi	584
sapporo	584
sari	584
sausages	584
scaffold	584
scallops	584
scanjet	584
scavenger	584
schilling	584
scouse	584
scrape	584
sdc	584
seedling	584
sever	584
shearer	584
sida	584
skk	584
sloping	584
smartest	584
snape	584
snowball	584
snowshoe	584
softened	584
solana	584
soloist	584
spake	584
spock	584
sportsline	584
stackable	584
stahl	584
starfish	584
steffen	584
stooges	584
stratification	584
stryker	584
stylistic	584
subdivided	584
subordinated	584
sumatra	584
surcharges	584
surges	584
swank	584
tage	584
tant	584
tdc	584
tectonic	584
terraserver	584
thd	584
thinly	584
tikes	584
timo	584
tng	584
toning	584
toolkits	584
toric	584
touted	584
traitor	584
travelogues	584
travolta	584
tsg	584
tunisian	584
turbidity	584
tus	584
twikivariables	584
tyneside	584
ubi	584
ucsc	584
ucsf	584
unambiguous	584
underserved	584
unheard	584
unists	584
unlucky	584
unsw	584
vaccinated	584
vedic	584
vernacular	584
villeroy	584
viscous	584
vividly	584
vrml	584
vz	584
wahl	584
weaning	584
webdav	584
wega	584
welles	584
westgate	584
wid	584
widened	584
wildflower	584
wirral	584
woofer	584
xz	584
yawn	584
zas	584
zocor	584
zzz	584
absorbs	583
accom	583
acls	583
adagio	583
adamson	583
advancements	583
agnostic	583
albemarle	583
alcoa	583
alm	583
amon	583
anastacia	583
andean	583
anglesey	583
argonne	583
armpit	583
asain	583
asca	583
ascended	583
ath	583
audioscrobbler	583
auger	583
auschwitz	583
avanti	583
avocent	583
ayn	583
ayumi	583
baan	583
backlit	583
bacterium	583
baits	583
baku	583
basing	583
baumatic	583
bcd	583
beasteality	583
bela	583
beretta	583
bernice	583
betts	583
bfi	583
bir	583
blige	583
bock	583
bonne	583
bookworm	583
bothering	583
bothers	583
bountiful	583
boyds	583
brea	583
broughton	583
burials	583
bushing	583
buttocks	583
camedia	583
cannons	583
capo	583
caribe	583
carnitine	583
carriages	583
ced	583
chancery	583
chargeable	583
charlize	583
chatterbox	583
chipsets	583
chiropractor	583
choirs	583
chopping	583
chromatic	583
citeseer	583
clandestine	583
clomid	583
cnrs	583
coeds	583
coimbatore	583
colfax	583
collaboratively	583
collapsing	583
comparator	583
comrade	583
conductance	583
coors	583
costco	583
covent	583
crossfade	583
crumb	583
ctd	583
cubicle	583
culmination	583
cultivar	583
dagen	583
dales	583
dawg	583
dawkins	583
decedent	583
dect	583
deduced	583
delmar	583
delusion	583
demonic	583
denounced	583
deported	583
devlin	583
dimethyl	583
diseased	583
disposing	583
dodson	583
domes	583
domicile	583
drapery	583
dressers	583
drier	583
dte	583
dundas	583
duplicators	583
dvs	583
eigenvalue	583
electroclash	583
emptied	583
enacting	583
endeavours	583
enero	583
enoch	583
entrant	583
eras	583
ernesto	583
erupted	583
eunice	583
execs	583
executor	583
exorcism	583
explodes	583
facs	583
faerie	583
fanfiction	583
fanning	583
farnham	583
fiend	583
fireside	583
fkq	583
flattened	583
fling	583
flocks	583
florals	583
fong	583
foodstuffs	583
fortifying	583
fostered	583
foucault	583
franck	583
fredrick	583
fsm	583
fss	583
gambit	583
garnered	583
gaye	583
gellar	583
ghostscript	583
ginkgo	583
gita	583
glimpses	583
godwin	583
gorda	583
grandparent	583
grate	583
grilles	583
groundhog	583
guesthouses	583
guilder	583
gunnar	583
gwyneth	583
hamish	583
hattie	583
hauser	583
havens	583
hbs	583
heathen	583
hed	583
hennepin	583
herzog	583
hiker	583
hilda	583
hovering	583
hrvatska	583
hsp	583
huts	583
iconic	583
idn	583
igf	583
iit	583
imbalances	583
imperfections	583
improvised	583
inconvenient	583
instructive	583
instrumentals	583
intelligencer	583
invertebrate	583
invokes	583
iop	583
ipcc	583
itm	583
jalbum	583
jetzt	583
jodhpur	583
jogger	583
juliette	583
jz	583
kenilworth	583
kentech	583
ker	583
keri	583
kinesiology	583
kobayashi	583
krauss	583
ktm	583
kuwaiti	583
lactate	583
lamette	583
landis	583
leary	583
lewes	583
lewisham	583
ligament	583
lindy	583
lobo	583
logics	583
lossless	583
lourdes	583
macclesfield	583
mahler	583
manuf	583
margot	583
mariposa	583
marissa	583
mathematically	583
maurer	583
meltdown	583
mend	583
mesopotamia	583
metalworking	583
metamorphosis	583
meu	583
mew	583
mexicans	583
migrations	583
millimeters	583
mim	583
mints	583
mmp	583
mojave	583
molokai	583
mongoose	583
monorail	583
mudd	583
multifamily	583
mums	583
muzzle	583
netmag	583
neuromuscular	583
neutrons	583
newburgh	583
niels	583
nphase	583
nrcs	583
nrl	583
ntot	583
nunn	583
oberlin	583
obsidian	583
occlusion	583
oceana	583
onshore	583
onstage	583
oooh	583
openurl	583
optimise	583
opto	583
orson	583
osage	583
osmosis	583
outlays	583
pairings	583
panzer	583
papaya	583
parades	583
pathol	583
pathologists	583
penpals	583
peregrine	583
phasing	583
piccolo	583
pinky	583
playgrounds	583
pluralism	583
polled	583
polystyrene	583
poncho	583
porcupine	583
poseidon	583
potions	583
poughkeepsie	583
precede	583
prezzo	583
priming	583
projet	583
puede	583
pugh	583
punishments	583
pwm	583
rainbows	583
rainwater	583
rallying	583
rana	583
ranting	583
ratify	583
raving	583
rebellious	583
redefining	583
reinvestment	583
renova	583
resizing	583
retribution	583
retval	583
revolves	583
riel	583
rife	583
rigged	583
rimini	583
runnin	583
sabbatical	583
salazar	583
sandusky	583
scalia	583
schiff	583
schoolhouse	583
seacoast	583
sealer	583
sequencer	583
serialization	583
sev	583
sga	583
shar	583
shoved	583
showrooms	583
sideline	583
sids	583
silo	583
skeptic	583
slander	583
sleazy	583
sleepless	583
slt	583
slurry	583
smr	583
socialists	583
softening	583
soothe	583
soulmates	583
soviets	583
spectroscopic	583
spitting	583
spurred	583
squirts	583
ssdasdas	583
stabbing	583
stallman	583
startups	583
stb	583
stinger	583
storageworks	583
storybook	583
strategist	583
subdirectories	583
suffrage	583
sulfide	583
sulphate	583
sunburst	583
superconducting	583
susannah	583
swt	583
symp	583
tabitha	583
tact	583
tamper	583
tastefully	583
tasteless	583
teammate	583
telescopic	583
tern	583
tetanus	583
texte	583
theoretic	583
timres	583
titre	583
todas	583
tomahawk	583
tonya	583
toutes	583
toxics	583
translocation	583
trib	583
triumphs	583
tumbler	583
turret	583
tweeter	583
udaipur	583
unduly	583
universidade	583
unmanned	583
uxbridge	583
verifiable	583
verity	583
vesicles	583
vespa	583
vibrational	583
voeg	583
vowels	583
vy	583
wakeboarding	583
wanderer	583
watered	583
waterproofing	583
wdm	583
webex	583
wessex	583
wha	583
wicks	583
wildest	583
winfrey	583
winger	583
wonka	583
worsening	583
wreaths	583
wst	583
yaoi	583
yikes	583
yuba	583
yusuf	583
zb	583
zips	583
zloty	583
zt	583
abstractions	582
accelerates	582
accenture	582
acquaintances	582
aerials	582
afterlife	582
alam	582
ales	582
aller	582
altima	582
amalfi	582
amro	582
ancients	582
anova	582
appreciative	582
arbitrage	582
atb	582
atmospheres	582
atonement	582
banc	582
bankroll	582
banshee	582
barbed	582
barra	582
basses	582
batesville	582
beckley	582
bello	582
bioassay	582
biscayne	582
blacksburg	582
blooded	582
boarded	582
bondi	582
bookshelves	582
boreal	582
bottlenecks	582
breadcrumb	582
breweries	582
bullseye	582
burrell	582
busi	582
cajon	582
cannibal	582
carhartt	582
cauliflower	582
centimeters	582
chiller	582
chisel	582
chronically	582
clamav	582
cml	582
coenzyme	582
commemoration	582
compasses	582
comptia	582
conciliation	582
conor	582
contenders	582
contrasted	582
convergent	582
conveyors	582
cools	582
cooperstown	582
corby	582
cortisol	582
counterpoint	582
creampies	582
cristo	582
crutchfield	582
ctg	582
currentversion	582
daw	582
debconf	582
defamatory	582
descartes	582
destructor	582
devi	582
devotees	582
devotions	582
digested	582
dilbert	582
dillard	582
dismay	582
disproportionately	582
disruptions	582
dmg	582
docklands	582
dogwood	582
donahue	582
doreen	582
dotnet	582
dowload	582
downloader	582
dpp	582
dpt	582
dqg	582
dreamland	582
droplets	582
dugg	582
ecko	582
eir	582
elif	582
embodies	582
emr	582
encountering	582
endoscopic	582
enlighten	582
enriching	582
ents	582
enviar	582
enzo	582
eon	582
equivalency	582
erasure	582
espace	582
esque	582
etrex	582
exacerbated	582
extant	582
fathom	582
favre	582
fawcett	582
feliz	582
felton	582
feudal	582
filipina	582
filmy	582
finishers	582
fisheye	582
fishy	582
flashy	582
fleas	582
forecaster	582
fos	582
franke	582
freelancer	582
frei	582
fulfills	582
furs	582
gaas	582
gerontology	582
glenda	582
gliders	582
glimmer	582
glitches	582
glycerol	582
grd	582
grenades	582
gri	582
groomed	582
haier	582
hangings	582
harddrive	582
harmonics	582
hauled	582
heals	582
highschool	582
hobbyhuren	582
holstein	582
hoobastank	582
hookup	582
huey	582
huffington	582
humax	582
hutt	582
hydrological	582
hyperplasia	582
iagora	582
icao	582
ifrs	582
ignacio	582
ihop	582
illustrious	582
impunity	582
inaugurated	582
inducted	582
infernal	582
infestation	582
ingo	582
innumerable	582
inquiring	582
interdependence	582
interferes	582
interment	582
interventional	582
intoxication	582
iptv	582
iroquois	582
ismail	582
itemized	582
iwc	582
januari	582
jeter	582
jethro	582
jiangsu	582
jimenez	582
jonathon	582
joop	582
journeyman	582
jrr	582
julianne	582
jumpstart	582
juni	582
jute	582
kee	582
keepsakes	582
kelso	582
kilimanjaro	582
kincaid	582
kneeling	582
konqueror	582
krieger	582
ladd	582
landon	582
lass	582
launchers	582
lavatory	582
ldem	582
leaping	582
legit	582
leif	582
libero	582
linearity	582
livre	582
loewe	582
longmont	582
lorne	582
lto	582
lugar	582
magically	582
majoring	582
mangas	582
manhood	582
mano	582
marquez	582
martinsville	582
materiel	582
mather	582
matheson	582
mawr	582
mbas	582
mcallister	582
medion	582
megadeth	582
megaman	582
megastore	582
memes	582
memorize	582
merkel	582
messe	582
metcalf	582
mgs	582
miata	582
microfinance	582
microsano	582
midfielder	582
modesty	582
momentary	582
monika	582
motogp	582
mozzarella	582
msb	582
msl	582
mult	582
muppets	582
mykonos	582
myra	582
myron	582
mysteriously	582
nand	582
nao	582
nber	582
ncurses	582
negation	582
neogeo	582
nephews	582
ner	582
nigh	582
noida	582
noone	582
northside	582
noticeably	582
novembre	582
numero	582
oaxaca	582
oblivious	582
odeo	582
olympian	582
opting	582
opts	582
orphanage	582
ortega	582
orvis	582
osd	582
pacino	582
padi	582
pampered	582
pang	582
parabolic	582
parodies	582
parramatta	582
partitioned	582
pauses	582
pde	582
perpetrated	582
petaluma	582
pied	582
pique	582
poli	582
populous	582
porosity	582
portege	582
prado	582
praising	582
preamp	582
predation	582
preschoolers	582
pretended	582
prezzi	582
prim	582
printmaking	582
prognostic	582
prosite	582
protestants	582
prowess	582
psr	582
psychologically	582
pyrex	582
quickie	582
quik	582
qwerty	582
radars	582
rbs	582
reared	582
recite	582
reconstructive	582
redford	582
redness	582
rela	582
relocations	582
renewables	582
renminbi	582
renta	582
repercussions	582
republish	582
rls	582
rooting	582
rosemont	582
rota	582
rotc	582
rothschild	582
roughness	582
rsp	582
runes	582
ryde	582
safeway	582
schaeffer	582
schofield	582
scrapped	582
sculpting	582
sdh	582
seabrook	582
seawater	582
sectarian	582
sedans	582
sedation	582
sedgwick	582
segundo	582
serpentine	582
servicios	582
setq	582
sewell	582
sexocean	582
sfu	582
sgs	582
sheri	582
shuttles	582
signet	582
sizable	582
skywalker	582
slamming	582
sliders	582
smelled	582
snapping	582
spotless	582
sprayer	582
ssm	582
staffers	582
stephane	582
stricter	582
stylist	582
sucrose	582
summits	582
sump	582
sumptuous	582
sundry	582
sunken	582
supermodels	582
supersedes	582
swag	582
swore	582
syllabi	582
syllables	582
synchrotron	582
tabulation	582
takashi	582
tampering	582
tanzanian	582
taranaki	582
taskbar	582
taupe	582
techwr	582
teddies	582
teensex	582
tet	582
therefrom	582
therewith	582
thyself	582
timid	582
tirol	582
tornadoes	582
trampling	582
transen	582
trespass	582
tricare	582
trier	582
trumpets	582
tully	582
umax	582
umpires	582
unbearable	582
unenforceable	582
uninitialized	582
unmask	582
unregulated	582
upsilon	582
uta	582
vcl	582
veils	582
ventured	582
vfd	582
vicksburg	582
visalia	582
volker	582
volumetric	582
wands	582
waterville	582
wayside	582
wayward	582
wcc	582
weavers	582
wenatchee	582
whim	582
wich	582
wikis	582
wilco	582
williston	582
winelands	582
wiseman	582
woking	582
worthing	582
wrecking	582
wristband	582
xander	582
xk	582
yap	582
yarra	582
yonkers	582
zarqawi	582
zest	582
ziegler	582
zna	582
aat	581
abcd	581
accretion	581
activewear	581
actuate	581
adventurers	581
aea	581
aerodynamic	581
affirms	581
afloat	581
alsace	581
amf	581
amnesia	581
annexes	581
annuaire	581
aorta	581
aquila	581
ardent	581
aristocrats	581
asha	581
astute	581
asymmetrical	581
atrophy	581
attractiveness	581
auguste	581
autopilot	581
awt	581
axles	581
babycenter	581
ballantine	581
batik	581
bbl	581
bcm	581
bellamy	581
beloit	581
bgcolor	581
bigotry	581
blackmail	581
blasphemy	581
boaters	581
boulders	581
bracing	581
brag	581
bram	581
brewed	581
brianna	581
bribe	581
brigades	581
bruised	581
bss	581
btc	581
bugfixes	581
bullpen	581
burgeoning	581
bute	581
calamity	581
cami	581
campania	581
canto	581
capote	581
carotene	581
cartesian	581
catalysis	581
causality	581
cavendish	581
celica	581
cena	581
cherie	581
choker	581
cifras	581
cipro	581
circumvent	581
clamping	581
clout	581
commandos	581
compaction	581
compat	581
confers	581
conquering	581
contradicts	581
corsa	581
corte	581
countenance	581
crain	581
cretaceous	581
crimp	581
criticality	581
cultura	581
cvd	581
dashes	581
databank	581
dci	581
decrypt	581
deferral	581
degenerative	581
deh	581
delano	581
delimiter	581
delve	581
denominated	581
deville	581
dewpoint	581
dickerson	581
diesem	581
differentiating	581
digimax	581
dil	581
dildoes	581
dimitri	581
dinars	581
directorio	581
discriminated	581
dislocation	581
disregarded	581
dona	581
doped	581
doubly	581
dpa	581
drizzle	581
dsu	581
dulce	581
dysplasia	581
earls	581
ecologically	581
ecstatic	581
efl	581
eldridge	581
emploi	581
engrossed	581
enrollees	581
enrollments	581
epidermal	581
epiphone	581
estelle	581
ethnographic	581
evaluative	581
excavated	581
excavating	581
extravagant	581
extruded	581
facie	581
fandango	581
fcp	581
feces	581
fella	581
fermanagh	581
fiance	581
filesystems	581
fished	581
flattering	581
flexeril	581
followings	581
forcibly	581
forint	581
formulary	581
forsaken	581
fosamax	581
freeroll	581
fringes	581
fume	581
gabor	581
galery	581
gamezone	581
gardena	581
garza	581
geary	581
gemm	581
geneid	581
geoscience	581
geri	581
germanic	581
ghent	581
glaring	581
glock	581
gnc	581
gnp	581
golive	581
gottlieb	581
gough	581
graciously	581
guatemalan	581
gulch	581
gunter	581
gyllenhaal	581
hadith	581
hagerstown	581
hajj	581
hamid	581
handlebars	581
hangout	581
harass	581
harassed	581
harassing	581
harmonization	581
headband	581
henna	581
hernando	581
hersh	581
hetero	581
hilliard	581
hitters	581
hoff	581
hola	581
holyoke	581
hoody	581
hopewell	581
hounslow	581
hues	581
hur	581
hyped	581
iden	581
idr	581
igs	581
iguana	581
impeach	581
inflict	581
interconnects	581
interlocking	581
interna	581
internetweek	581
interoperable	581
inthevip	581
invalidate	581
iranians	581
irrevocable	581
irvin	581
jacinto	581
jamieson	581
jayhawks	581
jhi	581
jours	581
juicers	581
kassel	581
kdelibs	581
keegan	581
klip	581
konrad	581
kota	581
kuna	581
lags	581
lakh	581
lala	581
laszlo	581
leaky	581
leanne	581
legible	581
legions	581
leur	581
leven	581
lhs	581
libxt	581
lisle	581
llewellyn	581
loaned	581
lobos	581
logbook	581
louth	581
lowrance	581
lucifer	581
lumps	581
lustre	581
mainstreaming	581
mam	581
mamas	581
marcelo	581
maude	581
medio	581
meditate	581
meh	581
menswear	581
mesure	581
meteorite	581
metered	581
methionine	581
mhonarc	581
microtek	581
milner	581
mislead	581
mme	581
moaned	581
mohr	581
molar	581
montevideo	581
moorhead	581
moremi	581
moseley	581
mountaineer	581
mousepad	581
mrsa	581
muff	581
muttered	581
navarre	581
naylor	581
ncp	581
negotiator	581
negril	581
netcom	581
nir	581
nudism	581
odour	581
oktober	581
ooze	581
oregano	581
osp	581
ostensibly	581
ots	581
outperform	581
outspoken	581
paducah	581
pagans	581
pantech	581
pbox	581
pediatr	581
pemberton	581
phage	581
pict	581
pittman	581
platters	581
playtime	581
plex	581
polyclonal	581
pondering	581
powerbuilder	581
powermac	581
presided	581
propel	581
psychics	581
puc	581
purposely	581
pushj	581
quantization	581
quintessential	581
radiated	581
rashid	581
rav	581
rdiff	581
receptacles	581
recounts	581
recoveries	581
remorse	581
repeatable	581
replaceable	581
reportable	581
rescues	581
restarting	581
restructured	581
retard	581
revered	581
richfield	581
ridiculously	581
rocha	581
rotates	581
roxbury	581
salman	581
salted	581
sanjay	581
scaricare	581
scf	581
schott	581
schreiber	581
scoreboards	581
seasonings	581
semifinals	581
shag	581
shimmer	581
shingle	581
shipley	581
sift	581
skinning	581
smoothed	581
snag	581
sommer	581
sonicwall	581
sonja	581
sosa	581
soyo	581
spacers	581
spaceship	581
spectacles	581
sponges	581
sprawling	581
starware	581
stevenage	581
stockpile	581
striping	581
striptease	581
subd	581
substr	581
subtracting	581
sunflowers	581
sunglass	581
surfacing	581
takeoff	581
technologie	581
teesside	581
tierney	581
tiling	581
tilting	581
timbers	581
tmobile	581
toplist	581
torrey	581
totality	581
towed	581
transcriptions	581
transponder	581
tremor	581
trolleys	581
truely	581
truetones	581
tunica	581
twa	581
umbria	581
unconfirmed	581
undergoes	581
unholy	581
unicast	581
unido	581
universitat	581
utilising	581
utopian	581
uy	581
vegetarians	581
ventral	581
verily	581
violins	581
visualisation	581
vlsi	581
vogt	581
vulture	581
waffles	581
wag	581
weekender	581
weightloss	581
welders	581
wer	581
westlaw	581
whiplash	581
wia	581
wickets	581
wideband	581
wieder	581
wiggle	581
williamsport	581
williamstown	581
wim	581
wisp	581
withdrawl	581
wolfpack	581
worshipped	581
wray	581
wrenches	581
wrongdoing	581
xilinx	581
xor	581
yank	581
yolanda	581
zuma	581
aar	580
aardvark	580
aberystwyth	580
ablation	580
accomodate	580
acdbtext	580
aftershave	580
ahem	580
alberghi	580
alford	580
alkyl	580
allege	580
alston	580
amazement	580
amphetamine	580
anchoring	580
angiography	580
annoyances	580
anz	580
apocalyptic	580
appleby	580
areaconnect	580
argo	580
armband	580
aron	580
artichoke	580
asb	580
assemblage	580
aussi	580
aylesbury	580
azkaban	580
bacchus	580
backseat	580
bagder	580
bangboat	580
barrage	580
bastion	580
batt	580
beatrix	580
beim	580
belated	580
bharat	580
bibliographical	580
biomechanics	580
bloated	580
boe	580
boinc	580
bootable	580
briar	580
broadened	580
brockton	580
broderick	580
buch	580
buoyancy	580
caballero	580
calibrate	580
caltech	580
capella	580
cardin	580
cartoonist	580
catalist	580
catania	580
caving	580
cetera	580
chantilly	580
charlottetown	580
chaucer	580
cheaply	580
chee	580
cheerfully	580
chevalier	580
chondroitin	580
chuckle	580
cios	580
cleburne	580
codphentermine	580
coiled	580
commu	580
companionship	580
compensating	580
complicate	580
concurring	580
conde	580
condemning	580
condensate	580
condoleezza	580
conical	580
consort	580
coord	580
cosmological	580
countertops	580
crammed	580
creeper	580
crux	580
cuando	580
curie	580
curled	580
cusco	580
dalhousie	580
darmstadt	580
daz	580
dbms	580
decimals	580
dermal	580
deterrence	580
dfs	580
dhhs	580
dijon	580
directgov	580
discipleship	580
dismissing	580
disordered	580
dissident	580
dji	580
donny	580
dosages	580
dothan	580
draped	580
dunst	580
eac	580
earners	580
ebags	580
edirectory	580
edta	580
electricals	580
elseif	580
elwood	580
emporio	580
ena	580
englishman	580
ensued	580
entourage	580
epidemics	580
erick	580
esplanade	580
esters	580
estock	580
estuaries	580
estuarine	580
etymology	580
evacuees	580
expedient	580
extinguisher	580
farmed	580
fatima	580
fatties	580
fdd	580
fecha	580
femoral	580
fernandes	580
filaments	580
fillings	580
fishbase	580
fledgling	580
fleeting	580
flotation	580
footjobs	580
francophone	580
fructose	580
fuentes	580
fuerteventura	580
gaultier	580
genotypes	580
geol	580
georgina	580
gilded	580
gilmour	580
gippsland	580
glaser	580
glyph	580
gnn	580
gnustep	580
grayscale	580
groot	580
grout	580
gsc	580
guestrooms	580
gypsies	580
haan	580
hadleionov	580
hairdressing	580
hamasaki	580
hamburgers	580
hamsters	580
hatchet	580
hazmat	580
heaviest	580
hella	580
henceforth	580
hindered	580
hocking	580
hypersensitivity	580
ices	580
iee	580
iframe	580
iga	580
illegitimate	580
imagemagick	580
incompatibility	580
indentation	580
indistinguishable	580
infineon	580
inflows	580
injure	580
intermec	580
intermission	580
internationals	580
ipp	580
isotopic	580
israelites	580
janes	580
jocelyn	580
jsc	580
juanita	580
junta	580
justly	580
kauffman	580
kcal	580
keg	580
kelp	580
keswick	580
kilgore	580
kilometre	580
kinkade	580
kino	580
knitwear	580
knuckle	580
knuckles	580
krs	580
kwacha	580
labonte	580
lahaina	580
langford	580
languedoc	580
lashes	580
leamington	580
leasehold	580
leftovers	580
lek	580
lita	580
livery	580
livonia	580
longstanding	580
madurai	580
magnifier	580
malo	580
mandel	580
manifests	580
manipulations	580
manslaughter	580
mantel	580
marg	580
margie	580
mariano	580
marinated	580
marko	580
marti	580
massages	580
matchup	580
mbit	580
mco	580
medusa	580
metar	580
metarating	580
microcomputer	580
midfield	580
milieu	580
mocking	580
mosley	580
moulds	580
moulton	580
movin	580
multiplexing	580
murdering	580
nagios	580
navigable	580
needlework	580
nhra	580
niacin	580
nio	580
nms	580
npdes	580
nri	580
nsi	580
nuances	580
nubuck	580
nutcracker	580
obit	580
ofcom	580
oliva	580
omron	580
ormond	580
osti	580
overarching	580
overheads	580
overrated	580
oxycontin	580
paces	580
pagoda	580
paleontology	580
paola	580
paphos	580
paralyzed	580
paramedics	580
pari	580
pastels	580
peeping	580
personas	580
photographing	580
pis	580
pitney	580
placeholder	580
plasticity	580
pll	580
plumb	580
pneumoniae	580
pocono	580
prairies	580
pranks	580
prd	580
prerelease	580
pretec	580
primed	580
prn	580
prosthesis	580
quigley	580
raccoon	580
rambo	580
randomised	580
raoul	580
reasonableness	580
reba	580
recapture	580
recited	580
redshift	580
reformers	580
renfrewshire	580
retardant	580
reykjavik	580
rincon	580
rit	580
rolla	580
rsgi	580
sado	580
sages	580
sandpiper	580
schulze	580
scraping	580
secreted	580
selectors	580
seqtype	580
serengeti	580
serrano	580
sfas	580
shad	580
shankar	580
shia	580
shrinkage	580
shrunk	580
sibley	580
silverstein	580
sipping	580
sizeable	580
skillful	580
skit	580
skyscraper	580
slag	580
sledge	580
slg	580
sls	580
socialization	580
sourcewatch	580
southfield	580
spat	580
specialisation	580
sperry	580
spiele	580
spm	580
sprinklers	580
sqm	580
ssg	580
stallions	580
stapleton	580
stemmed	580
stent	580
stepper	580
stonehenge	580
stoughton	580
strapping	580
strawberrynet	580
submenu	580
submersible	580
subpoenas	580
subtly	580
superheroes	580
swapped	580
syriana	580
taker	580
tenderloin	580
thrashers	580
throats	580
tioga	580
tmpl	580
tooled	580
trackers	580
transcendental	580
travers	580
traversal	580
tricked	580
tristar	580
tro	580
tropic	580
tupelo	580
tur	580
ubiquitin	580
ucsb	580
uic	580
unbroken	580
unconditionally	580
undefeated	580
understated	580
undisturbed	580
unfolded	580
unify	580
unsuspecting	580
unt	580
unwired	580
urbanization	580
urethane	580
uris	580
uti	580
valign	580
vamp	580
vec	580
vermillion	580
videotapes	580
vidio	580
visceral	580
vitale	580
walgreens	580
walnuts	580
wandsworth	580
waterskiing	580
watery	580
wavy	580
wesson	580
winder	580
windfall	580
womack	580
wrx	580
wsi	580
wynne	580
xoxo	580
xterm	580
yall	580
yellowpages	580
yucatan	580
zm	580
zoeken	580
zooming	580
abram	579
accum	579
actionable	579
aem	579
aep	579
aggie	579
agrarian	579
ailing	579
airplay	579
alana	579
algorithmic	579
amerika	579
amis	579
analyser	579
andaman	579
annonces	579
anth	579
aos	579
apprenticeships	579
aragon	579
archaeologists	579
armando	579
armitage	579
asymptomatic	579
ated	579
atelier	579
aww	579
ayuda	579
bagged	579
bala	579
bandages	579
banished	579
banknotes	579
barbers	579
barware	579
bassoon	579
bayview	579
bcr	579
beacons	579
beanies	579
bissell	579
bitterly	579
blackened	579
bled	579
bms	579
bodrum	579
bolted	579
bookshot	579
brac	579
bre	579
bruises	579
buffs	579
bulimia	579
bunches	579
buttermilk	579
butterworth	579
cael	579
camelbak	579
campos	579
capping	579
carnation	579
catharine	579
cct	579
centralised	579
cheered	579
chefmoz	579
chicagoland	579
chopard	579
cinematographer	579
circled	579
clarita	579
clearances	579
cleverly	579
clinging	579
cmyk	579
colloidal	579
commotion	579
conceptually	579
congested	579
consented	579
conte	579
convective	579
conwy	579
cornea	579
corsi	579
corticosteroids	579
counsellors	579
crichton	579
crim	579
crusades	579
cumin	579
cwd	579
cymbal	579
danzig	579
datagrid	579
datsun	579
ddbj	579
deduce	579
defences	579
delusions	579
dendritic	579
dengue	579
denominational	579
depictions	579
deu	579
deviate	579
dfid	579
dimensionname	579
django	579
doan	579
doit	579
dominguez	579
dop	579
doubted	579
dubrovnik	579
duma	579
dumont	579
durand	579
duro	579
eases	579
eca	579
educa	579
elicited	579
embossing	579
encodings	579
engnet	579
eqs	579
eternally	579
eurasian	579
everlast	579
evidentiary	579
expertly	579
ezines	579
familia	579
flourishing	579
flurry	579
foresee	579
freebie	579
ftpd	579
funnies	579
fuzz	579
gaiman	579
galbraith	579
gandalf	579
gangbangsquad	579
geiger	579
geochemistry	579
geosciences	579
geschichten	579
ghostly	579
gower	579
grammars	579
gros	579
grunt	579
gsp	579
gtc	579
guarantor	579
hallam	579
hamlets	579
handcuffs	579
harare	579
hardwoods	579
haue	579
havre	579
haymarket	579
helo	579
henckels	579
hinds	579
hippocampus	579
hipster	579
hiroshi	579
horatio	579
hostilities	579
hotelguide	579
housekeeper	579
hth	579
hugged	579
humana	579
humanism	579
humiliating	579
hydropower	579
iaudio	579
idt	579
imperialist	579
impervious	579
incineration	579
indepth	579
inertial	579
informatie	579
informatique	579
ingress	579
innostream	579
instructs	579
intrinsically	579
intros	579
iota	579
irreducible	579
izmir	579
jaffe	579
jammed	579
jekyll	579
kaffe	579
kangaroos	579
karim	579
keystrokes	579
kiddie	579
kieran	579
kinross	579
kitchenette	579
klear	579
knack	579
kotor	579
kpa	579
krt	579
kwik	579
laces	579
ladybug	579
lagrangian	579
langkawi	579
laparoscopic	579
leathers	579
liberian	579
liczniki	579
lightening	579
linea	579
linebacker	579
lineto	579
localisation	579
longoria	579
lor	579
lotta	579
lovable	579
lowes	579
lpc	579
lucien	579
managment	579
materialism	579
matsushita	579
mccallum	579
meas	579
menorca	579
meryl	579
metetra	579
meticulous	579
mgc	579
microbiological	579
micrograms	579
midsole	579
mikael	579
minibar	579
minima	579
minot	579
misunderstandings	579
moles	579
moog	579
mortem	579
motility	579
motorist	579
moveable	579
moveto	579
multiplexer	579
muriel	579
mutagenesis	579
mutiny	579
naproxen	579
nast	579
ncaab	579
negotiators	579
neohapsis	579
neurol	579
newquay	579
nhtsa	579
nics	579
normalize	579
nosed	579
numerology	579
obeyed	579
obits	579
oca	579
offroad	579
oig	579
ols	579
ona	579
oncol	579
operands	579
organza	579
osh	579
otolaryngology	579
overalls	579
overfull	579
overridden	579
overturn	579
palatine	579
parisian	579
payee	579
payless	579
pbl	579
pec	579
pediatrician	579
pem	579
penned	579
peritoneal	579
perpetrator	579
perseus	579
pervert	579
pesky	579
phen	579
phenotypes	579
pita	579
pitman	579
pllc	579
poolside	579
posada	579
pox	579
ppv	579
precedes	579
prednisone	579
preemption	579
preorder	579
pris	579
probed	579
procmail	579
projectile	579
proprietors	579
pseudoephedrine	579
publicize	579
pussys	579
quanta	579
rabid	579
racially	579
radioshack	579
raquel	579
rations	579
ravaged	579
rcc	579
readline	579
reaffirmed	579
realist	579
reassure	579
reauthorization	579
recollections	579
rectifier	579
redirects	579
reflectivity	579
reimbursements	579
rencontre	579
repairers	579
repeaters	579
rescheduled	579
resetting	579
retails	579
retires	579
ridgeway	579
risking	579
riverton	579
rivet	579
rockhampton	579
rodrigues	579
roscommon	579
ruffle	579
sainsbury	579
salespeople	579
sallie	579
salvia	579
sanibel	579
sawmill	579
scorn	579
scrapbooks	579
scripted	579
seiten	579
senseless	579
separators	579
setters	579
sexcams	579
shams	579
shanks	579
shawls	579
shogun	579
sib	579
sidestep	579
simpletech	579
sisterhood	579
skeptics	579
sleepers	579
slum	579
snowmobiles	579
solace	579
sonics	579
sonya	579
sorensen	579
southgate	579
spoofing	579
sportsbooks	579
sportstar	579
spreader	579
sprout	579
spycam	579
srb	579
stah	579
stinky	579
stockholder	579
stucco	579
sturgis	579
stx	579
styx	579
suc	579
sundries	579
supersized	579
suppressing	579
swirling	579
swissprot	579
synapse	579
synthesize	579
talmud	579
tamoxifen	579
tamron	579
tatiana	579
tattooed	579
teenies	579
tentacle	579
terraced	579
thoughtfully	579
throbbing	579
tibia	579
tiburon	579
tilly	579
timmins	579
toil	579
transplanted	579
trc	579
triplet	579
trixie	579
tuc	579
tulare	579
tunbridge	579
unbreakable	579
underwire	579
unloaded	579
unwritten	579
upd	579
upg	579
upholding	579
uppers	579
vbseo	579
veneers	579
ventilator	579
venturi	579
verifier	579
vlans	579
vocalists	579
voss	579
warmest	579
whelan	579
whereupon	579
whirl	579
whistling	579
windmills	579
withers	579
wml	579
wpt	579
wstnsand	579
xfs	579
xiamen	579
yuen	579
yvette	579
zambezi	579
zeit	579
aarhus	578
absinthe	578
accel	578
accutane	578
acetic	578
acu	578
adaptability	578
adversaries	578
aei	578
airconditioning	578
albanians	578
albertson	578
allergens	578
alleviation	578
allis	578
alte	578
alternates	578
amyloid	578
anim	578
annualized	578
antibacterial	578
anxiously	578
apogee	578
appletalk	578
applica	578
approximated	578
aptly	578
ascribed	578
ashok	578
asimov	578
aswell	578
atf	578
aunts	578
automaton	578
aventis	578
avignon	578
ayer	578
ayres	578
bandage	578
bap	578
basildon	578
baymont	578
bds	578
becca	578
bedlam	578
beggars	578
bemidji	578
bequest	578
bertram	578
bes	578
bho	578
bianco	578
bioperl	578
blotting	578
bookmakers	578
bouncer	578
brdrs	578
breakdowns	578
breen	578
brigadier	578
brookes	578
broomfield	578
bullish	578
bungee	578
bunn	578
butterfield	578
byline	578
cabos	578
cada	578
canaveral	578
candlestick	578
carburetor	578
catalunya	578
cavan	578
certs	578
chaise	578
chaney	578
characterizes	578
checkin	578
chiba	578
chowhound	578
circling	578
cityguide	578
clackamas	578
cleansers	578
coffs	578
coliform	578
companys	578
computeractive	578
configures	578
consonant	578
consortia	578
constantinople	578
consulates	578
contacto	578
corrects	578
councilor	578
coverages	578
cramped	578
crayon	578
crystallization	578
cust	578
darpa	578
dbh	578
dbx	578
defibrillators	578
deo	578
deq	578
detach	578
developmentally	578
dey	578
dhea	578
dialed	578
diario	578
dismantle	578
ditches	578
dixons	578
doctrinal	578
downes	578
dpm	578
driveways	578
dyeing	578
eastward	578
eavesdropping	578
ebp	578
echoing	578
edgy	578
emachines	578
emperors	578
enclave	578
endometrial	578
entree	578
eprint	578
eruptions	578
estimators	578
evade	578
evidences	578
excepted	578
exhilarating	578
experian	578
extensibility	578
extinguishers	578
extremism	578
fabricators	578
fanlisting	578
ferndale	578
ferreira	578
ferro	578
fetishes	578
ffff	578
fibrillation	578
finline	578
finney	578
flagler	578
flavoured	578
fld	578
flet	578
flips	578
florin	578
fluctuate	578
focussing	578
footbed	578
fop	578
fsp	578
fuchsia	578
functionalities	578
fundamentalists	578
funroll	578
gallerie	578
ganz	578
garb	578
gds	578
geico	578
gemma	578
geoxtrack	578
getclass	578
ggg	578
gilroy	578
gino	578
girdle	578
goff	578
goldmine	578
grasped	578
gratification	578
grundy	578
handover	578
harcore	578
hca	578
hdc	578
hegemony	578
hellas	578
hgtv	578
hialeah	578
hippy	578
histamine	578
hokkaido	578
horrified	578
hps	578
hydrolase	578
hygienic	578
hyland	578
icarus	578
icn	578
icra	578
ignatius	578
incumbents	578
indigent	578
informatica	578
ingles	578
inicio	578
insulator	578
intermodal	578
intimates	578
intolerable	578
ioexception	578
iphoto	578
ipl	578
ipsum	578
isaacs	578
issey	578
javelin	578
jellyfish	578
jeopardize	578
jigs	578
jstor	578
kennesaw	578
kenney	578
kenshin	578
keyrings	578
khalid	578
khoa	578
klik	578
kmart	578
knott	578
koa	578
koffice	578
kraus	578
lacroix	578
lapis	578
layman	578
layne	578
leppard	578
lhasa	578
libuclibc	578
licorice	578
liege	578
lifetimes	578
lightboxes	578
loca	578
loews	578
londres	578
lorem	578
loudoun	578
ltp	578
ludicrous	578
lukas	578
mackintosh	578
macmall	578
macrophage	578
madhya	578
mala	578
marginalized	578
marinade	578
maritimes	578
marque	578
marries	578
marston	578
matsui	578
mau	578
mbc	578
mbe	578
mbox	578
mcculloch	578
mecha	578
medica	578
merges	578
metastases	578
millionaires	578
mitts	578
mlc	578
mobilized	578
mobo	578
modo	578
mohan	578
monarchs	578
moonstone	578
moretrade	578
morons	578
mpv	578
mucus	578
multilevel	578
mur	578
murdock	578
muscat	578
mustafa	578
mutated	578
mux	578
mvs	578
myinfo	578
mythic	578
nagpur	578
nappy	578
newington	578
newsline	578
niall	578
nicaraguan	578
nieces	578
nme	578
noa	578
nonpoint	578
northerner	578
novices	578
npa	578
numerator	578
nwa	578
obedient	578
obp	578
offical	578
olmsted	578
optimist	578
orgs	578
otros	578
outrigger	578
overflows	578
palmas	578
papyrus	578
pars	578
passwort	578
paternal	578
patten	578
pce	578
periodontal	578
permanente	578
permissionrole	578
perthshire	578
perturbations	578
petsmart	578
pharos	578
phenol	578
pierson	578
pints	578
pius	578
promissory	578
propagating	578
qg	578
queried	578
quickcam	578
quixote	578
racking	578
rained	578
realignment	578
realtek	578
recitation	578
reckoned	578
recordi	578
redeemer	578
reflectance	578
reimplemented	578
reissued	578
remittances	578
renato	578
renderer	578
renoir	578
republished	578
resurgence	578
rework	578
rik	578
rmt	578
rodeway	578
romances	578
roost	578
rosh	578
rotting	578
rtr	578
rubbermaid	578
rund	578
rupiah	578
sacraments	578
saipan	578
salamander	578
salma	578
sandi	578
sasl	578
scilly	578
sconces	578
scourge	578
screenwriting	578
scrollbar	578
seashore	578
sects	578
selena	578
selkirk	578
senders	578
seng	578
servicio	578
sexkontakte	578
sheik	578
sheng	578
shuffling	578
shunt	578
siamese	578
skippy	578
skylight	578
snowmass	578
softness	578
someplace	578
sooners	578
speci	578
specialities	578
spector	578
spx	578
squarely	578
stalks	578
stanza	578
stares	578
statically	578
steadfast	578
steamy	578
stratosphere	578
strenuous	578
strep	578
strikers	578
sufferings	578
supercomputer	578
suspenders	578
svp	578
synch	578
synergies	578
synths	578
systematics	578
tahitian	578
tampere	578
tankers	578
tasked	578
tawny	578
tbilisi	578
tcr	578
tecumseh	578
tema	578
tenets	578
tennant	578
terminations	578
testis	578
testo	578
texaco	578
tgb	578
thang	578
tigger	578
timings	578
tinputimage	578
trabajo	578
trellis	578
tryptophan	578
tull	578
twig	578
twikiguest	578
uclinux	578
uint	578
ummm	578
unarmed	578
uncredited	578
undermines	578
understandably	578
unreasonably	578
unskilled	578
unsolved	578
unusable	578
updater	578
useable	578
usepa	578
vanishes	578
vapors	578
vcard	578
veiled	578
vellum	578
vern	578
versioning	578
virginity	578
voyuerweb	578
walpole	578
wanganui	578
webby	578
wept	578
whopping	578
wiggles	578
wonkette	578
worsen	578
writable	578
xsd	578
yj	578
yk	578
yon	578
ziggy	578
zonealarm	578
zovirax	578
abdel	577
acetone	577
acquitted	577
actuary	577
addressbook	577
aerotek	577
alanine	577
alegre	577
alg	577
allocates	577
alva	577
amar	577
antwerpen	577
apartamentos	577
apg	577
ardmore	577
artful	577
artistas	577
aryan	577
astray	577
auctioned	577
audacity	577
aur	577
autobiographical	577
aventura	577
averatec	577
awa	577
backplane	577
bacteriol	577
banbury	577
baptists	577
barbecues	577
basset	577
bearers	577
begining	577
bertie	577
bess	577
beste	577
beulah	577
binomial	577
biodegradable	577
biosafety	577
blinding	577
blisters	577
blitzkrieg	577
bloodrayne	577
bloodstream	577
blueberries	577
bme	577
bombardier	577
booktitle	577
bootsnall	577
bothell	577
brdrnone	577
bsi	577
bugfix	577
bugle	577
bullies	577
burg	577
canfield	577
canna	577
caregiving	577
caress	577
catawba	577
cauldron	577
caustic	577
cch	577
cdx	577
ceylon	577
chansons	577
cheri	577
choctaw	577
chorley	577
ciw	577
clapping	577
colophon	577
combed	577
commonsense	577
competes	577
compositional	577
comprehensively	577
conformal	577
connoisseur	577
connors	577
contig	577
contravention	577
converging	577
cordelia	577
cordial	577
cornwell	577
cosmetology	577
cour	577
courant	577
covina	577
crawled	577
crept	577
criss	577
cronin	577
csl	577
cytometry	577
cytotoxic	577
dah	577
dari	577
daschle	577
daybreak	577
dbd	577
deadwood	577
deepak	577
deference	577
deftones	577
delineated	577
delray	577
dennison	577
desarrollo	577
desist	577
detergents	577
devout	577
dgs	577
diarrhoea	577
dich	577
digidesign	577
dimmer	577
dinah	577
disarm	577
disperse	577
disrupting	577
dominoes	577
doran	577
downed	577
downwards	577
dpic	577
dredge	577
duplexes	577
duquesne	577
dvdr	577
dvdrw	577
easley	577
edgewall	577
eld	577
elko	577
embody	577
eminence	577
emitter	577
emporia	577
endian	577
engels	577
epilogue	577
epistle	577
eseminars	577
estados	577
ewa	577
excision	577
exiled	577
exiles	577
fams	577
favoring	577
fibrous	577
finesse	577
firebox	577
firma	577
firstname	577
flared	577
flatter	577
flounder	577
folate	577
foote	577
forman	577
formatter	577
fours	577
frag	577
fredrik	577
freecom	577
friendfinder	577
frith	577
froze	577
furthering	577
gad	577
gaffney	577
gai	577
gdm	577
gila	577
giuliani	577
gleaming	577
glorified	577
glynn	577
goofs	577
gracie	577
grandes	577
grasshopper	577
grils	577
gris	577
guesses	577
gunther	577
hails	577
handball	577
hanged	577
hardball	577
harrell	577
haters	577
hazy	577
healers	577
hei	577
heineken	577
hemi	577
hennessy	577
hexagonal	577
hina	577
hinted	577
hollinger	577
hoof	577
hoosiers	577
hotlog	577
howells	577
huren	577
hyman	577
hypoxia	577
ico	577
idealism	577
igm	577
imaginations	577
impossibility	577
imtoo	577
inaction	577
inasmuch	577
incoherent	577
infirmary	577
infrequently	577
inglewood	577
inquisition	577
interactively	577
interrelated	577
inthe	577
invasions	577
issaquah	577
ivanov	577
janie	577
jisc	577
jmp	577
judson	577
kabbalah	577
kilda	577
kimono	577
kirsty	577
kleine	577
kno	577
lakefront	577
latches	577
lemony	577
lenoir	577
liberate	577
lifedrive	577
limelight	577
limiter	577
lippincott	577
liqueur	577
lucius	577
luxemburg	577
magnitudes	577
maints	577
mancini	577
manitou	577
maplewood	577
margate	577
marrakech	577
mauve	577
mbytes	577
meps	577
merc	577
metairie	577
metallurgical	577
metformin	577
millennia	577
milpitas	577
mju	577
moa	577
moat	577
modernist	577
modus	577
molybdenum	577
monrovia	577
moreau	577
morin	577
mufflers	577
mullet	577
musc	577
mustered	577
mutex	577
nervousness	577
nevermind	577
newyork	577
ney	577
nickels	577
noonan	577
northward	577
notoriously	577
notting	577
nypd	577
oclug	577
olathe	577
optoma	577
optra	577
ordinal	577
ordinating	577
orem	577
oxidized	577
pall	577
paltrow	577
pao	577
paraphrase	577
parenthesis	577
parochial	577
pastime	577
patchy	577
pathophysiology	577
patios	577
pedantic	577
pedicure	577
penile	577
pentecost	577
petites	577
phenterminebuy	577
phpmyadmin	577
phrasebook	577
piety	577
piii	577
pizzas	577
plexus	577
plo	577
plotters	577
polluting	577
positron	577
potters	577
precedents	577
preferring	577
pretext	577
prx	577
psn	577
punks	577
purdy	577
pursues	577
putters	577
quakers	577
quarks	577
quarrel	577
racquets	577
rallied	577
ralston	577
rattus	577
rda	577
reassurance	577
reclaiming	577
reconfiguration	577
recursively	577
refactoring	577
relais	577
remixed	577
renovate	577
reorganized	577
reputed	577
resistivity	577
rheumatic	577
rhinestones	577
rhp	577
ries	577
ripon	577
romford	577
rook	577
roomate	577
rpmlib	577
sadr	577
sanctity	577
santander	577
sassoon	577
schmid	577
scholl	577
seduce	577
separable	577
sez	577
shandong	577
sharif	577
shelbyville	577
sherri	577
shootings	577
sledding	577
snf	577
sociale	577
soiled	577
sola	577
solidworks	577
solis	577
sonatas	577
sot	577
southbound	577
splitters	577
spokes	577
spore	577
spt	577
staybridge	577
strom	577
stylized	577
subsp	577
superbike	577
superfluous	577
superintendents	577
swam	577
swamps	577
synergistic	577
synopses	577
systolic	577
tacit	577
tatum	577
taylormade	577
tenchi	577
tendering	577
tessa	577
thesauri	577
throated	577
tian	577
tillman	577
tingling	577
tna	577
toa	577
toowoomba	577
totalitarian	577
traceability	577
transceivers	577
transitive	577
treffen	577
trig	577
tth	577
tua	577
tuples	577
twitch	577
ufc	577
unannotated	577
underpinning	577
unforgiven	577
unfurnished	577
unmet	577
unreachable	577
unrealized	577
unveiling	577
uts	577
venta	577
violators	577
walkways	577
walther	577
waring	577
waypoint	577
weathering	577
webchanges	577
wellcome	577
wheatley	577
whisk	577
wif	577
wilfred	577
wokingham	577
worldnow	577
xian	577
xquery	577
yangon	577
yasser	577
yom	577
yoo	577
yx	577
zyxel	577
accra	576
acqua	576
adorama	576
affaires	576
affections	576
affine	576
aguilar	576
alj	576
allard	576
amelie	576
amphibian	576
amplify	576
amritsar	576
androgen	576
anesthetic	576
angioplasty	576
angkor	576
angrily	576
anisotropy	576
antichrist	576
antineoplastic	576
aoa	576
appt	576
armoured	576
arno	576
asrock	576
attainable	576
avion	576
backers	576
ballooning	576
barons	576
bayes	576
bdrm	576
beale	576
belive	576
belton	576
beltonen	576
bevel	576
bfa	576
bfd	576
bignaturals	576
biltmore	576
bimbo	576
biophysical	576
blurbs	576
blurry	576
boarder	576
bodybuilders	576
bollinger	576
bonham	576
bonjour	576
boundless	576
breathless	576
bremerton	576
brim	576
britons	576
brownfield	576
brutus	576
buckhead	576
bumping	576
burch	576
burrito	576
cabana	576
caenorhabditis	576
calla	576
capers	576
capistrano	576
carmarthenshire	576
casseroles	576
catwalk	576
caverns	576
ceasefire	576
centerfold	576
chamonix	576
changeable	576
chanson	576
chd	576
chesterton	576
childress	576
choc	576
choked	576
chopra	576
chrissy	576
chum	576
cladding	576
clapham	576
clinch	576
cmv	576
coden	576
coexistence	576
colonists	576
comer	576
cometh	576
comical	576
comparability	576
concourse	576
confine	576
congressmen	576
conti	576
contre	576
convalescent	576
coppola	576
coriander	576
corkscrew	576
cosplay	576
coty	576
creuset	576
cricinfo	576
cristian	576
croquet	576
cthulhu	576
cunny	576
curriculums	576
dae	576
daggers	576
danforth	576
debuted	576
declarative	576
decoders	576
defying	576
delcampe	576
denby	576
deseret	576
desolate	576
devolution	576
dft	576
didier	576
diebold	576
digby	576
disbursed	576
discloses	576
disrespect	576
dls	576
docu	576
dodgy	576
dooley	576
dpr	576
dprk	576
draught	576
dsi	576
duarte	576
dyna	576
eastbay	576
easterly	576
edtv	576
egp	576
egyptienne	576
eines	576
ejection	576
electrolysis	576
employmentnew	576
entice	576
enviro	576
epping	576
erskine	576
estab	576
etosha	576
etrust	576
eurostar	576
evaluators	576
evangelicals	576
evocative	576
excerpted	576
exclusivity	576
expander	576
eyelid	576
fanboy	576
fansites	576
faraday	576
fasten	576
festa	576
fitter	576
flatrate	576
flourished	576
folkestone	576
gadsden	576
gasped	576
gazduire	576
generalizations	576
generational	576
geologists	576
geranium	576
glut	576
goddamn	576
goings	576
gracias	576
granby	576
grandchild	576
greets	576
gruber	576
gruesome	576
gte	576
guage	576
haag	576
handlebar	576
handpainted	576
hanselman	576
havasu	576
hawker	576
headteacher	576
hearsay	576
heaton	576
hellboy	576
hendersonville	576
heretic	576
heros	576
hijacking	576
hmos	576
holley	576
homesite	576
hopelessly	576
hotlist	576
hotsync	576
hyn	576
hypnotize	576
impediments	576
incurring	576
indeterminate	576
indignation	576
industrialization	576
inherits	576
innes	576
interceptions	576
interrupting	576
intertwined	576
invariants	576
irin	576
islip	576
isomorphism	576
izumi	576
jackman	576
jaded	576
jakub	576
jamboree	576
jil	576
jillian	576
jobsite	576
justifiable	576
kapoor	576
kasey	576
kei	576
kendal	576
kilmarnock	576
kilogram	576
knickers	576
laboratoire	576
lagged	576
lagging	576
landers	576
langer	576
lasagna	576
lasso	576
leaching	576
leona	576
leprosy	576
lesbianism	576
lesbien	576
levinson	576
liaisons	576
licensor	576
lifeguard	576
liquidated	576
lll	576
locators	576
locksmith	576
lpi	576
lsat	576
lsr	576
luau	576
lute	576
macabre	576
mackerel	576
maduras	576
manipulative	576
marlowe	576
marquise	576
matting	576
mbr	576
mcclelland	576
mekong	576
mendes	576
menstruation	576
meticulously	576
mingle	576
minibus	576
miu	576
mmr	576
mnogosearch	576
moderating	576
moen	576
mog	576
momentarily	576
montoya	576
moors	576
mortals	576
motivates	576
multicolor	576
nanoparticles	576
nats	576
nazionale	576
ndc	576
nears	576
neath	576
neurologic	576
neurontin	576
neve	576
nonexistent	576
nonviolent	576
oblong	576
obo	576
obscurity	576
offshoring	576
ogs	576
opac	576
openbook	576
ophelia	576
optically	576
orthologs	576
oster	576
outcast	576
ova	576
overflowing	576
overlaps	576
overloading	576
pacemaker	576
pah	576
pantone	576
pape	576
paperless	576
parasitology	576
parkes	576
pasteur	576
pataki	576
pecos	576
perc	576
pere	576
perforce	576
perished	576
peroxidase	576
pfi	576
phytoplankton	576
pleadings	576
pleases	576
popeye	576
postmarked	576
potted	576
powerball	576
poweredge	576
pppoe	576
pram	576
precluded	576
pringle	576
propriety	576
protracted	576
provident	576
ptfe	576
ptt	576
purgatory	576
purify	576
puyallup	576
pyongyang	576
qing	576
qualitatively	576
radii	576
rahul	576
ranchers	576
rangemaster	576
recyclable	576
recycler	576
redistricting	576
redox	576
referer	576
refreshment	576
regt	576
rennie	576
repressed	576
retransmission	576
reunification	576
revolve	576
rezoning	576
roomy	576
rosette	576
rrc	576
ryerson	576
sacs	576
sanborn	576
sandton	576
sauer	576
schumer	576
schwinn	576
seaworld	576
seduced	576
semaphore	576
sensitivities	576
sepa	576
sequels	576
sfs	576
sharapova	576
sherbrooke	576
shitting	576
sichuan	576
sicilian	576
siegfried	576
signatories	576
sitios	576
sitka	576
skokie	576
snider	576
sno	576
soot	576
soundness	576
spotter	576
sprinkled	576
spylog	576
standardize	576
standout	576
stanislaus	576
steen	576
stinson	576
stockbridge	576
straining	576
strapless	576
streamflow	576
struc	576
stuffs	576
substation	576
subversive	576
sucre	576
sulla	576
supermodel	576
supervises	576
suprise	576
swartz	576
taming	576
tapas	576
tarball	576
taylors	576
tentacles	576
terme	576
thwart	576
thymus	576
tillage	576
tiscali	576
toughness	576
trafic	576
tragically	576
transamerica	576
tristate	576
tritium	576
trop	576
trotter	576
trumbull	576
trumps	576
tures	576
twofold	576
ucs	576
uiq	576
uname	576
uncovering	576
undeniable	576
unearned	576
unfunded	576
unsaturated	576
uucp	576
vacate	576
validates	576
valuables	576
vendita	576
vertebrates	576
viajes	576
vipix	576
virulence	576
vise	576
vserver	576
waged	576
waiters	576
walkie	576
warlord	576
waverley	576
waxed	576
waxes	576
wbc	576
wearer	576
wetsuit	576
whereof	576
whitefish	576
whittaker	576
whiz	576
wildland	576
winders	576
wireline	576
withdraws	576
wolfowitz	576
woot	576
wrigley	576
xsp	576
xxiii	576
yardage	576
yonder	576
yoshi	576
zp	576
abm	575
acetylcholine	575
acg	575
adheres	575
agb	575
agitated	575
agonists	575
aldershot	575
alienated	575
allergen	575
allotments	575
alumnae	575
alyson	575
ameriquest	575
analgesic	575
anima	575
apap	575
apologized	575
arbitrators	575
argh	575
arlen	575
armin	575
arnaud	575
artistes	575
assertive	575
astrophysical	575
aussies	575
avenida	575
bajar	575
balearic	575
barkley	575
barnstable	575
barrister	575
battled	575
bayonet	575
beak	575
benidorm	575
bennet	575
betray	575
bidorbuy	575
blakely	575
bonobo	575
boson	575
bossier	575
brawl	575
brd	575
breakbeat	575
bridesmaids	575
bronchial	575
bronte	575
brunner	575
btec	575
buell	575
buzzer	575
bydd	575
caffe	575
cale	575
carnations	575
caseload	575
caterham	575
catharines	575
catwoman	575
centrifuge	575
chernobyl	575
chilliwack	575
chore	575
clas	575
cleanly	575
clif	575
cnw	575
collaborator	575
collusion	575
communicators	575
concentrator	575
coney	575
considerate	575
constellations	575
controllable	575
corinne	575
corrs	575
counteract	575
counterterrorism	575
crazed	575
creatinine	575
crocheted	575
crockery	575
crucible	575
crumbling	575
cruzer	575
crystallography	575
cui	575
culo	575
culvert	575
curators	575
currys	575
cws	575
cynicism	575
daddies	575
daq	575
dario	575
darko	575
datacenter	575
datos	575
davids	575
deakin	575
debacle	575
debilitating	575
dehydrated	575
delineation	575
delirium	575
dells	575
detainee	575
diadora	575
dignified	575
discouraging	575
discredit	575
downers	575
downsizing	575
drivetrain	575
dvc	575
dyno	575
eeoc	575
ees	575
eisner	575
embankment	575
embarking	575
embodiments	575
embryology	575
emptying	575
ender	575
endorsing	575
enlight	575
entangled	575
enticing	575
environs	575
equipping	575
ern	575
erroneously	575
especial	575
evokes	575
extraneous	575
eyeball	575
fabrice	575
factorization	575
factsheets	575
fairways	575
falco	575
famc	575
famously	575
fandom	575
ferrets	575
filmstrip	575
firehouse	575
firsts	575
flasks	575
fleshlight	575
flipper	575
fokus	575
follicle	575
follies	575
fondly	575
foreclosed	575
franchisees	575
frills	575
frosting	575
fung	575
gallbladder	575
gare	575
gatineau	575
gauze	575
gazed	575
geez	575
generalize	575
gerrard	575
giacomo	575
giao	575
gij	575
gilligan	575
gillis	575
glycogen	575
graces	575
grotesque	575
grotto	575
guzman	575
haccp	575
hamptons	575
hardwick	575
hasta	575
hatching	575
hattiesburg	575
haunts	575
hawkeye	575
hdf	575
hemel	575
hermosa	575
heroism	575
heywood	575
hijackers	575
hilfe	575
himalayas	575
hofmann	575
hofstra	575
holla	575
hoosier	575
hott	575
hpi	575
hsm	575
hutchins	575
immer	575
immunological	575
impressionist	575
indenture	575
indore	575
inducible	575
informazioni	575
initializing	575
inositol	575
inspectorate	575
instock	575
insurgent	575
interop	575
intolerant	575
ioctl	575
ique	575
itemsshow	575
jang	575
janitor	575
jdm	575
jermaine	575
jeune	575
jini	575
johansen	575
juries	575
kamal	575
kao	575
karel	575
karina	575
karts	575
katana	575
kbs	575
kes	575
kevlar	575
keypress	575
kgb	575
khaled	575
kihei	575
kimmel	575
kink	575
kiwanis	575
klipsch	575
klonopin	575
knotted	575
krugman	575
kyiv	575
lactic	575
landmines	575
laporte	575
lca	575
legacies	575
legg	575
leste	575
leveled	575
liberating	575
libertarians	575
linguist	575
lithography	575
loam	575
longford	575
lovett	575
machinist	575
mackey	575
maier	575
mamob	575
mane	575
manfrotto	575
marais	575
marketworks	575
marla	575
marshals	575
mazatlan	575
mcarthur	575
mccracken	575
mchugh	575
mdm	575
medici	575
menzies	575
meshes	575
milled	575
milligan	575
minden	575
misconception	575
mises	575
misused	575
modblogs	575
modena	575
mohair	575
molasses	575
monasteries	575
monopolies	575
mormons	575
motorhead	575
movei	575
moyer	575
mrt	575
mths	575
multilayer	575
multipoint	575
murtha	575
mya	575
nagy	575
nang	575
narconon	575
neglecting	575
netbios	575
nightwear	575
notifyall	575
ntc	575
nue	575
numbness	575
obama	575
oblast	575
obstructions	575
octal	575
onlinephentermine	575
optimally	575
orpheus	575
orthodontic	575
outfitter	575
ovaries	575
pairwise	575
papier	575
paramilitary	575
pdx	575
permaculture	575
pertussis	575
perugia	575
pham	575
phenterminecheap	575
phenyl	575
photocopies	575
photogallery	575
photometric	575
photonic	575
pinion	575
piped	575
plantings	575
platypus	575
pnc	575
politique	575
polymorphisms	575
possum	575
prag	575
praia	575
precepts	575
preemptive	575
prescriptive	575
preservative	575
presidente	575
presidio	575
proclaiming	575
procrastination	575
projective	575
pronouns	575
proofreading	575
propos	575
protege	575
prt	575
pud	575
puri	575
purifying	575
purposeful	575
qingdao	575
quadruple	575
quang	575
rabble	575
raided	575
rarities	575
ravenna	575
rawhide	575
rectangles	575
reflectors	575
refrigerant	575
reinhard	575
reise	575
reiterate	575
relegated	575
reliever	575
relieves	575
replicator	575
retour	575
reunite	575
reverses	575
rhea	575
riesling	575
rigby	575
rightfully	575
rigorously	575
ristorante	575
rivets	575
rmx	575
rosacea	575
roux	575
rsl	575
rudimentary	575
ruining	575
rung	575
rutledge	575
salam	575
salaried	575
saudis	575
sausalito	575
saxony	575
schooner	575
sconce	575
sdd	575
seizing	575
selangor	575
sequestration	575
settler	575
sexist	575
shearing	575
shocker	575
shortcake	575
sighs	575
silencer	575
skelton	575
sociedad	575
sorter	575
sowing	575
sown	575
spanner	575
spoils	575
stagnant	575
staroffice	575
steers	575
strcpy	575
styrene	575
subcontracting	575
subcutaneous	575
suburbia	575
sunnyside	575
surfactant	575
suspending	575
synagogues	575
tablecloth	575
tain	575
tami	575
taskforce	575
taupo	575
tekken	575
telecommuting	575
telefax	575
telekom	575
telematics	575
tetracycline	575
theologians	575
thereunder	575
thos	575
tial	575
tinnitus	575
tnc	575
tok	575
toluene	575
tonneau	575
tourisme	575
toutputimage	575
townhall	575
toxicological	575
trailblazer	575
trams	575
transfection	575
transgendered	575
triage	575
tribulation	575
tsai	575
tts	575
tubal	575
tum	575
turku	575
tva	575
twas	575
twd	575
ultralight	575
ultrasonography	575
unclean	575
undress	575
unfounded	575
unh	575
unpossible	575
unsere	575
vane	575
vectra	575
vgc	575
vickie	575
visors	575
vulgaris	575
wad	575
waldron	575
watercolors	575
waveguide	575
wcag	575
weirdness	575
wgbh	575
wget	575
whither	575
whyte	575
wifes	575
windstar	575
windward	575
winton	575
wop	575
xenopus	575
xxii	575
xzibit	575
yew	575
yoshida	575
abnormality	574
absurdity	574
accor	574
acyl	574
affliction	574
alabaster	574
albatross	574
alleys	574
allo	574
amato	574
ambrosia	574
amphibious	574
amuse	574
analsex	574
android	574
anisotropic	574
antcn	574
anthropologist	574
antisocial	574
anya	574
appalled	574
applescript	574
archers	574
arista	574
assassinated	574
associating	574
autoblog	574
axa	574
bader	574
baguette	574
balfour	574
bandera	574
barcelo	574
batters	574
baz	574
beecher	574
berliner	574
beryl	574
bewertung	574
bif	574
bigpond	574
billionaire	574
biostatistics	574
bmo	574
bragging	574
brando	574
bribes	574
bridle	574
broadcom	574
brodie	574
brosnan	574
brownfields	574
bubbling	574
bucknell	574
buford	574
bukakke	574
bustle	574
bwv	574
calipers	574
captives	574
cardigans	574
carnal	574
carrey	574
catv	574
caulfield	574
cautionary	574
cerro	574
certificated	574
certiorari	574
chamomile	574
chiu	574
choreographer	574
christa	574
cigna	574
cilantro	574
citywide	574
clanlib	574
coercive	574
cognos	574
coker	574
comming	574
compo	574
concurred	574
condensing	574
conditionally	574
confederacy	574
conformational	574
confronts	574
congratulated	574
conqueror	574
constitutive	574
contributory	574
contrived	574
converges	574
cooperatively	574
coq	574
cosa	574
couriers	574
cpo	574
cranbrook	574
crb	574
cred	574
crestwood	574
crispin	574
crosslinks	574
crucifixion	574
cubase	574
cutout	574
czar	574
daemons	574
dafa	574
dartford	574
dde	574
deane	574
debentures	574
decl	574
democratization	574
despised	574
deteriorate	574
dht	574
dicaprio	574
disdain	574
disgruntled	574
dlr	574
dmn	574
dmz	574
dockers	574
dof	574
dost	574
dreamers	574
dreary	574
drucker	574
dryness	574
duffle	574
durations	574
ebxml	574
ecol	574
eesti	574
effecting	574
eisenberg	574
emanating	574
emd	574
emg	574
emmylou	574
enfants	574
enigmatic	574
envi	574
epr	574
equ	574
erections	574
escalate	574
esol	574
evaporated	574
evesham	574
exhausting	574
exhausts	574
experimented	574
eyelids	574
eyesight	574
famosas	574
fark	574
federations	574
ferre	574
fet	574
filet	574
firemen	574
fixer	574
foal	574
forbids	574
forceful	574
forerunner	574
formalized	574
forme	574
foundational	574
foy	574
franchisee	574
frenchman	574
fuente	574
fujian	574
galicia	574
galilee	574
gamut	574
gangsters	574
garfunkel	574
garvey	574
geddes	574
genova	574
georgie	574
giggles	574
gilliam	574
glaxosmithkline	574
gogo	574
goog	574
gophers	574
gpsmap	574
grantor	574
granularity	574
grb	574
grinning	574
gripe	574
gsl	574
guggenheim	574
guitarists	574
gymboree	574
hallucinations	574
handguns	574
harford	574
haves	574
haworth	574
hearn	574
hec	574
hera	574
herbarium	574
hesitated	574
hesse	574
hmong	574
hodder	574
hordes	574
horrid	574
horsemen	574
howland	574
hyannis	574
hypoglycemia	574
iba	574
ideograph	574
idiom	574
idyllic	574
ige	574
ihep	574
impressionism	574
impromptu	574
infidel	574
infidelity	574
infomatics	574
inhaler	574
innocents	574
inproceedings	574
instawares	574
instructing	574
intec	574
intestines	574
intimidate	574
iogear	574
jacobi	574
jayson	574
jit	574
jobless	574
jugg	574
kagan	574
karsten	574
kean	574
kearns	574
ket	574
kidnap	574
killington	574
kissinger	574
ksc	574
kucinich	574
kyo	574
larceny	574
larsson	574
lation	574
legitimately	574
leila	574
leucine	574
libor	574
lmc	574
lmi	574
loggers	574
lombardi	574
lorry	574
lowly	574
luo	574
maa	574
madly	574
magdalena	574
magnified	574
malagasy	574
manitowoc	574
manta	574
martino	574
matinee	574
matlock	574
mcclintock	574
mcneill	574
mcsa	574
mdgs	574
merch	574
metcalfe	574
methylation	574
midpoint	574
midweek	574
minivans	574
mitigated	574
mitral	574
mixtape	574
miyake	574
mobilizing	574
moffat	574
moira	574
moultrie	574
moviefone	574
multifunctional	574
mush	574
musi	574
mxn	574
naa	574
nair	574
nanoscale	574
nca	574
nervosa	574
newtonian	574
ngn	574
nifl	574
noes	574
noob	574
noosa	574
northbound	574
nsync	574
ocp	574
onlinebuy	574
opcode	574
oppenheimer	574
opposites	574
orbiting	574
orchestrated	574
orifice	574
orland	574
oshawa	574
otr	574
outburst	574
overpriced	574
oxy	574
padd	574
papillon	574
paras	574
parkplatz	574
parliaments	574
parson	574
pcie	574
pease	574
penalized	574
peruse	574
pez	574
phenomenology	574
phong	574
physik	574
pirelli	574
plunder	574
polymorphic	574
posner	574
postmenopausal	574
precarious	574
precios	574
primaries	574
probs	574
prostatic	574
pthread	574
puente	574
putney	574
pyruvate	574
rah	574
rasa	574
readonly	574
recaps	574
refute	574
rehoboth	574
reigning	574
reiner	574
reinstate	574
relist	574
resolver	574
resubmit	574
resurrected	574
retraining	574
revaluation	574
revamp	574
revel	574
rfcs	574
rialto	574
risers	574
rmc	574
roadsidethoughts	574
romanticism	574
romp	574
roos	574
rosso	574
rubella	574
rubens	574
rumored	574
rut	574
saggy	574
sakaiproject	574
sapphic	574
satchel	574
saute	574
savute	574
scant	574
sceptre	574
schuyler	574
scl	574
scraper	574
screwdrivers	574
sdsu	574
sealy	574
searchers	574
sehr	574
selinux	574
sextoys	574
sff	574
sfp	574
shattering	574
shoplocal	574
showcased	574
shredding	574
shudder	574
sider	574
signoff	574
silenced	574
simcoe	574
skips	574
skyscrapers	574
slashed	574
slingshot	574
slinky	574
slk	574
smugglers	574
snatched	574
soares	574
sodomy	574
spamalot	574
spicer	574
spotters	574
springboard	574
standardisation	574
steamers	574
steeped	574
stiller	574
stingray	574
stretcher	574
subdomain	574
substantiated	574
subterranean	574
subtypes	574
summa	574
summerfield	574
surfboard	574
surfboards	574
suture	574
sux	574
swg	574
syed	574
taekwondo	574
taglines	574
takingitglobal	574
tangle	574
targa	574
taz	574
technet	574
tenured	574
terracotta	574
testifying	574
tgf	574
tham	574
thereupon	574
tice	574
tiller	574
tir	574
topographical	574
toscana	574
transfected	574
trawl	574
treacherous	574
triplets	574
tustin	574
tuxedos	574
tvw	574
twikiusers	574
ucr	574
uj	574
unedited	574
unger	574
unilaterally	574
unknowns	574
unprepared	574
unravel	574
unthinkable	574
untimely	574
unwelcome	574
uplinked	574
upsets	574
urination	574
usernames	574
uspto	574
vanities	574
varicose	574
vasquez	574
verdes	574
versed	574
vesa	574
villager	574
volley	574
voorraad	574
vtr	574
walkin	574
watchful	574
wayland	574
weatherproof	574
webjay	574
whew	574
wreckage	574
xem	574
xilisoft	574
yerevan	574
youngster	574
yunnan	574
zag	574
zara	574
zc	574
zd	574
abelian	573
abl	573
abo	573
abscess	573
absolut	573
absorbers	573
abundantly	573
acumen	573
admiring	573
adodb	573
adoration	573
affidavits	573
akbar	573
alexei	573
amity	573
amphitheatre	573
amsoil	573
annandale	573
annuncio	573
anointed	573
apotheon	573
applauded	573
appli	573
aquifers	573
aquitaine	573
armpits	573
arranges	573
asda	573
ashworth	573
atenolol	573
aztecs	573
bab	573
baffled	573
ballpoint	573
bandana	573
banquets	573
barbarians	573
beal	573
becuase	573
beggar	573
belo	573
bers	573
bigelow	573
biweekly	573
blockage	573
bosworth	573
boxdata	573
brest	573
breyer	573
brice	573
broiler	573
bulma	573
bundaberg	573
buoys	573
burdened	573
burdensome	573
burnie	573
bushings	573
busta	573
cabal	573
cabela	573
calabria	573
caliente	573
californians	573
cameraman	573
camila	573
carcinogenic	573
cardinality	573
carpool	573
carsten	573
caruso	573
casas	573
catechism	573
cavs	573
cbbc	573
cbl	573
changeover	573
channeling	573
chaparral	573
chemo	573
chicos	573
chimera	573
chlorinated	573
choline	573
civics	573
classed	573
classmate	573
cliche	573
clitoral	573
clos	573
clot	573
clug	573
cng	573
cockburn	573
commercialisation	573
compulsion	573
computerised	573
concentric	573
consults	573
convener	573
convertibles	573
crtc	573
ctn	573
cuddle	573
cunni	573
cxx	573
cyborg	573
dahlia	573
dailies	573
dakine	573
dandelion	573
dansguardian	573
datasheets	573
dbe	573
deactivated	573
decanter	573
decaying	573
declination	573
decryption	573
defun	573
dekker	573
deming	573
derailed	573
deutschen	573
deutscher	573
dictators	573
diffuser	573
disintegration	573
dismantled	573
doolittle	573
dotnetnuke	573
downer	573
driftwood	573
drool	573
drummers	573
edelman	573
edina	573
eidos	573
elie	573
elizabethan	573
elven	573
elvira	573
enlaces	573
eoc	573
eoe	573
epidemiologic	573
erb	573
etnies	573
eukaryota	573
exchangers	573
exertion	573
exponents	573
extinguished	573
extrapolation	573
fallback	573
farscape	573
faxless	573
fennel	573
fermilab	573
fgm	573
fico	573
fid	573
figleaves	573
fillets	573
fisa	573
fitzroy	573
fixings	573
flier	573
floorplan	573
flutter	573
flywheel	573
fmc	573
foaming	573
foils	573
frankreich	573
frantically	573
freer	573
fronted	573
fsh	573
ftm	573
futons	573
gasolina	573
gca	573
getz	573
ghostbusters	573
gilead	573
giorni	573
gmtime	573
godin	573
golgi	573
gondola	573
goverment	573
grainger	573
gretna	573
grinnell	573
grisham	573
griswold	573
guida	573
hades	573
hallo	573
handkerchief	573
harmonized	573
harwich	573
hbv	573
hdtvs	573
hein	573
helly	573
hematopoietic	573
heretofore	573
hertford	573
hillel	573
hoi	573
honky	573
horseman	573
hotplug	573
hows	573
humphries	573
huntley	573
hypothesized	573
icici	573
ikezoe	573
immagini	573
imprints	573
inaudible	573
indesit	573
individualism	573
inflationary	573
informer	573
insoluble	573
insurances	573
interbase	573
interdependent	573
interspersed	573
interviewees	573
interwoven	573
intruders	573
isotropic	573
isset	573
ital	573
jeffersonville	573
jeffries	573
jian	573
jizzshot	573
joerg	573
joysticks	573
juin	573
kalahari	573
kamasutra	573
kanpur	573
keanu	573
keira	573
ketchikan	573
keying	573
khartoum	573
kickboxing	573
kochi	573
koizumi	573
kor	573
kq	573
kraftwerk	573
krups	573
laing	573
lakeville	573
lastname	573
lbo	573
leans	573
leavers	573
lebron	573
leek	573
leer	573
leith	573
lemieux	573
levees	573
liberally	573
lickers	573
lightest	573
lina	573
literals	573
literotica	573
loin	573
lorain	573
lum	573
lumiere	573
lupin	573
maas	573
machado	573
maf	573
magicyellow	573
marcinho	573
marmalade	573
maroc	573
maryville	573
masterful	573
mastiff	573
materia	573
matsumoto	573
mattered	573
mattie	573
maury	573
meadville	573
memento	573
mercado	573
messageboards	573
mgd	573
micr	573
miramax	573
miva	573
monologues	573
mosfet	573
moya	573
mtx	573
munoz	573
munson	573
murky	573
musa	573
muses	573
myosin	573
mythological	573
nackt	573
napalm	573
nave	573
ncl	573
nervously	573
newry	573
ngs	573
nieuwe	573
niggas	573
nittany	573
niveau	573
nondiscrimination	573
nuance	573
nurtured	573
nya	573
oars	573
obstet	573
obtainable	573
odi	573
oligonucleotide	573
ome	573
opensolaris	573
orienteering	573
oscillators	573
oscilloscope	573
oskar	573
ove	573
overcame	573
overwritten	573
pacheco	573
padlock	573
pail	573
paraphernalia	573
pard	573
parkside	573
parnell	573
pdm	573
pentecostal	573
penton	573
penzance	573
perle	573
permeable	573
permutations	573
perpetuate	573
pgm	573
phoned	573
pickled	573
picnics	573
pinochet	573
pirated	573
plist	573
podiatry	573
posi	573
postnatal	573
pours	573
precludes	573
prerogative	573
pretrial	573
primavera	573
procuring	573
protestors	573
pubsulike	573
puss	573
pxi	573
qca	573
qn	573
quantitatively	573
quarkxpress	573
quy	573
racetrack	573
radionuclide	573
randal	573
raspberries	573
ravine	573
recv	573
reflexive	573
reformer	573
refraction	573
reiter	573
removers	573
renown	573
repressive	573
republika	573
rescuers	573
ressources	573
retract	573
revitalize	573
rez	573
ringetoner	573
riverwalk	573
riveting	573
rockwood	573
rosalind	573
rotator	573
rouble	573
rrna	573
rsm	573
rsv	573
rua	573
rubinstein	573
sadc	573
sandoval	573
saucers	573
screenname	573
sde	573
seminoles	573
semper	573
sepsis	573
shafer	573
shatter	573
sheepdog	573
sheriffs	573
shiver	573
shoebuy	573
shortness	573
sigmund	573
signings	573
silhouettes	573
skimpy	573
skynyrd	573
slacker	573
smit	573
sns	573
soic	573
solemnly	573
solidly	573
sorely	573
spg	573
spilling	573
spines	573
splendour	573
starboard	573
starfleet	573
starve	573
stopwatch	573
stupendous	573
subroutines	573
subscript	573
subsec	573
subspecies	573
substandard	573
supercharged	573
superimposed	573
superiors	573
sweeter	573
tabulated	573
tailors	573
tait	573
taka	573
tallied	573
tassel	573
telemark	573
terminally	573
termites	573
theologian	573
threechannel	573
timescale	573
tinting	573
tko	573
tolar	573
tongs	573
toute	573
tpm	573
traceroute	573
transferee	573
trikes	573
tripoli	573
truffle	573
truthfully	573
tumbled	573
typeface	573
uah	573
unanticipated	573
unsustainable	573
unwarranted	573
upbringing	573
usmle	573
valhalla	573
ved	573
vez	573
vhdl	573
vigo	573
visualized	573
vpl	573
wasteful	573
weaves	573
willfully	573
workbooks	573
workloads	573
xchange	573
xseries	573
yanks	573
zac	573
zonal	573
acco	572
acdbarc	572
achat	572
adored	572
aggravating	572
aggrieved	572
agronomy	572
agu	572
ahmadinejad	572
aironet	572
albury	572
alonzo	572
altimeter	572
altitudes	572
alveolar	572
ambulances	572
amenable	572
ameri	572
amortized	572
anaal	572
analgesics	572
anarchists	572
anda	572
andrey	572
anecdote	572
anniston	572
antiwar	572
antoinette	572
anwar	572
anzac	572
aprs	572
arti	572
artiste	572
asahi	572
asco	572
ascorbic	572
assisi	572
async	572
atn	572
atrios	572
attenuated	572
auc	572
audiophile	572
baise	572
barco	572
bauhaus	572
bausch	572
behav	572
benetton	572
bering	572
biennium	572
biliary	572
bioengineering	572
biofeedback	572
blackfoot	572
bluffton	572
bna	572
bodyguard	572
bogen	572
bombardment	572
bonaparte	572
booms	572
borealis	572
bough	572
brescia	572
bsb	572
buckner	572
bunbury	572
cakewalk	572
canopus	572
cantrell	572
caricatures	572
carolinas	572
caspase	572
castellano	572
catamaran	572
catchers	572
cayuga	572
cbe	572
cbn	572
ccf	572
centaur	572
cerberus	572
ceu	572
chanukah	572
checkered	572
christiansen	572
chubb	572
circadian	572
cissp	572
clays	572
cleanups	572
climatology	572
coho	572
colonic	572
communigate	572
consensual	572
courtship	572
covalent	572
csg	572
csh	572
cupboards	572
cynic	572
dansko	572
dares	572
dbase	572
demented	572
denier	572
detract	572
devonshire	572
dichotomy	572
dionne	572
dirac	572
discounting	572
distinfo	572
dme	572
dnb	572
dnd	572
douche	572
downgrade	572
drags	572
dumpster	572
duster	572
dutchess	572
dwarves	572
earthy	572
ebscohost	572
edf	572
eduard	572
eigen	572
embellished	572
emporis	572
emulated	572
encinitas	572
enlarging	572
ente	572
eph	572
erg	572
eri	572
ert	572
etcetera	572
etoys	572
eula	572
excesses	572
exorcist	572
expeditionary	572
extraterrestrial	572
factored	572
faridabad	572
fates	572
faves	572
fazendo	572
feathered	572
fingerprinting	572
firepower	572
fitchburg	572
flathead	572
flintshire	572
flowchart	572
forgets	572
formosa	572
freefind	572
freund	572
froogle	572
frowned	572
ftaa	572
fugitives	572
fullsize	572
fumbles	572
gaulle	572
gdi	572
geodetic	572
geoquote	572
ges	572
gillmor	572
ginsberg	572
glee	572
glug	572
glycemic	572
gmd	572
gnats	572
goldfinger	572
gomes	572
goran	572
grapple	572
gravitation	572
greenery	572
grist	572
grocers	572
gstreamer	572
gubernatorial	572
guerrillas	572
hacer	572
hallelujah	572
hams	572
harrods	572
hasten	572
hatched	572
hdpe	572
headcount	572
hel	572
helios	572
helpfulness	572
herewith	572
herrmann	572
hexagon	572
himachal	572
histological	572
honduran	572
honeycomb	572
hoot	572
householders	572
humanistic	572
hypocritical	572
icr	572
idiotic	572
ifr	572
ilife	572
illawarra	572
ilm	572
ime	572
impediment	572
inefficiency	572
infobank	572
inseam	572
insulted	572
inu	572
investigational	572
japonica	572
jeroen	572
jis	572
jobseekers	572
joes	572
joshi	572
joyner	572
katja	572
kemper	572
keystroke	572
knysna	572
kok	572
kristian	572
kroatien	572
kulkarni	572
kuo	572
kurzweil	572
labtec	572
laois	572
lawler	572
leavitt	572
leia	572
lewinsky	572
loophole	572
lowlands	572
lubes	572
magi	572
mangalore	572
maplin	572
massagers	572
matteo	572
mcu	572
megabyte	572
mendelssohn	572
menopausal	572
merci	572
mfi	572
microstrategy	572
misspelled	572
monastic	572
monomer	572
morn	572
motorcycling	572
mouser	572
moz	572
mpt	572
mucous	572
musketeers	572
narayan	572
natura	572
nerf	572
nestor	572
nether	572
nitrite	572
nmi	572
nob	572
nomads	572
nourishment	572
nouvelles	572
nst	572
nui	572
numa	572
nwi	572
oceanview	572
ohh	572
omitting	572
opa	572
operable	572
orthologous	572
osf	572
paar	572
panache	572
paralympic	572
parkersburg	572
partake	572
parti	572
passe	572
pcx	572
pediatricians	572
pelagic	572
pellepennan	572
penrose	572
penticton	572
perilous	572
pesto	572
phenotypic	572
phenterminediscount	572
phonological	572
photojournalism	572
phylogeny	572
pinhole	572
pitted	572
pkt	572
plankton	572
plesk	572
ploy	572
poked	572
policyholders	572
polymeric	572
pomeroy	572
ponderosa	572
portraying	572
prakash	572
pratchett	572
preoperative	572
pressurized	572
prioritization	572
productos	572
programas	572
prono	572
pronoun	572
proverbial	572
pseudonym	572
psm	572
puke	572
pulleys	572
pus	572
pyro	572
qigong	572
qin	572
quantifying	572
quartile	572
qx	572
qz	572
rabbis	572
racecourse	572
radix	572
raine	572
ramble	572
rancher	572
rapist	572
realtytrac	572
refueling	572
rehnquist	572
remoting	572
renovating	572
reopening	572
replicating	572
repose	572
resembled	572
resistive	572
resized	572
reza	572
risque	572
roomates	572
rosedale	572
rout	572
rrs	572
rsh	572
rubies	572
rubio	572
runways	572
saito	572
salivary	572
sandburg	572
sarawak	572
sass	572
satirical	572
sauk	572
schaffer	572
seamus	572
seaview	572
sebastien	572
servicemen	572
setenv	572
shanahan	572
sharpener	572
shayne	572
shotguns	572
siesta	572
sigia	572
signer	572
sigur	572
simulates	572
sketching	572
slashes	572
sld	572
slicer	572
sloth	572
snappy	572
snooper	572
soared	572
solon	572
soundcard	572
soundex	572
soya	572
sparky	572
spellings	572
starwood	572
steely	572
stellenbosch	572
stews	572
stimulants	572
stinks	572
streetpilot	572
strikingly	572
sublets	572
supercomputing	572
suzie	572
svt	572
swipe	572
sylvain	572
sysop	572
tacky	572
taichi	572
tanto	572
tarpon	572
tasking	572
tce	572
tci	572
temperance	572
tems	572
tendered	572
testbed	572
textarea	572
thirties	572
tiesto	572
timesheet	572
tns	572
tolerable	572
tomy	572
toughbook	572
tpb	572
trample	572
tranquillity	572
transando	572
transitioning	572
travelogue	572
triglycerides	572
truckee	572
truncation	572
trx	572
tuo	572
tutto	572
tweaked	572
twickenham	572
tye	572
udo	572
ugo	572
uncles	572
unctad	572
unidos	572
universalist	572
unmodified	572
unthreaded	572
upkeep	572
uwa	572
verilog	572
vesting	572
vinnie	572
violets	572
vivienne	572
voyforums	572
vss	572
wargames	572
wattage	572
webx	572
weightlifting	572
weis	572
westmeath	572
wheelbase	572
whoops	572
wirelessly	572
workgroups	572
workmen	572
wpi	572
wrecks	572
yoon	572
yorkie	572
yugo	572
ywca	572
zell	572
zircon	572
zodb	572
zy	572
ababa	571
abalone	571
acceptor	571
aculaser	571
acutely	571
addressee	571
addy	571
adel	571
adriatic	571
ahern	571
airforce	571
aisles	571
algal	571
amalgamation	571
americus	571
amphitheater	571
andalusia	571
aragorn	571
arcata	571
archangel	571
arnie	571
ashmore	571
atmel	571
attila	571
auld	571
authorise	571
azalea	571
azerbaijani	571
babydoll	571
balsam	571
barak	571
baroda	571
baruch	571
battelle	571
batterie	571
belarusian	571
beveled	571
bld	571
blenheim	571
blt	571
bodybuilder	571
bombshell	571
boneless	571
bootcamp	571
bott	571
bowflex	571
bowlers	571
boyfriends	571
bravely	571
brltty	571
browsed	571
bundling	571
bundy	571
bypassing	571
caged	571
caledonian	571
calendario	571
campanile	571
cannondale	571
capitalizing	571
carcinogens	571
cardstock	571
cathay	571
catheters	571
celiac	571
cervantes	571
chasm	571
cheater	571
chock	571
chocolat	571
clarksburg	571
clem	571
clematis	571
clo	571
clogged	571
closeness	571
codename	571
cognizant	571
colorless	571
colvin	571
commerical	571
complainants	571
condon	571
consumerism	571
copywriter	571
cordon	571
correspondingly	571
cotta	571
cowardly	571
crayola	571
creases	571
crouching	571
culminated	571
cumulus	571
cursing	571
cusack	571
cutlass	571
cybernetics	571
cyberpunk	571
daf	571
dagenham	571
decoy	571
ded	571
demeanor	571
desirability	571
devonport	571
discontinuation	571
disliked	571
dissimilar	571
dua	571
dupage	571
dwelt	571
eachother	571
eames	571
eared	571
earnestly	571
earphone	571
ebenezer	571
ecampus	571
ecp	571
edie	571
edson	571
ehs	571
ejected	571
electromechanical	571
elgar	571
emits	571
enotes	571
enslaved	571
ephemeral	571
equates	571
equifax	571
ethically	571
europcar	571
evi	571
exaggeration	571
exhibitionist	571
exo	571
expectant	571
extenders	571
extortion	571
eyeglass	571
fabricating	571
fairmount	571
fatally	571
fenwick	571
ferragamo	571
fido	571
filigree	571
findtech	571
fishman	571
fkk	571
flanges	571
fleischer	571
fleshy	571
florentine	571
flr	571
fluctuating	571
flycatcher	571
footy	571
forecasted	571
fpm	571
freenet	571
freeradius	571
freeride	571
fruition	571
gabriella	571
gameday	571
gastronomy	571
gaul	571
gbps	571
gce	571
genders	571
generalist	571
geometries	571
ghosh	571
gimmicks	571
gingham	571
godiva	571
gossamer	571
grappling	571
gratuitous	571
gravis	571
greenish	571
gretzky	571
greyhounds	571
grime	571
gsx	571
gunnison	571
gusto	571
guwahati	571
haggis	571
hairdresser	571
hairdressers	571
halide	571
hammering	571
hao	571
harlingen	571
harming	571
harnessing	571
hcg	571
headgear	571
heartache	571
hegel	571
hhh	571
hilly	571
hmi	571
horrendous	571
hough	571
hsi	571
huck	571
huckleberry	571
humbly	571
hypermedia	571
hypothyroidism	571
iab	571
idealistic	571
illiteracy	571
immunohistochemistry	571
impurity	571
incomprehensible	571
indica	571
inflate	571
informants	571
infringed	571
ingested	571
inj	571
injectable	571
inp	571
insole	571
intracranial	571
ipos	571
iri	571
ivey	571
jeannette	571
jenni	571
jeong	571
jia	571
jinx	571
joinery	571
journaling	571
jre	571
juggs	571
juke	571
jupiterresearch	571
jura	571
kale	571
kano	571
kaya	571
kbd	571
ketchum	571
keypads	571
kingsville	571
kon	571
labourers	571
langue	571
laurens	571
leashes	571
leed	571
legalized	571
leger	571
legolas	571
legumes	571
leinster	571
libwww	571
lichfield	571
lightfoot	571
lightsaber	571
liquors	571
littered	571
llbean	571
locksmiths	571
loudon	571
lynyrd	571
magnetics	571
maia	571
maidens	571
masculinity	571
masse	571
mcat	571
mcsd	571
mencken	571
mephisto	571
messianic	571
messier	571
mest	571
metabolite	571
mexicana	571
mhs	571
mijn	571
mingling	571
minutemen	571
mirago	571
misspellings	571
mmo	571
mondeo	571
monologue	571
mopar	571
mow	571
mpe	571
msps	571
mumps	571
mundial	571
mutilation	571
namibian	571
nathalie	571
nesgc	571
nieuws	571
nmh	571
nourish	571
npd	571
nsn	571
ntu	571
nuovo	571
oac	571
oberon	571
obscenity	571
octagon	571
offres	571
oryza	571
outcry	571
overheating	571
overwhelm	571
padova	571
paganism	571
pancreatitis	571
passaic	571
pcd	571
pecans	571
percival	571
perego	571
persistently	571
petzl	571
phan	571
phenix	571
phylum	571
physica	571
pias	571
pii	571
pina	571
plover	571
pmb	571
pmt	571
polity	571
popes	571
poss	571
practicality	571
prawn	571
precondition	571
predicament	571
prefered	571
preponderance	571
pretentious	571
prf	571
primordial	571
principled	571
prioritized	571
profess	571
profil	571
psigate	571
puffin	571
quadro	571
quant	571
quinlan	571
quirks	571
rabin	571
radium	571
rainforests	571
ramesh	571
raping	571
rappers	571
rasta	571
ravel	571
razors	571
rce	571
reactionary	571
rearrange	571
redeeming	571
regiments	571
regress	571
reigned	571
relive	571
rena	571
reparations	571
reproducibility	571
retrograde	571
riddell	571
ridgefield	571
ridgewood	571
rigor	571
rockaway	571
roddick	571
rohan	571
rowdy	571
rucker	571
sade	571
sager	571
sbe	571
schafer	571
schnauzer	571
schrader	571
scribes	571
scriptural	571
selfishness	571
sfmt	571
shadowy	571
shaper	571
shemp	571
sher	571
shipboard	571
signaled	571
sitepoint	571
sity	571
slacks	571
slashing	571
solute	571
sorenson	571
sosui	571
sounder	571
spanned	571
speculated	571
sportsmen	571
srgb	571
ssx	571
stdin	571
stench	571
stumbles	571
sturm	571
styli	571
subcommittees	571
subdomains	571
sublimation	571
subtropical	571
suez	571
sundown	571
tacos	571
tatoo	571
tcpdump	571
teasers	571
techdirt	571
thefreedictionary	571
thefts	571
thon	571
thurrock	571
tics	571
tissot	571
tlv	571
toolset	571
tora	571
torus	571
transylvania	571
trigonometry	571
trivandrum	571
trk	571
trondheim	571
trucos	571
trusty	571
tsi	571
tsk	571
tupperware	571
udb	571
ugs	571
univers	571
unworthy	571
uplifted	571
vassar	571
verdate	571
verdicts	571
vfw	571
vignettes	571
vil	571
virusscan	571
vit	571
vivanco	571
vive	571
vlaanderen	571
vme	571
vouyer	571
waging	571
warfarin	571
wasatch	571
waterside	571
waveforms	571
waxman	571
weg	571
weimar	571
weiter	571
whipple	571
whitehorse	571
whitmore	571
wickedness	571
wielding	571
winer	571
wmp	571
woodlawn	571
woolley	571
worded	571
workday	571
worshipping	571
wvu	571
yeovil	571
zimmermann	571
abf	570
abnormally	570
adamant	570
adjusters	570
adn	570
adopters	570
aesop	570
afx	570
agosto	570
ahora	570
ahs	570
ainsworth	570
airmen	570
alcatraz	570
algiers	570
allende	570
allocator	570
almeida	570
aloft	570
alphabets	570
alzheimers	570
amalgam	570
americorps	570
amici	570
analogies	570
angebote	570
angered	570
anion	570
ansel	570
anthropogenic	570
anycom	570
applicators	570
appointees	570
aramis	570
arapahoe	570
arl	570
arles	570
armament	570
arrhythmia	570
artnet	570
aspartate	570
asperger	570
assfucked	570
astrid	570
astrometric	570
atta	570
atwater	570
automakers	570
aver	570
ayala	570
backseatbangers	570
bansko	570
bastille	570
bechtel	570
beleive	570
bendix	570
bfg	570
bicentennial	570
blackman	570
blackwater	570
blass	570
blatantly	570
blogcritics	570
bodice	570
bookmaker	570
bossa	570
bridgend	570
brien	570
bruising	570
bsu	570
bubbly	570
bucs	570
bunkers	570
burleson	570
burying	570
caltrans	570
camarillo	570
caritas	570
castlevania	570
cataracts	570
cedars	570
cei	570
chairmans	570
chautauqua	570
chicano	570
chinchilla	570
chongqing	570
claddagh	570
cochlear	570
cocksuckers	570
colette	570
cols	570
commemorating	570
condone	570
consecrated	570
constitutionality	570
corporates	570
corsicana	570
cristal	570
crosbie	570
croton	570
crw	570
ctu	570
curio	570
cursos	570
cyclops	570
cyngor	570
dalian	570
darkly	570
dazed	570
debhelper	570
defies	570
delightfully	570
demande	570
denzel	570
depots	570
desolation	570
destroyers	570
deuces	570
devolved	570
dike	570
dilated	570
diminishes	570
disorderly	570
dispatching	570
distillers	570
dists	570
domina	570
dragostea	570
dunfermline	570
ead	570
eads	570
edwardsville	570
egf	570
egroupware	570
eldon	570
encroachment	570
energie	570
enforces	570
engle	570
enterprising	570
entitles	570
entrust	570
epidural	570
erasing	570
errol	570
ertl	570
esposito	570
euc	570
exacting	570
exemplifies	570
expanse	570
faeroe	570
fairer	570
faithfulness	570
fal	570
fanfic	570
fatboy	570
ferocious	570
ferrer	570
filly	570
finisher	570
flaherty	570
fleer	570
fliers	570
flogging	570
fname	570
foldable	570
foray	570
fortis	570
fortitude	570
frigate	570
fso	570
fud	570
gabriele	570
gallary	570
gander	570
garageband	570
garters	570
gdk	570
genomebrowser	570
geopolitical	570
gigablast	570
gillingham	570
glosspost	570
glucophage	570
goku	570
gorillas	570
gourd	570
grafting	570
grandstand	570
gratuitos	570
greening	570
grn	570
groaned	570
grouper	570
guevara	570
gunfire	570
gwar	570
hab	570
habitation	570
halliwell	570
hallways	570
hants	570
harmonisation	570
harrier	570
hatteras	570
hba	570
hdi	570
healthful	570
heber	570
heisman	570
helicobacter	570
heraldry	570
herod	570
hesperia	570
hippies	570
holger	570
hollander	570
homebuyer	570
honeys	570
hookers	570
hoppers	570
hor	570
hrvatski	570
humiliated	570
hydroponics	570
hypertensive	570
iar	570
igmp	570
ihc	570
ila	570
immutable	570
imovie	570
impor	570
imprimir	570
incomparable	570
innd	570
insidious	570
instalment	570
instantiated	570
interlink	570
interviewers	570
intrastate	570
invariance	570
ionizing	570
islas	570
isobaric	570
iti	570
ivanhoe	570
janelle	570
janesville	570
jansport	570
jasmin	570
jct	570
jib	570
juarez	570
kafka	570
kami	570
kea	570
keenly	570
kelty	570
kestrel	570
kinematics	570
klan	570
koop	570
krugerpark	570
kts	570
laplace	570
larkspur	570
ldc	570
leann	570
lesben	570
lewisburg	570
libri	570
ligase	570
liquefied	570
locket	570
lpr	570
luisa	570
lynnwood	570
maclaren	570
macroscopic	570
mademoiselle	570
magnetometer	570
manawatu	570
mated	570
mayoral	570
mcnair	570
mdx	570
mediating	570
medicina	570
meine	570
meriden	570
metronome	570
mgf	570
microeconomics	570
milt	570
mimo	570
mineralogy	570
minuteman	570
misrepresented	570
mnemonic	570
mons	570
moped	570
morphy	570
motherwell	570
mpo	570
mtbe	570
mundi	570
muschis	570
myeloid	570
nadh	570
nagel	570
napoleonic	570
naps	570
necessitate	570
negate	570
nem	570
neutralize	570
newham	570
newydd	570
nikkei	570
nodal	570
nodding	570
nonpartisan	570
northbrook	570
notional	570
nsaids	570
numeral	570
ocho	570
ocx	570
oeuvres	570
offsetting	570
oireachtas	570
olympiad	570
onl	570
onscreen	570
openacs	570
opiate	570
ork	570
orthodontics	570
oscillating	570
otabletest	570
otp	570
overpayment	570
overtake	570
pagemaker	570
palomar	570
paragliding	570
patenting	570
pba	570
pdq	570
pelle	570
percutaneous	570
personalise	570
philo	570
pinus	570
pixmaps	570
playwrights	570
pleural	570
plums	570
pontoon	570
populist	570
posey	570
posterity	570
prawns	570
precast	570
preliminaries	570
preside	570
prides	570
provincetown	570
puffs	570
pugs	570
pul	570
purest	570
quartets	570
ques	570
radiographic	570
radiologic	570
ragtime	570
rawls	570
rdbms	570
reciprocating	570
reconciling	570
refrigerate	570
regionals	570
reinhardt	570
religiously	570
renfrew	570
repealing	570
resonator	570
resorting	570
resourceful	570
resuming	570
revisiting	570
rhubarb	570
riedel	570
rmk	570
roa	570
roessler	570
rogues	570
roh	570
rto	570
rubicon	570
ruffled	570
rushville	570
sacrificial	570
sailboats	570
saitek	570
savor	570
sciencedirect	570
seaboard	570
sedu	570
semicolon	570
sentient	570
shatner	570
sheeting	570
silencing	570
silvery	570
sima	570
sited	570
slurp	570
smoothness	570
sneaking	570
snm	570
snooze	570
southerly	570
speechless	570
sprocket	570
strainer	570
streamed	570
stylists	570
subcellular	570
subordinates	570
substantiate	570
subtilis	570
surpluses	570
surry	570
sut	570
svetlana	570
symlink	570
synthesizers	570
tabby	570
tableau	570
tala	570
tasha	570
tbl	570
teardrop	570
telly	570
templar	570
tennyson	570
tesol	570
tfl	570
therm	570
thermos	570
thinkin	570
tidings	570
tien	570
tolstoy	570
tonawanda	570
torrington	570
toyo	570
traceable	570
trailed	570
transformational	570
transpose	570
tribus	570
trinket	570
tripled	570
tsm	570
tsu	570
tyra	570
unassisted	570
unbeaten	570
unearthed	570
unilever	570
univer	570
unmistakable	570
uploader	570
urth	570
vagabond	570
vaniqa	570
varietal	570
vasco	570
veritable	570
vernal	570
viscount	570
vivi	570
voicing	570
voila	570
voli	570
volunteerism	570
vulva	570
wanton	570
warlords	570
wart	570
webactive	570
westerners	570
westland	570
whitetail	570
wisenut	570
wishful	570
workflows	570
workwear	570
xie	570
xray	570
yim	570
zambian	570
zinfandel	570
accrediting	569
acdsee	569
aeroplane	569
aitken	569
ajc	569
aki	569
ald	569
aldridge	569
allegany	569
alvarado	569
amet	569
antisense	569
bachmann	569
baldness	569
balsamic	569
barstow	569
bathe	569
bellow	569
biohazard	569
birdhouse	569
bisexuals	569
bluefly	569
bnd	569
boardman	569
braden	569
britax	569
brunel	569
buble	569
buss	569
busses	569
cabinetry	569
calorimeter	569
cappella	569
carina	569
caswell	569
centralia	569
chapels	569
chatboard	569
chillicothe	569
chiron	569
classically	569
clerics	569
coals	569
coincided	569
concealment	569
conspiracies	569
contemporaneous	569
coronal	569
countered	569
coyle	569
cpas	569
credentialing	569
crests	569
crowding	569
cte	569
cutest	569
debussy	569
delicately	569
denham	569
departamento	569
desertification	569
dictyostelium	569
didactic	569
digitizing	569
dios	569
diwali	569
dmi	569
dmt	569
docomo	569
dropouts	569
dso	569
dulcimer	569
dumbledore	569
dymo	569
ehow	569
eire	569
encased	569
eschaton	569
etheridge	569
etudes	569
eventful	569
externalities	569
fatherhood	569
feasts	569
flickering	569
fon	569
foxconn	569
fpl	569
frauds	569
frc	569
freeform	569
fuelled	569
fws	569
galeries	569
galvin	569
gamecocks	569
gauthier	569
gazprom	569
geen	569
geller	569
geochemical	569
geourl	569
getname	569
gianfranco	569
girth	569
gisborne	569
gladiators	569
gpe	569
grafts	569
gurney	569
gush	569
hailey	569
hairspray	569
hawkeyes	569
heartily	569
hic	569
hillbilly	569
hillingdon	569
hiss	569
hlth	569
hoaxes	569
homophobia	569
hoon	569
horrifying	569
horsesex	569
idiopathic	569
ignited	569
imm	569
inadvertent	569
injuring	569
inlaid	569
instinctively	569
insures	569
intellicast	569
intifada	569
irritability	569
isoforms	569
jawa	569
jorgensen	569
kalman	569
kein	569
kingsport	569
kitsap	569
knowit	569
korner	569
krebs	569
layla	569
lcp	569
leonid	569
lifter	569
lileks	569
lillie	569
loafers	569
lobes	569
lobsters	569
lomb	569
lustrous	569
magnetization	569
mahatma	569
maxxum	569
metzger	569
mfs	569
mie	569
millers	569
minn	569
moderne	569
molto	569
moriarty	569
moustache	569
mpp	569
mubarak	569
multnomah	569
mussel	569
nagging	569
nbp	569
nce	569
necked	569
neko	569
neocon	569
notched	569
npl	569
obstruct	569
offerte	569
ogc	569
ogle	569
oic	569
optimizes	569
organically	569
ouest	569
outlawed	569
ozzie	569
parliamentarians	569
parque	569
patna	569
pavillion	569
peacekeepers	569
pelosi	569
pheromones	569
pippin	569
poppies	569
precipitated	569
printouts	569
producti	569
propylene	569
provocation	569
pula	569
pullout	569
qsl	569
quinton	569
raines	569
ramallah	569
rayleigh	569
rebekah	569
reeling	569
reflexes	569
reif	569
remus	569
rendell	569
rennes	569
reticulum	569
riemann	569
rimming	569
ringsurf	569
roald	569
rofl	569
roleplay	569
rootkit	569
rtx	569
rudi	569
saddened	569
sayin	569
sbi	569
scalloped	569
scarred	569
schmitz	569
schweitzer	569
scrooge	569
sealey	569
secession	569
serializable	569
seymore	569
shader	569
sive	569
slapping	569
slaying	569
solent	569
spearhead	569
squires	569
stallone	569
stapler	569
stiletto	569
stipulates	569
stoddard	569
suarez	569
succulent	569
sunnis	569
supercross	569
tahoma	569
tantric	569
tauranga	569
teacup	569
teksty	569
telewest	569
tempt	569
tew	569
thundering	569
tiene	569
titted	569
toffee	569
topanga	569
toques	569
towertalk	569
trai	569
transparently	569
trd	569
trudeau	569
uams	569
uddi	569
unbounded	569
uncompromising	569
underpin	569
undertaker	569
unidirectional	569
universite	569
unl	569
unruly	569
unsuccessfully	569
uptodate	569
urb	569
utes	569
vadim	569
videographer	569
vinny	569
volcom	569
vpi	569
vrouw	569
webindex	569
webroot	569
westbound	569
winches	569
winrar	569
woodhouse	569
woodson	569
wyman	569
wyse	569
yellowcard	569
yellowish	569
yip	569
yng	569
yolo	569
zsh	569
